#1 [internal] load local bake definitions
#1 reading from stdin 527B done
#1 DONE 0.0s

#2 [internal] load build definition from Dockerfile
#2 transferring dockerfile: 1.02kB 0.0s done
#2 DONE 0.0s

#3 [internal] load metadata for docker.io/library/php:8.5-apache
#3 ...

#4 [internal] load metadata for docker.io/library/composer:2
#4 DONE 1.6s

#3 [internal] load metadata for docker.io/library/php:8.5-apache
#3 DONE 1.6s

#5 [internal] load .dockerignore
#5 transferring context: 2B 0.0s done
#5 DONE 0.0s

#6 [stage-0 1/9] FROM docker.io/library/php:8.5-apache@sha256:0b69594dd09a95f41b262a4fc03acc03da5b1ceda01dd33876f5226e90e19750
#6 resolve docker.io/library/php:8.5-apache@sha256:0b69594dd09a95f41b262a4fc03acc03da5b1ceda01dd33876f5226e90e19750
#6 resolve docker.io/library/php:8.5-apache@sha256:0b69594dd09a95f41b262a4fc03acc03da5b1ceda01dd33876f5226e90e19750 0.1s done
#6 DONE 0.1s

#7 [stage-0 2/9] RUN apt-get update && apt-get install -y     git curl libpng-dev libonig-dev libxml2-dev libzip-dev     zip unzip libjpeg-dev libfreetype6-dev libicu-dev     && rm -rf /var/lib/apt/lists/*
#7 CACHED

#8 [stage-0 3/9] RUN docker-php-ext-configure gd --with-jpeg --with-freetype     && docker-php-ext-install pdo_mysql mbstring exif pcntl bcmath gd zip intl opcache
#8 ...

#9 FROM docker.io/library/composer:2@sha256:4d71c3c2109c61d5415544264b59ad4087e4c5b7244481723664138fd36d5040
#9 resolve docker.io/library/composer:2@sha256:4d71c3c2109c61d5415544264b59ad4087e4c5b7244481723664138fd36d5040 0.1s done
#9 CACHED

#8 [stage-0 3/9] RUN docker-php-ext-configure gd --with-jpeg --with-freetype     && docker-php-ext-install pdo_mysql mbstring exif pcntl bcmath gd zip intl opcache
#8 7.570 Configuring for:
#8 7.570 PHP Version:             8.5
#8 7.570 PHP Api Version:         20250925
#8 7.570 Zend Module Api No:      20250925
#8 7.570 Zend Extension Api No:   420250925
#8 9.420 checking for grep that handles long lines and -e... /usr/bin/grep
#8 9.427 checking for egrep... /usr/bin/grep -E
#8 9.432 checking for a sed that does not truncate output... /usr/bin/sed
#8 9.543 checking build system type... x86_64-pc-linux-gnu
#8 9.562 checking host system type... x86_64-pc-linux-gnu
#8 9.562 checking target system type... x86_64-pc-linux-gnu
#8 9.665 shtool:echo:Warning: unable to determine terminal sequence for bold mode
#8 9.828 shtool:echo:Warning: unable to determine terminal sequence for bold mode
#8 9.877 checking for gawk... no
#8 9.877 checking for nawk... nawk
#8 9.877 checking if nawk is broken... no
#8 9.898 checking for pkg-config... /usr/bin/pkg-config
#8 9.898 checking pkg-config is at least version 0.9.0... yes
#8 9.898 checking for cc... cc
#8 9.986 checking whether the C compiler works... yes
#8 10.11 checking for C compiler default output file name... a.out
#8 10.11 checking for suffix of executables... 
#8 10.22 checking whether we are cross compiling... no
#8 10.35 checking for suffix of object files... o
#8 10.42 checking whether the compiler supports GNU C... yes
#8 10.47 checking whether cc accepts -g... yes
#8 10.53 checking for cc option to enable C11 features... none needed
#8 10.64 checking how to run the C preprocessor... cc -E
#8 10.78 checking for egrep -e... (cached) /usr/bin/grep -E
#8 10.78 checking for icc... no
#8 10.81 checking for suncc... no
#8 10.84 checking for system library directory... lib
#8 10.85 checking if compiler supports -Wl,-rpath,... yes
#8 11.00 checking for PHP prefix... /usr/local
#8 11.00 checking for PHP includes... -I/usr/local/include/php -I/usr/local/include/php/main -I/usr/local/include/php/TSRM -I/usr/local/include/php/Zend -I/usr/local/include/php/ext -I/usr/local/include/php/ext/date/lib
#8 11.00 checking for PHP extension directory... /usr/local/lib/php/extensions/no-debug-non-zts-20250925
#8 11.00 checking for PHP installed headers prefix... /usr/local/include/php
#8 11.00 checking if debugging is enabled... no
#8 11.05 checking if PHP is built with thread safety (ZTS)... no
#8 11.09 
#8 11.09 Configuring extension
#8 11.09 checking for GD support... yes, shared
#8 11.09 checking for external libgd... no
#8 11.09 checking for libavif... no
#8 11.09 checking for libwebp... no
#8 11.09 checking for libjpeg... yes
#8 11.09 checking for libXpm... no
#8 11.09 checking for FreeType 2... yes
#8 11.09 checking whether to enable JIS-mapped Japanese font support in GD... no
#8 11.10 checking for zlib >= 1.2.11... yes
#8 11.12 checking for libpng... yes
#8 11.17 checking for libjpeg... yes
#8 11.19 checking for freetype2... yes
#8 11.41 checking whether build works... yes
#8 11.51 
#8 11.51 Configuring libtool
#8 11.51 checking for a sed that does not truncate output... /usr/bin/sed
#8 11.52 checking for ld used by cc... /usr/bin/ld
#8 11.54 checking if the linker (/usr/bin/ld) is GNU ld... yes
#8 11.57 checking for /usr/bin/ld option to reload object files... -r
#8 11.57 checking for BSD-compatible nm... /usr/bin/nm -B
#8 11.58 checking whether ln -s works... yes
#8 11.58 checking how to recognize dependent libraries... pass_all
#8 11.65 checking for stdio.h... yes
#8 11.71 checking for stdlib.h... yes
#8 11.78 checking for string.h... yes
#8 11.85 checking for inttypes.h... yes
#8 11.92 checking for stdint.h... yes
#8 11.99 checking for strings.h... yes
#8 12.06 checking for sys/stat.h... yes
#8 12.12 checking for sys/types.h... yes
#8 12.18 checking for unistd.h... yes
#8 12.25 checking for dlfcn.h... yes
#8 12.31 checking the maximum length of command line arguments... 1572864
#8 12.33 checking command to parse /usr/bin/nm -B output from cc object... ok
#8 12.50 checking for objdir... .libs
#8 12.51 checking for ar... ar
#8 12.51 checking for ranlib... ranlib
#8 12.51 checking for strip... strip
#8 12.64 checking if cc supports -fno-rtti -fno-exceptions... no
#8 12.69 checking for cc option to produce PIC... -fPIC
#8 12.70 checking if cc PIC flag -fPIC works... yes
#8 12.75 checking if cc static flag -static works... yes
#8 12.92 checking if cc supports -c -o file.o... yes
#8 12.99 checking whether the cc linker (/usr/bin/ld -m elf_x86_64) supports shared libraries... yes
#8 13.03 checking whether -lc should be explicitly linked in... no
#8 13.12 checking dynamic linker characteristics... GNU/Linux ld.so
#8 13.18 checking how to hardcode library paths into programs... immediate
#8 13.18 checking whether stripping libraries is possible... yes
#8 13.19 checking if libtool supports shared libraries... yes
#8 13.19 checking whether to build shared libraries... yes
#8 13.19 checking whether to build static libraries... no
#8 13.75 
#8 13.75 creating libtool
#8 13.81 appending configuration tag "CXX" to libtool
#8 13.83 
#8 13.83 Generating files
#8 13.91 configure: creating build directories
#8 13.98 configure: creating Makefile
#8 13.99 configure: patching config.h.in
#8 14.01 configure: creating ./config.status
#8 14.17 config.status: creating config.h
#8 14.34 Configuring for:
#8 14.34 PHP Version:             8.5
#8 14.34 PHP Api Version:         20250925
#8 14.34 Zend Module Api No:      20250925
#8 14.34 Zend Extension Api No:   420250925
#8 15.94 checking for grep that handles long lines and -e... /usr/bin/grep
#8 15.94 checking for egrep... /usr/bin/grep -E
#8 15.95 checking for a sed that does not truncate output... /usr/bin/sed
#8 16.04 checking build system type... x86_64-pc-linux-gnu
#8 16.06 checking host system type... x86_64-pc-linux-gnu
#8 16.06 checking target system type... x86_64-pc-linux-gnu
#8 16.16 shtool:echo:Warning: unable to determine terminal sequence for bold mode
#8 16.29 shtool:echo:Warning: unable to determine terminal sequence for bold mode
#8 16.33 checking for gawk... no
#8 16.33 checking for nawk... nawk
#8 16.33 checking if nawk is broken... no
#8 16.33 checking for pkg-config... /usr/bin/pkg-config
#8 16.34 checking pkg-config is at least version 0.9.0... yes
#8 16.34 checking for cc... cc
#8 16.42 checking whether the C compiler works... yes
#8 16.51 checking for C compiler default output file name... a.out
#8 16.51 checking for suffix of executables... 
#8 16.60 checking whether we are cross compiling... no
#8 16.71 checking for suffix of object files... o
#8 16.76 checking whether the compiler supports GNU C... yes
#8 16.81 checking whether cc accepts -g... yes
#8 16.87 checking for cc option to enable C11 features... none needed
#8 16.99 checking how to run the C preprocessor... cc -E
#8 17.18 checking for egrep -e... (cached) /usr/bin/grep -E
#8 17.18 checking for icc... no
#8 17.21 checking for suncc... no
#8 17.25 checking for system library directory... lib
#8 17.25 checking if compiler supports -Wl,-rpath,... yes
#8 17.45 checking for PHP prefix... /usr/local
#8 17.45 checking for PHP includes... -I/usr/local/include/php -I/usr/local/include/php/main -I/usr/local/include/php/TSRM -I/usr/local/include/php/Zend -I/usr/local/include/php/ext -I/usr/local/include/php/ext/date/lib
#8 17.45 checking for PHP extension directory... /usr/local/lib/php/extensions/no-debug-non-zts-20250925
#8 17.45 checking for PHP installed headers prefix... /usr/local/include/php
#8 17.45 checking if debugging is enabled... no
#8 17.52 checking if PHP is built with thread safety (ZTS)... no
#8 17.57 
#8 17.57 Configuring extension
#8 17.57 checking for MySQL support for PDO... yes, shared
#8 17.57 checking for MySQL Unix socket location... 
#8 17.57 checking for PDO includes... /usr/local/include/php/ext
#8 17.60 
#8 17.60 Configuring libtool
#8 17.60 checking for a sed that does not truncate output... /usr/bin/sed
#8 17.61 checking for ld used by cc... /usr/bin/ld
#8 17.62 checking if the linker (/usr/bin/ld) is GNU ld... yes
#8 17.63 checking for /usr/bin/ld option to reload object files... -r
#8 17.63 checking for BSD-compatible nm... /usr/bin/nm -B
#8 17.64 checking whether ln -s works... yes
#8 17.64 checking how to recognize dependent libraries... pass_all
#8 17.68 checking for stdio.h... yes
#8 17.73 checking for stdlib.h... yes
#8 17.79 checking for string.h... yes
#8 17.85 checking for inttypes.h... yes
#8 17.92 checking for stdint.h... yes
#8 17.97 checking for strings.h... yes
#8 18.03 checking for sys/stat.h... yes
#8 18.09 checking for sys/types.h... yes
#8 18.15 checking for unistd.h... yes
#8 18.21 checking for dlfcn.h... yes
#8 18.27 checking the maximum length of command line arguments... 1572864
#8 18.28 checking command to parse /usr/bin/nm -B output from cc object... ok
#8 18.49 checking for objdir... .libs
#8 18.51 checking for ar... ar
#8 18.51 checking for ranlib... ranlib
#8 18.51 checking for strip... strip
#8 18.68 checking if cc supports -fno-rtti -fno-exceptions... no
#8 18.74 checking for cc option to produce PIC... -fPIC
#8 18.75 checking if cc PIC flag -fPIC works... yes
#8 18.81 checking if cc static flag -static works... yes
#8 19.00 checking if cc supports -c -o file.o... yes
#8 19.09 checking whether the cc linker (/usr/bin/ld -m elf_x86_64) supports shared libraries... yes
#8 19.13 checking whether -lc should be explicitly linked in... no
#8 19.21 checking dynamic linker characteristics... GNU/Linux ld.so
#8 19.25 checking how to hardcode library paths into programs... immediate
#8 19.25 checking whether stripping libraries is possible... yes
#8 19.26 checking if libtool supports shared libraries... yes
#8 19.26 checking whether to build shared libraries... yes
#8 19.26 checking whether to build static libraries... no
#8 19.72 
#8 19.72 creating libtool
#8 19.77 appending configuration tag "CXX" to libtool
#8 19.78 
#8 19.78 Generating files
#8 19.83 configure: creating build directories
#8 19.91 configure: creating Makefile
#8 19.92 configure: patching config.h.in
#8 19.94 configure: creating ./config.status
#8 20.11 config.status: creating config.h
#8 20.21 /bin/bash /usr/src/php/ext/pdo_mysql/libtool --tag=CC --mode=compile cc -I. -I/usr/src/php/ext/pdo_mysql -I/usr/local/include/php -I/usr/local/include/php/main -I/usr/local/include/php/TSRM -I/usr/local/include/php/Zend -I/usr/local/include/php/ext -I/usr/local/include/php/ext/date/lib  -fstack-protector-strong -fpic -fpie -O2 -D_LARGEFILE_SOURCE -D_FILE_OFFSET_BITS=64 -DHAVE_CONFIG_H  -fstack-protector-strong -fpic -fpie -O2 -D_LARGEFILE_SOURCE -D_FILE_OFFSET_BITS=64 -D_GNU_SOURCE   -DZEND_ENABLE_STATIC_TSRMLS_CACHE=1 -DZEND_COMPILE_DL_EXT=1 -c /usr/src/php/ext/pdo_mysql/pdo_mysql.c -o pdo_mysql.lo  -MMD -MF pdo_mysql.dep -MT pdo_mysql.lo
#8 20.51 mkdir .libs
#8 20.52  cc -I. -I/usr/src/php/ext/pdo_mysql -I/usr/local/include/php -I/usr/local/include/php/main -I/usr/local/include/php/TSRM -I/usr/local/include/php/Zend -I/usr/local/include/php/ext -I/usr/local/include/php/ext/date/lib -fstack-protector-strong -fpic -fpie -O2 -D_LARGEFILE_SOURCE -D_FILE_OFFSET_BITS=64 -DHAVE_CONFIG_H -fstack-protector-strong -fpic -fpie -O2 -D_LARGEFILE_SOURCE -D_FILE_OFFSET_BITS=64 -D_GNU_SOURCE -DZEND_ENABLE_STATIC_TSRMLS_CACHE=1 -DZEND_COMPILE_DL_EXT=1 -c /usr/src/php/ext/pdo_mysql/pdo_mysql.c -MMD -MF pdo_mysql.dep -MT pdo_mysql.lo  -fPIC -DPIC -o .libs/pdo_mysql.o
#8 21.12 /bin/bash /usr/src/php/ext/pdo_mysql/libtool --tag=CC --mode=compile cc -I. -I/usr/src/php/ext/pdo_mysql -I/usr/local/include/php -I/usr/local/include/php/main -I/usr/local/include/php/TSRM -I/usr/local/include/php/Zend -I/usr/local/include/php/ext -I/usr/local/include/php/ext/date/lib  -fstack-protector-strong -fpic -fpie -O2 -D_LARGEFILE_SOURCE -D_FILE_OFFSET_BITS=64 -DHAVE_CONFIG_H  -fstack-protector-strong -fpic -fpie -O2 -D_LARGEFILE_SOURCE -D_FILE_OFFSET_BITS=64 -D_GNU_SOURCE   -DZEND_ENABLE_STATIC_TSRMLS_CACHE=1 -DZEND_COMPILE_DL_EXT=1 -c /usr/src/php/ext/pdo_mysql/mysql_driver.c -o mysql_driver.lo  -MMD -MF mysql_driver.dep -MT mysql_driver.lo
#8 21.45  cc -I. -I/usr/src/php/ext/pdo_mysql -I/usr/local/include/php -I/usr/local/include/php/main -I/usr/local/include/php/TSRM -I/usr/local/include/php/Zend -I/usr/local/include/php/ext -I/usr/local/include/php/ext/date/lib -fstack-protector-strong -fpic -fpie -O2 -D_LARGEFILE_SOURCE -D_FILE_OFFSET_BITS=64 -DHAVE_CONFIG_H -fstack-protector-strong -fpic -fpie -O2 -D_LARGEFILE_SOURCE -D_FILE_OFFSET_BITS=64 -D_GNU_SOURCE -DZEND_ENABLE_STATIC_TSRMLS_CACHE=1 -DZEND_COMPILE_DL_EXT=1 -c /usr/src/php/ext/pdo_mysql/mysql_driver.c -MMD -MF mysql_driver.dep -MT mysql_driver.lo  -fPIC -DPIC -o .libs/mysql_driver.o
#8 22.21 /bin/bash /usr/src/php/ext/pdo_mysql/libtool --tag=CC --mode=compile cc -I. -I/usr/src/php/ext/pdo_mysql -I/usr/local/include/php -I/usr/local/include/php/main -I/usr/local/include/php/TSRM -I/usr/local/include/php/Zend -I/usr/local/include/php/ext -I/usr/local/include/php/ext/date/lib  -fstack-protector-strong -fpic -fpie -O2 -D_LARGEFILE_SOURCE -D_FILE_OFFSET_BITS=64 -DHAVE_CONFIG_H  -fstack-protector-strong -fpic -fpie -O2 -D_LARGEFILE_SOURCE -D_FILE_OFFSET_BITS=64 -D_GNU_SOURCE   -DZEND_ENABLE_STATIC_TSRMLS_CACHE=1 -DZEND_COMPILE_DL_EXT=1 -c /usr/src/php/ext/pdo_mysql/mysql_statement.c -o mysql_statement.lo  -MMD -MF mysql_statement.dep -MT mysql_statement.lo
#8 22.54  cc -I. -I/usr/src/php/ext/pdo_mysql -I/usr/local/include/php -I/usr/local/include/php/main -I/usr/local/include/php/TSRM -I/usr/local/include/php/Zend -I/usr/local/include/php/ext -I/usr/local/include/php/ext/date/lib -fstack-protector-strong -fpic -fpie -O2 -D_LARGEFILE_SOURCE -D_FILE_OFFSET_BITS=64 -DHAVE_CONFIG_H -fstack-protector-strong -fpic -fpie -O2 -D_LARGEFILE_SOURCE -D_FILE_OFFSET_BITS=64 -D_GNU_SOURCE -DZEND_ENABLE_STATIC_TSRMLS_CACHE=1 -DZEND_COMPILE_DL_EXT=1 -c /usr/src/php/ext/pdo_mysql/mysql_statement.c -MMD -MF mysql_statement.dep -MT mysql_statement.lo  -fPIC -DPIC -o .libs/mysql_statement.o
#8 23.09 /bin/bash /usr/src/php/ext/pdo_mysql/libtool --tag=CC --mode=compile cc -I. -I/usr/src/php/ext/pdo_mysql -I/usr/local/include/php -I/usr/local/include/php/main -I/usr/local/include/php/TSRM -I/usr/local/include/php/Zend -I/usr/local/include/php/ext -I/usr/local/include/php/ext/date/lib  -fstack-protector-strong -fpic -fpie -O2 -D_LARGEFILE_SOURCE -D_FILE_OFFSET_BITS=64 -DHAVE_CONFIG_H  -fstack-protector-strong -fpic -fpie -O2 -D_LARGEFILE_SOURCE -D_FILE_OFFSET_BITS=64 -D_GNU_SOURCE   -DZEND_ENABLE_STATIC_TSRMLS_CACHE=1 -DZEND_COMPILE_DL_EXT=1 -c /usr/src/php/ext/pdo_mysql/mysql_sql_parser.c -o mysql_sql_parser.lo  -MMD -MF mysql_sql_parser.dep -MT mysql_sql_parser.lo
#8 23.42  cc -I. -I/usr/src/php/ext/pdo_mysql -I/usr/local/include/php -I/usr/local/include/php/main -I/usr/local/include/php/TSRM -I/usr/local/include/php/Zend -I/usr/local/include/php/ext -I/usr/local/include/php/ext/date/lib -fstack-protector-strong -fpic -fpie -O2 -D_LARGEFILE_SOURCE -D_FILE_OFFSET_BITS=64 -DHAVE_CONFIG_H -fstack-protector-strong -fpic -fpie -O2 -D_LARGEFILE_SOURCE -D_FILE_OFFSET_BITS=64 -D_GNU_SOURCE -DZEND_ENABLE_STATIC_TSRMLS_CACHE=1 -DZEND_COMPILE_DL_EXT=1 -c /usr/src/php/ext/pdo_mysql/mysql_sql_parser.c -MMD -MF mysql_sql_parser.dep -MT mysql_sql_parser.lo  -fPIC -DPIC -o .libs/mysql_sql_parser.o
#8 24.19 /bin/bash /usr/src/php/ext/pdo_mysql/libtool --tag=CC --mode=link cc -shared -I/usr/local/include/php -I/usr/local/include/php/main -I/usr/local/include/php/TSRM -I/usr/local/include/php/Zend -I/usr/local/include/php/ext -I/usr/local/include/php/ext/date/lib  -fstack-protector-strong -fpic -fpie -O2 -D_LARGEFILE_SOURCE -D_FILE_OFFSET_BITS=64 -DHAVE_CONFIG_H  -fstack-protector-strong -fpic -fpie -O2 -D_LARGEFILE_SOURCE -D_FILE_OFFSET_BITS=64 -D_GNU_SOURCE  -Wl,-O1 -pie  -o pdo_mysql.la -export-dynamic -avoid-version -prefer-pic -module -rpath /usr/src/php/ext/pdo_mysql/modules  pdo_mysql.lo mysql_driver.lo mysql_statement.lo mysql_sql_parser.lo 
#8 24.57 cc -shared  .libs/pdo_mysql.o .libs/mysql_driver.o .libs/mysql_statement.o .libs/mysql_sql_parser.o   -Wl,-O1 -Wl,-soname -Wl,pdo_mysql.so -o .libs/pdo_mysql.so
#8 24.63 creating pdo_mysql.la
#8 24.65 (cd .libs && rm -f pdo_mysql.la && ln -s ../pdo_mysql.la pdo_mysql.la)
#8 24.66 /bin/bash /usr/src/php/ext/pdo_mysql/libtool --tag=CC --mode=install cp ./pdo_mysql.la /usr/src/php/ext/pdo_mysql/modules
#8 24.76 cp ./.libs/pdo_mysql.so /usr/src/php/ext/pdo_mysql/modules/pdo_mysql.so
#8 24.78 cp ./.libs/pdo_mysql.lai /usr/src/php/ext/pdo_mysql/modules/pdo_mysql.la
#8 24.83 PATH="$PATH:/sbin" ldconfig -n /usr/src/php/ext/pdo_mysql/modules
#8 24.84 ----------------------------------------------------------------------
#8 24.84 Libraries have been installed in:
#8 24.84    /usr/src/php/ext/pdo_mysql/modules
#8 24.84 
#8 24.84 If you ever happen to want to link against installed libraries
#8 24.84 in a given directory, LIBDIR, you must either use libtool, and
#8 24.84 specify the full pathname of the library, or use the `-LLIBDIR'
#8 24.84 flag during linking and do at least one of the following:
#8 24.84    - add LIBDIR to the `LD_LIBRARY_PATH' environment variable
#8 24.84      during execution
#8 24.84    - add LIBDIR to the `LD_RUN_PATH' environment variable
#8 24.84      during linking
#8 24.84    - use the `-Wl,--rpath -Wl,LIBDIR' linker flag
#8 24.84    - have your system administrator add LIBDIR to `/etc/ld.so.conf'
#8 24.84 
#8 24.84 See any operating system documentation about shared libraries for
#8 24.84 more information, such as the ld(1) and ld.so(8) manual pages.
#8 24.85 ----------------------------------------------------------------------
#8 24.85 
#8 24.86 Build complete.
#8 24.86 Don't forget to run 'make test'.
#8 24.87 
#8 24.93 + strip --strip-all modules/pdo_mysql.so
#8 25.04 Installing shared extensions:     /usr/local/lib/php/extensions/no-debug-non-zts-20250925/
#8 25.40 find . -name \*.gcno -o -name \*.gcda | xargs rm -f
#8 25.42 find . -name \*.lo -o -name \*.o -o -name \*.dep | xargs rm -f
#8 25.44 find . -name \*.la -o -name \*.a | xargs rm -f
#8 25.48 find . -name \*.so | xargs rm -f
#8 25.51 find . -name .libs -a -type d|xargs rm -rf
#8 25.52 rm -f libphp.la        modules/* libs/*
#8 25.54 rm -f ext/opcache/jit/ir/gen_ir_fold_hash
#8 25.55 rm -f ext/opcache/jit/ir/minilua
#8 25.56 rm -f ext/opcache/jit/ir/ir_fold_hash.h
#8 25.56 rm -f ext/opcache/jit/ir/ir_emit_x86.h
#8 25.58 rm -f ext/opcache/jit/ir/ir_emit_aarch64.h
#8 25.71 Configuring for:
#8 25.71 PHP Version:             8.5
#8 25.71 PHP Api Version:         20250925
#8 25.71 Zend Module Api No:      20250925
#8 25.71 Zend Extension Api No:   420250925
#8 27.37 checking for grep that handles long lines and -e... /usr/bin/grep
#8 27.38 checking for egrep... /usr/bin/grep -E
#8 27.38 checking for a sed that does not truncate output... /usr/bin/sed
#8 27.48 checking build system type... x86_64-pc-linux-gnu
#8 27.49 checking host system type... x86_64-pc-linux-gnu
#8 27.49 checking target system type... x86_64-pc-linux-gnu
#8 27.60 shtool:echo:Warning: unable to determine terminal sequence for bold mode
#8 27.76 shtool:echo:Warning: unable to determine terminal sequence for bold mode
#8 27.81 checking for gawk... no
#8 27.81 checking for nawk... nawk
#8 27.81 checking if nawk is broken... no
#8 27.82 checking for pkg-config... /usr/bin/pkg-config
#8 27.82 checking pkg-config is at least version 0.9.0... yes
#8 27.83 checking for cc... cc
#8 27.92 checking whether the C compiler works... yes
#8 28.03 checking for C compiler default output file name... a.out
#8 28.04 checking for suffix of executables... 
#8 28.16 checking whether we are cross compiling... no
#8 28.31 checking for suffix of object files... o
#8 28.37 checking whether the compiler supports GNU C... yes
#8 28.43 checking whether cc accepts -g... yes
#8 28.49 checking for cc option to enable C11 features... none needed
#8 28.59 checking how to run the C preprocessor... cc -E
#8 28.74 checking for egrep -e... (cached) /usr/bin/grep -E
#8 28.74 checking for icc... no
#8 28.77 checking for suncc... no
#8 28.80 checking for system library directory... lib
#8 28.80 checking if compiler supports -Wl,-rpath,... yes
#8 28.95 checking for PHP prefix... /usr/local
#8 28.95 checking for PHP includes... -I/usr/local/include/php -I/usr/local/include/php/main -I/usr/local/include/php/TSRM -I/usr/local/include/php/Zend -I/usr/local/include/php/ext -I/usr/local/include/php/ext/date/lib
#8 28.95 checking for PHP extension directory... /usr/local/lib/php/extensions/no-debug-non-zts-20250925
#8 28.95 checking for PHP installed headers prefix... /usr/local/include/php
#8 28.95 checking if debugging is enabled... no
#8 28.99 checking if PHP is built with thread safety (ZTS)... no
#8 29.03 
#8 29.03 Configuring extension
#8 29.03 checking whether to enable multibyte string support... yes, shared
#8 29.03 checking whether to enable multibyte regex support (requires oniguruma)... yes
#8 29.03 checking for oniguruma... yes
#8 29.05 checking if oniguruma has an invalid entry for KOI8 encoding... yes
#8 29.81 
#8 29.81 Configuring libtool
#8 29.81 checking for a sed that does not truncate output... /usr/bin/sed
#8 29.82 checking for ld used by cc... /usr/bin/ld
#8 29.84 checking if the linker (/usr/bin/ld) is GNU ld... yes
#8 29.85 checking for /usr/bin/ld option to reload object files... -r
#8 29.85 checking for BSD-compatible nm... /usr/bin/nm -B
#8 29.86 checking whether ln -s works... yes
#8 29.86 checking how to recognize dependent libraries... pass_all
#8 29.92 checking for stdio.h... yes
#8 29.98 checking for stdlib.h... yes
#8 30.06 checking for string.h... yes
#8 30.13 checking for inttypes.h... yes
#8 30.22 checking for stdint.h... yes
#8 30.33 checking for strings.h... yes
#8 30.42 checking for sys/stat.h... yes
#8 30.58 checking for sys/types.h... yes
#8 30.79 checking for unistd.h... yes
#8 30.90 checking for dlfcn.h... yes
#8 31.02 checking the maximum length of command line arguments... 1572864
#8 31.04 checking command to parse /usr/bin/nm -B output from cc object... ok
#8 31.24 checking for objdir... .libs
#8 31.25 checking for ar... ar
#8 31.25 checking for ranlib... ranlib
#8 31.26 checking for strip... strip
#8 31.39 checking if cc supports -fno-rtti -fno-exceptions... no
#8 31.45 checking for cc option to produce PIC... -fPIC
#8 31.45 checking if cc PIC flag -fPIC works... yes
#8 31.51 checking if cc static flag -static works... yes
#8 31.70 checking if cc supports -c -o file.o... yes
#8 31.80 checking whether the cc linker (/usr/bin/ld -m elf_x86_64) supports shared libraries... yes
#8 31.85 checking whether -lc should be explicitly linked in... no
#8 31.93 checking dynamic linker characteristics... GNU/Linux ld.so
#8 31.98 checking how to hardcode library paths into programs... immediate
#8 31.99 checking whether stripping libraries is possible... yes
#8 32.00 checking if libtool supports shared libraries... yes
#8 32.00 checking whether to build shared libraries... yes
#8 32.00 checking whether to build static libraries... no
#8 32.59 
#8 32.59 creating libtool
#8 32.64 appending configuration tag "CXX" to libtool
#8 32.66 
#8 32.66 Generating files
#8 32.72 configure: creating build directories
#8 32.79 configure: creating Makefile
#8 32.80 configure: patching config.h.in
#8 32.82 configure: creating ./config.status
#8 32.97 config.status: creating config.h
#8 33.08 /bin/bash /usr/src/php/ext/mbstring/libtool --tag=CC --mode=compile cc -I. -I/usr/src/php/ext/mbstring -I/usr/local/include/php -I/usr/local/include/php/main -I/usr/local/include/php/TSRM -I/usr/local/include/php/Zend -I/usr/local/include/php/ext -I/usr/local/include/php/ext/date/lib -I/usr/src/php/ext/mbstring/libmbfl -I/usr/src/php/ext/mbstring/libmbfl/mbfl  -fstack-protector-strong -fpic -fpie -O2 -D_LARGEFILE_SOURCE -D_FILE_OFFSET_BITS=64 -DHAVE_CONFIG_H  -fstack-protector-strong -fpic -fpie -O2 -D_LARGEFILE_SOURCE -D_FILE_OFFSET_BITS=64 -D_GNU_SOURCE    -DONIG_ESCAPE_UCHAR_COLLISION=1 -DUChar=OnigUChar -DZEND_ENABLE_STATIC_TSRMLS_CACHE=1 -DZEND_COMPILE_DL_EXT=1 -c /usr/src/php/ext/mbstring/mbstring.c -o mbstring.lo  -MMD -MF mbstring.dep -MT mbstring.lo
#8 33.40 mkdir .libs
#8 33.41  cc -I. -I/usr/src/php/ext/mbstring -I/usr/local/include/php -I/usr/local/include/php/main -I/usr/local/include/php/TSRM -I/usr/local/include/php/Zend -I/usr/local/include/php/ext -I/usr/local/include/php/ext/date/lib -I/usr/src/php/ext/mbstring/libmbfl -I/usr/src/php/ext/mbstring/libmbfl/mbfl -fstack-protector-strong -fpic -fpie -O2 -D_LARGEFILE_SOURCE -D_FILE_OFFSET_BITS=64 -DHAVE_CONFIG_H -fstack-protector-strong -fpic -fpie -O2 -D_LARGEFILE_SOURCE -D_FILE_OFFSET_BITS=64 -D_GNU_SOURCE -DONIG_ESCAPE_UCHAR_COLLISION=1 -DUChar=OnigUChar -DZEND_ENABLE_STATIC_TSRMLS_CACHE=1 -DZEND_COMPILE_DL_EXT=1 -c /usr/src/php/ext/mbstring/mbstring.c -MMD -MF mbstring.dep -MT mbstring.lo  -fPIC -DPIC -o .libs/mbstring.o
#8 39.71 /bin/bash /usr/src/php/ext/mbstring/libtool --tag=CC --mode=compile cc -I. -I/usr/src/php/ext/mbstring -I/usr/local/include/php -I/usr/local/include/php/main -I/usr/local/include/php/TSRM -I/usr/local/include/php/Zend -I/usr/local/include/php/ext -I/usr/local/include/php/ext/date/lib -I/usr/src/php/ext/mbstring/libmbfl -I/usr/src/php/ext/mbstring/libmbfl/mbfl  -fstack-protector-strong -fpic -fpie -O2 -D_LARGEFILE_SOURCE -D_FILE_OFFSET_BITS=64 -DHAVE_CONFIG_H  -fstack-protector-strong -fpic -fpie -O2 -D_LARGEFILE_SOURCE -D_FILE_OFFSET_BITS=64 -D_GNU_SOURCE    -DONIG_ESCAPE_UCHAR_COLLISION=1 -DUChar=OnigUChar -DZEND_ENABLE_STATIC_TSRMLS_CACHE=1 -DZEND_COMPILE_DL_EXT=1 -c /usr/src/php/ext/mbstring/php_unicode.c -o php_unicode.lo  -MMD -MF php_unicode.dep -MT php_unicode.lo
#8 40.08  cc -I. -I/usr/src/php/ext/mbstring -I/usr/local/include/php -I/usr/local/include/php/main -I/usr/local/include/php/TSRM -I/usr/local/include/php/Zend -I/usr/local/include/php/ext -I/usr/local/include/php/ext/date/lib -I/usr/src/php/ext/mbstring/libmbfl -I/usr/src/php/ext/mbstring/libmbfl/mbfl -fstack-protector-strong -fpic -fpie -O2 -D_LARGEFILE_SOURCE -D_FILE_OFFSET_BITS=64 -DHAVE_CONFIG_H -fstack-protector-strong -fpic -fpie -O2 -D_LARGEFILE_SOURCE -D_FILE_OFFSET_BITS=64 -D_GNU_SOURCE -DONIG_ESCAPE_UCHAR_COLLISION=1 -DUChar=OnigUChar -DZEND_ENABLE_STATIC_TSRMLS_CACHE=1 -DZEND_COMPILE_DL_EXT=1 -c /usr/src/php/ext/mbstring/php_unicode.c -MMD -MF php_unicode.dep -MT php_unicode.lo  -fPIC -DPIC -o .libs/php_unicode.o
#8 40.82 /bin/bash /usr/src/php/ext/mbstring/libtool --tag=CC --mode=compile cc -I. -I/usr/src/php/ext/mbstring -I/usr/local/include/php -I/usr/local/include/php/main -I/usr/local/include/php/TSRM -I/usr/local/include/php/Zend -I/usr/local/include/php/ext -I/usr/local/include/php/ext/date/lib -I/usr/src/php/ext/mbstring/libmbfl -I/usr/src/php/ext/mbstring/libmbfl/mbfl  -fstack-protector-strong -fpic -fpie -O2 -D_LARGEFILE_SOURCE -D_FILE_OFFSET_BITS=64 -DHAVE_CONFIG_H  -fstack-protector-strong -fpic -fpie -O2 -D_LARGEFILE_SOURCE -D_FILE_OFFSET_BITS=64 -D_GNU_SOURCE    -DONIG_ESCAPE_UCHAR_COLLISION=1 -DUChar=OnigUChar -DZEND_ENABLE_STATIC_TSRMLS_CACHE=1 -DZEND_COMPILE_DL_EXT=1 -c /usr/src/php/ext/mbstring/mb_gpc.c -o mb_gpc.lo  -MMD -MF mb_gpc.dep -MT mb_gpc.lo
#8 41.16  cc -I. -I/usr/src/php/ext/mbstring -I/usr/local/include/php -I/usr/local/include/php/main -I/usr/local/include/php/TSRM -I/usr/local/include/php/Zend -I/usr/local/include/php/ext -I/usr/local/include/php/ext/date/lib -I/usr/src/php/ext/mbstring/libmbfl -I/usr/src/php/ext/mbstring/libmbfl/mbfl -fstack-protector-strong -fpic -fpie -O2 -D_LARGEFILE_SOURCE -D_FILE_OFFSET_BITS=64 -DHAVE_CONFIG_H -fstack-protector-strong -fpic -fpie -O2 -D_LARGEFILE_SOURCE -D_FILE_OFFSET_BITS=64 -D_GNU_SOURCE -DONIG_ESCAPE_UCHAR_COLLISION=1 -DUChar=OnigUChar -DZEND_ENABLE_STATIC_TSRMLS_CACHE=1 -DZEND_COMPILE_DL_EXT=1 -c /usr/src/php/ext/mbstring/mb_gpc.c -MMD -MF mb_gpc.dep -MT mb_gpc.lo  -fPIC -DPIC -o .libs/mb_gpc.o
#8 41.59 /bin/bash /usr/src/php/ext/mbstring/libtool --tag=CC --mode=compile cc -I. -I/usr/src/php/ext/mbstring -I/usr/local/include/php -I/usr/local/include/php/main -I/usr/local/include/php/TSRM -I/usr/local/include/php/Zend -I/usr/local/include/php/ext -I/usr/local/include/php/ext/date/lib -I/usr/src/php/ext/mbstring/libmbfl -I/usr/src/php/ext/mbstring/libmbfl/mbfl  -fstack-protector-strong -fpic -fpie -O2 -D_LARGEFILE_SOURCE -D_FILE_OFFSET_BITS=64 -DHAVE_CONFIG_H  -fstack-protector-strong -fpic -fpie -O2 -D_LARGEFILE_SOURCE -D_FILE_OFFSET_BITS=64 -D_GNU_SOURCE    -DONIG_ESCAPE_UCHAR_COLLISION=1 -DUChar=OnigUChar -DZEND_ENABLE_STATIC_TSRMLS_CACHE=1 -DZEND_COMPILE_DL_EXT=1 -c /usr/src/php/ext/mbstring/php_mbregex.c -o php_mbregex.lo  -MMD -MF php_mbregex.dep -MT php_mbregex.lo
#8 41.95  cc -I. -I/usr/src/php/ext/mbstring -I/usr/local/include/php -I/usr/local/include/php/main -I/usr/local/include/php/TSRM -I/usr/local/include/php/Zend -I/usr/local/include/php/ext -I/usr/local/include/php/ext/date/lib -I/usr/src/php/ext/mbstring/libmbfl -I/usr/src/php/ext/mbstring/libmbfl/mbfl -fstack-protector-strong -fpic -fpie -O2 -D_LARGEFILE_SOURCE -D_FILE_OFFSET_BITS=64 -DHAVE_CONFIG_H -fstack-protector-strong -fpic -fpie -O2 -D_LARGEFILE_SOURCE -D_FILE_OFFSET_BITS=64 -D_GNU_SOURCE -DONIG_ESCAPE_UCHAR_COLLISION=1 -DUChar=OnigUChar -DZEND_ENABLE_STATIC_TSRMLS_CACHE=1 -DZEND_COMPILE_DL_EXT=1 -c /usr/src/php/ext/mbstring/php_mbregex.c -MMD -MF php_mbregex.dep -MT php_mbregex.lo  -fPIC -DPIC -o .libs/php_mbregex.o
#8 42.95 /bin/bash /usr/src/php/ext/mbstring/libtool --tag=CC --mode=compile cc -I. -I/usr/src/php/ext/mbstring -I/usr/local/include/php -I/usr/local/include/php/main -I/usr/local/include/php/TSRM -I/usr/local/include/php/Zend -I/usr/local/include/php/ext -I/usr/local/include/php/ext/date/lib -I/usr/src/php/ext/mbstring/libmbfl -I/usr/src/php/ext/mbstring/libmbfl/mbfl  -fstack-protector-strong -fpic -fpie -O2 -D_LARGEFILE_SOURCE -D_FILE_OFFSET_BITS=64 -DHAVE_CONFIG_H  -fstack-protector-strong -fpic -fpie -O2 -D_LARGEFILE_SOURCE -D_FILE_OFFSET_BITS=64 -D_GNU_SOURCE    -DONIG_ESCAPE_UCHAR_COLLISION=1 -DUChar=OnigUChar -DZEND_ENABLE_STATIC_TSRMLS_CACHE=1 -DZEND_COMPILE_DL_EXT=1 -c /usr/src/php/ext/mbstring/libmbfl/filters/html_entities.c -o libmbfl/filters/html_entities.lo  -MMD -MF libmbfl/filters/html_entities.dep -MT libmbfl/filters/html_entities.lo
#8 43.26 mkdir libmbfl/filters/.libs
#8 43.27  cc -I. -I/usr/src/php/ext/mbstring -I/usr/local/include/php -I/usr/local/include/php/main -I/usr/local/include/php/TSRM -I/usr/local/include/php/Zend -I/usr/local/include/php/ext -I/usr/local/include/php/ext/date/lib -I/usr/src/php/ext/mbstring/libmbfl -I/usr/src/php/ext/mbstring/libmbfl/mbfl -fstack-protector-strong -fpic -fpie -O2 -D_LARGEFILE_SOURCE -D_FILE_OFFSET_BITS=64 -DHAVE_CONFIG_H -fstack-protector-strong -fpic -fpie -O2 -D_LARGEFILE_SOURCE -D_FILE_OFFSET_BITS=64 -D_GNU_SOURCE -DONIG_ESCAPE_UCHAR_COLLISION=1 -DUChar=OnigUChar -DZEND_ENABLE_STATIC_TSRMLS_CACHE=1 -DZEND_COMPILE_DL_EXT=1 -c /usr/src/php/ext/mbstring/libmbfl/filters/html_entities.c -MMD -MF libmbfl/filters/html_entities.dep -MT libmbfl/filters/html_entities.lo  -fPIC -DPIC -o libmbfl/filters/.libs/html_entities.o
#8 43.46 /bin/bash /usr/src/php/ext/mbstring/libtool --tag=CC --mode=compile cc -I. -I/usr/src/php/ext/mbstring -I/usr/local/include/php -I/usr/local/include/php/main -I/usr/local/include/php/TSRM -I/usr/local/include/php/Zend -I/usr/local/include/php/ext -I/usr/local/include/php/ext/date/lib -I/usr/src/php/ext/mbstring/libmbfl -I/usr/src/php/ext/mbstring/libmbfl/mbfl  -fstack-protector-strong -fpic -fpie -O2 -D_LARGEFILE_SOURCE -D_FILE_OFFSET_BITS=64 -DHAVE_CONFIG_H  -fstack-protector-strong -fpic -fpie -O2 -D_LARGEFILE_SOURCE -D_FILE_OFFSET_BITS=64 -D_GNU_SOURCE    -DONIG_ESCAPE_UCHAR_COLLISION=1 -DUChar=OnigUChar -DZEND_ENABLE_STATIC_TSRMLS_CACHE=1 -DZEND_COMPILE_DL_EXT=1 -c /usr/src/php/ext/mbstring/libmbfl/filters/mbfilter_7bit.c -o libmbfl/filters/mbfilter_7bit.lo  -MMD -MF libmbfl/filters/mbfilter_7bit.dep -MT libmbfl/filters/mbfilter_7bit.lo
#8 43.76  cc -I. -I/usr/src/php/ext/mbstring -I/usr/local/include/php -I/usr/local/include/php/main -I/usr/local/include/php/TSRM -I/usr/local/include/php/Zend -I/usr/local/include/php/ext -I/usr/local/include/php/ext/date/lib -I/usr/src/php/ext/mbstring/libmbfl -I/usr/src/php/ext/mbstring/libmbfl/mbfl -fstack-protector-strong -fpic -fpie -O2 -D_LARGEFILE_SOURCE -D_FILE_OFFSET_BITS=64 -DHAVE_CONFIG_H -fstack-protector-strong -fpic -fpie -O2 -D_LARGEFILE_SOURCE -D_FILE_OFFSET_BITS=64 -D_GNU_SOURCE -DONIG_ESCAPE_UCHAR_COLLISION=1 -DUChar=OnigUChar -DZEND_ENABLE_STATIC_TSRMLS_CACHE=1 -DZEND_COMPILE_DL_EXT=1 -c /usr/src/php/ext/mbstring/libmbfl/filters/mbfilter_7bit.c -MMD -MF libmbfl/filters/mbfilter_7bit.dep -MT libmbfl/filters/mbfilter_7bit.lo  -fPIC -DPIC -o libmbfl/filters/.libs/mbfilter_7bit.o
#8 44.04 /bin/bash /usr/src/php/ext/mbstring/libtool --tag=CC --mode=compile cc -I. -I/usr/src/php/ext/mbstring -I/usr/local/include/php -I/usr/local/include/php/main -I/usr/local/include/php/TSRM -I/usr/local/include/php/Zend -I/usr/local/include/php/ext -I/usr/local/include/php/ext/date/lib -I/usr/src/php/ext/mbstring/libmbfl -I/usr/src/php/ext/mbstring/libmbfl/mbfl  -fstack-protector-strong -fpic -fpie -O2 -D_LARGEFILE_SOURCE -D_FILE_OFFSET_BITS=64 -DHAVE_CONFIG_H  -fstack-protector-strong -fpic -fpie -O2 -D_LARGEFILE_SOURCE -D_FILE_OFFSET_BITS=64 -D_GNU_SOURCE    -DONIG_ESCAPE_UCHAR_COLLISION=1 -DUChar=OnigUChar -DZEND_ENABLE_STATIC_TSRMLS_CACHE=1 -DZEND_COMPILE_DL_EXT=1 -c /usr/src/php/ext/mbstring/libmbfl/filters/mbfilter_base64.c -o libmbfl/filters/mbfilter_base64.lo  -MMD -MF libmbfl/filters/mbfilter_base64.dep -MT libmbfl/filters/mbfilter_base64.lo
#8 44.42  cc -I. -I/usr/src/php/ext/mbstring -I/usr/local/include/php -I/usr/local/include/php/main -I/usr/local/include/php/TSRM -I/usr/local/include/php/Zend -I/usr/local/include/php/ext -I/usr/local/include/php/ext/date/lib -I/usr/src/php/ext/mbstring/libmbfl -I/usr/src/php/ext/mbstring/libmbfl/mbfl -fstack-protector-strong -fpic -fpie -O2 -D_LARGEFILE_SOURCE -D_FILE_OFFSET_BITS=64 -DHAVE_CONFIG_H -fstack-protector-strong -fpic -fpie -O2 -D_LARGEFILE_SOURCE -D_FILE_OFFSET_BITS=64 -D_GNU_SOURCE -DONIG_ESCAPE_UCHAR_COLLISION=1 -DUChar=OnigUChar -DZEND_ENABLE_STATIC_TSRMLS_CACHE=1 -DZEND_COMPILE_DL_EXT=1 -c /usr/src/php/ext/mbstring/libmbfl/filters/mbfilter_base64.c -MMD -MF libmbfl/filters/mbfilter_base64.dep -MT libmbfl/filters/mbfilter_base64.lo  -fPIC -DPIC -o libmbfl/filters/.libs/mbfilter_base64.o
#8 44.90 /bin/bash /usr/src/php/ext/mbstring/libtool --tag=CC --mode=compile cc -I. -I/usr/src/php/ext/mbstring -I/usr/local/include/php -I/usr/local/include/php/main -I/usr/local/include/php/TSRM -I/usr/local/include/php/Zend -I/usr/local/include/php/ext -I/usr/local/include/php/ext/date/lib -I/usr/src/php/ext/mbstring/libmbfl -I/usr/src/php/ext/mbstring/libmbfl/mbfl  -fstack-protector-strong -fpic -fpie -O2 -D_LARGEFILE_SOURCE -D_FILE_OFFSET_BITS=64 -DHAVE_CONFIG_H  -fstack-protector-strong -fpic -fpie -O2 -D_LARGEFILE_SOURCE -D_FILE_OFFSET_BITS=64 -D_GNU_SOURCE    -DONIG_ESCAPE_UCHAR_COLLISION=1 -DUChar=OnigUChar -DZEND_ENABLE_STATIC_TSRMLS_CACHE=1 -DZEND_COMPILE_DL_EXT=1 -c /usr/src/php/ext/mbstring/libmbfl/filters/mbfilter_cjk.c -o libmbfl/filters/mbfilter_cjk.lo  -MMD -MF libmbfl/filters/mbfilter_cjk.dep -MT libmbfl/filters/mbfilter_cjk.lo
#8 45.22  cc -I. -I/usr/src/php/ext/mbstring -I/usr/local/include/php -I/usr/local/include/php/main -I/usr/local/include/php/TSRM -I/usr/local/include/php/Zend -I/usr/local/include/php/ext -I/usr/local/include/php/ext/date/lib -I/usr/src/php/ext/mbstring/libmbfl -I/usr/src/php/ext/mbstring/libmbfl/mbfl -fstack-protector-strong -fpic -fpie -O2 -D_LARGEFILE_SOURCE -D_FILE_OFFSET_BITS=64 -DHAVE_CONFIG_H -fstack-protector-strong -fpic -fpie -O2 -D_LARGEFILE_SOURCE -D_FILE_OFFSET_BITS=64 -D_GNU_SOURCE -DONIG_ESCAPE_UCHAR_COLLISION=1 -DUChar=OnigUChar -DZEND_ENABLE_STATIC_TSRMLS_CACHE=1 -DZEND_COMPILE_DL_EXT=1 -c /usr/src/php/ext/mbstring/libmbfl/filters/mbfilter_cjk.c -MMD -MF libmbfl/filters/mbfilter_cjk.dep -MT libmbfl/filters/mbfilter_cjk.lo  -fPIC -DPIC -o libmbfl/filters/.libs/mbfilter_cjk.o
#8 53.66 /bin/bash /usr/src/php/ext/mbstring/libtool --tag=CC --mode=compile cc -I. -I/usr/src/php/ext/mbstring -I/usr/local/include/php -I/usr/local/include/php/main -I/usr/local/include/php/TSRM -I/usr/local/include/php/Zend -I/usr/local/include/php/ext -I/usr/local/include/php/ext/date/lib -I/usr/src/php/ext/mbstring/libmbfl -I/usr/src/php/ext/mbstring/libmbfl/mbfl  -fstack-protector-strong -fpic -fpie -O2 -D_LARGEFILE_SOURCE -D_FILE_OFFSET_BITS=64 -DHAVE_CONFIG_H  -fstack-protector-strong -fpic -fpie -O2 -D_LARGEFILE_SOURCE -D_FILE_OFFSET_BITS=64 -D_GNU_SOURCE    -DONIG_ESCAPE_UCHAR_COLLISION=1 -DUChar=OnigUChar -DZEND_ENABLE_STATIC_TSRMLS_CACHE=1 -DZEND_COMPILE_DL_EXT=1 -c /usr/src/php/ext/mbstring/libmbfl/filters/mbfilter_htmlent.c -o libmbfl/filters/mbfilter_htmlent.lo  -MMD -MF libmbfl/filters/mbfilter_htmlent.dep -MT libmbfl/filters/mbfilter_htmlent.lo
#8 53.98  cc -I. -I/usr/src/php/ext/mbstring -I/usr/local/include/php -I/usr/local/include/php/main -I/usr/local/include/php/TSRM -I/usr/local/include/php/Zend -I/usr/local/include/php/ext -I/usr/local/include/php/ext/date/lib -I/usr/src/php/ext/mbstring/libmbfl -I/usr/src/php/ext/mbstring/libmbfl/mbfl -fstack-protector-strong -fpic -fpie -O2 -D_LARGEFILE_SOURCE -D_FILE_OFFSET_BITS=64 -DHAVE_CONFIG_H -fstack-protector-strong -fpic -fpie -O2 -D_LARGEFILE_SOURCE -D_FILE_OFFSET_BITS=64 -D_GNU_SOURCE -DONIG_ESCAPE_UCHAR_COLLISION=1 -DUChar=OnigUChar -DZEND_ENABLE_STATIC_TSRMLS_CACHE=1 -DZEND_COMPILE_DL_EXT=1 -c /usr/src/php/ext/mbstring/libmbfl/filters/mbfilter_htmlent.c -MMD -MF libmbfl/filters/mbfilter_htmlent.dep -MT libmbfl/filters/mbfilter_htmlent.lo  -fPIC -DPIC -o libmbfl/filters/.libs/mbfilter_htmlent.o
#8 54.36 /bin/bash /usr/src/php/ext/mbstring/libtool --tag=CC --mode=compile cc -I. -I/usr/src/php/ext/mbstring -I/usr/local/include/php -I/usr/local/include/php/main -I/usr/local/include/php/TSRM -I/usr/local/include/php/Zend -I/usr/local/include/php/ext -I/usr/local/include/php/ext/date/lib -I/usr/src/php/ext/mbstring/libmbfl -I/usr/src/php/ext/mbstring/libmbfl/mbfl  -fstack-protector-strong -fpic -fpie -O2 -D_LARGEFILE_SOURCE -D_FILE_OFFSET_BITS=64 -DHAVE_CONFIG_H  -fstack-protector-strong -fpic -fpie -O2 -D_LARGEFILE_SOURCE -D_FILE_OFFSET_BITS=64 -D_GNU_SOURCE    -DONIG_ESCAPE_UCHAR_COLLISION=1 -DUChar=OnigUChar -DZEND_ENABLE_STATIC_TSRMLS_CACHE=1 -DZEND_COMPILE_DL_EXT=1 -c /usr/src/php/ext/mbstring/libmbfl/filters/mbfilter_qprint.c -o libmbfl/filters/mbfilter_qprint.lo  -MMD -MF libmbfl/filters/mbfilter_qprint.dep -MT libmbfl/filters/mbfilter_qprint.lo
#8 54.67  cc -I. -I/usr/src/php/ext/mbstring -I/usr/local/include/php -I/usr/local/include/php/main -I/usr/local/include/php/TSRM -I/usr/local/include/php/Zend -I/usr/local/include/php/ext -I/usr/local/include/php/ext/date/lib -I/usr/src/php/ext/mbstring/libmbfl -I/usr/src/php/ext/mbstring/libmbfl/mbfl -fstack-protector-strong -fpic -fpie -O2 -D_LARGEFILE_SOURCE -D_FILE_OFFSET_BITS=64 -DHAVE_CONFIG_H -fstack-protector-strong -fpic -fpie -O2 -D_LARGEFILE_SOURCE -D_FILE_OFFSET_BITS=64 -D_GNU_SOURCE -DONIG_ESCAPE_UCHAR_COLLISION=1 -DUChar=OnigUChar -DZEND_ENABLE_STATIC_TSRMLS_CACHE=1 -DZEND_COMPILE_DL_EXT=1 -c /usr/src/php/ext/mbstring/libmbfl/filters/mbfilter_qprint.c -MMD -MF libmbfl/filters/mbfilter_qprint.dep -MT libmbfl/filters/mbfilter_qprint.lo  -fPIC -DPIC -o libmbfl/filters/.libs/mbfilter_qprint.o
#8 55.07 /bin/bash /usr/src/php/ext/mbstring/libtool --tag=CC --mode=compile cc -I. -I/usr/src/php/ext/mbstring -I/usr/local/include/php -I/usr/local/include/php/main -I/usr/local/include/php/TSRM -I/usr/local/include/php/Zend -I/usr/local/include/php/ext -I/usr/local/include/php/ext/date/lib -I/usr/src/php/ext/mbstring/libmbfl -I/usr/src/php/ext/mbstring/libmbfl/mbfl  -fstack-protector-strong -fpic -fpie -O2 -D_LARGEFILE_SOURCE -D_FILE_OFFSET_BITS=64 -DHAVE_CONFIG_H  -fstack-protector-strong -fpic -fpie -O2 -D_LARGEFILE_SOURCE -D_FILE_OFFSET_BITS=64 -D_GNU_SOURCE    -DONIG_ESCAPE_UCHAR_COLLISION=1 -DUChar=OnigUChar -DZEND_ENABLE_STATIC_TSRMLS_CACHE=1 -DZEND_COMPILE_DL_EXT=1 -c /usr/src/php/ext/mbstring/libmbfl/filters/mbfilter_singlebyte.c -o libmbfl/filters/mbfilter_singlebyte.lo  -MMD -MF libmbfl/filters/mbfilter_singlebyte.dep -MT libmbfl/filters/mbfilter_singlebyte.lo
#8 55.45  cc -I. -I/usr/src/php/ext/mbstring -I/usr/local/include/php -I/usr/local/include/php/main -I/usr/local/include/php/TSRM -I/usr/local/include/php/Zend -I/usr/local/include/php/ext -I/usr/local/include/php/ext/date/lib -I/usr/src/php/ext/mbstring/libmbfl -I/usr/src/php/ext/mbstring/libmbfl/mbfl -fstack-protector-strong -fpic -fpie -O2 -D_LARGEFILE_SOURCE -D_FILE_OFFSET_BITS=64 -DHAVE_CONFIG_H -fstack-protector-strong -fpic -fpie -O2 -D_LARGEFILE_SOURCE -D_FILE_OFFSET_BITS=64 -D_GNU_SOURCE -DONIG_ESCAPE_UCHAR_COLLISION=1 -DUChar=OnigUChar -DZEND_ENABLE_STATIC_TSRMLS_CACHE=1 -DZEND_COMPILE_DL_EXT=1 -c /usr/src/php/ext/mbstring/libmbfl/filters/mbfilter_singlebyte.c -MMD -MF libmbfl/filters/mbfilter_singlebyte.dep -MT libmbfl/filters/mbfilter_singlebyte.lo  -fPIC -DPIC -o libmbfl/filters/.libs/mbfilter_singlebyte.o
#8 56.58 /bin/bash /usr/src/php/ext/mbstring/libtool --tag=CC --mode=compile cc -I. -I/usr/src/php/ext/mbstring -I/usr/local/include/php -I/usr/local/include/php/main -I/usr/local/include/php/TSRM -I/usr/local/include/php/Zend -I/usr/local/include/php/ext -I/usr/local/include/php/ext/date/lib -I/usr/src/php/ext/mbstring/libmbfl -I/usr/src/php/ext/mbstring/libmbfl/mbfl  -fstack-protector-strong -fpic -fpie -O2 -D_LARGEFILE_SOURCE -D_FILE_OFFSET_BITS=64 -DHAVE_CONFIG_H  -fstack-protector-strong -fpic -fpie -O2 -D_LARGEFILE_SOURCE -D_FILE_OFFSET_BITS=64 -D_GNU_SOURCE    -DONIG_ESCAPE_UCHAR_COLLISION=1 -DUChar=OnigUChar -DZEND_ENABLE_STATIC_TSRMLS_CACHE=1 -DZEND_COMPILE_DL_EXT=1 -c /usr/src/php/ext/mbstring/libmbfl/filters/mbfilter_ucs2.c -o libmbfl/filters/mbfilter_ucs2.lo  -MMD -MF libmbfl/filters/mbfilter_ucs2.dep -MT libmbfl/filters/mbfilter_ucs2.lo
#8 56.89  cc -I. -I/usr/src/php/ext/mbstring -I/usr/local/include/php -I/usr/local/include/php/main -I/usr/local/include/php/TSRM -I/usr/local/include/php/Zend -I/usr/local/include/php/ext -I/usr/local/include/php/ext/date/lib -I/usr/src/php/ext/mbstring/libmbfl -I/usr/src/php/ext/mbstring/libmbfl/mbfl -fstack-protector-strong -fpic -fpie -O2 -D_LARGEFILE_SOURCE -D_FILE_OFFSET_BITS=64 -DHAVE_CONFIG_H -fstack-protector-strong -fpic -fpie -O2 -D_LARGEFILE_SOURCE -D_FILE_OFFSET_BITS=64 -D_GNU_SOURCE -DONIG_ESCAPE_UCHAR_COLLISION=1 -DUChar=OnigUChar -DZEND_ENABLE_STATIC_TSRMLS_CACHE=1 -DZEND_COMPILE_DL_EXT=1 -c /usr/src/php/ext/mbstring/libmbfl/filters/mbfilter_ucs2.c -MMD -MF libmbfl/filters/mbfilter_ucs2.dep -MT libmbfl/filters/mbfilter_ucs2.lo  -fPIC -DPIC -o libmbfl/filters/.libs/mbfilter_ucs2.o
#8 57.25 /bin/bash /usr/src/php/ext/mbstring/libtool --tag=CC --mode=compile cc -I. -I/usr/src/php/ext/mbstring -I/usr/local/include/php -I/usr/local/include/php/main -I/usr/local/include/php/TSRM -I/usr/local/include/php/Zend -I/usr/local/include/php/ext -I/usr/local/include/php/ext/date/lib -I/usr/src/php/ext/mbstring/libmbfl -I/usr/src/php/ext/mbstring/libmbfl/mbfl  -fstack-protector-strong -fpic -fpie -O2 -D_LARGEFILE_SOURCE -D_FILE_OFFSET_BITS=64 -DHAVE_CONFIG_H  -fstack-protector-strong -fpic -fpie -O2 -D_LARGEFILE_SOURCE -D_FILE_OFFSET_BITS=64 -D_GNU_SOURCE    -DONIG_ESCAPE_UCHAR_COLLISION=1 -DUChar=OnigUChar -DZEND_ENABLE_STATIC_TSRMLS_CACHE=1 -DZEND_COMPILE_DL_EXT=1 -c /usr/src/php/ext/mbstring/libmbfl/filters/mbfilter_ucs4.c -o libmbfl/filters/mbfilter_ucs4.lo  -MMD -MF libmbfl/filters/mbfilter_ucs4.dep -MT libmbfl/filters/mbfilter_ucs4.lo
#8 57.59  cc -I. -I/usr/src/php/ext/mbstring -I/usr/local/include/php -I/usr/local/include/php/main -I/usr/local/include/php/TSRM -I/usr/local/include/php/Zend -I/usr/local/include/php/ext -I/usr/local/include/php/ext/date/lib -I/usr/src/php/ext/mbstring/libmbfl -I/usr/src/php/ext/mbstring/libmbfl/mbfl -fstack-protector-strong -fpic -fpie -O2 -D_LARGEFILE_SOURCE -D_FILE_OFFSET_BITS=64 -DHAVE_CONFIG_H -fstack-protector-strong -fpic -fpie -O2 -D_LARGEFILE_SOURCE -D_FILE_OFFSET_BITS=64 -D_GNU_SOURCE -DONIG_ESCAPE_UCHAR_COLLISION=1 -DUChar=OnigUChar -DZEND_ENABLE_STATIC_TSRMLS_CACHE=1 -DZEND_COMPILE_DL_EXT=1 -c /usr/src/php/ext/mbstring/libmbfl/filters/mbfilter_ucs4.c -MMD -MF libmbfl/filters/mbfilter_ucs4.dep -MT libmbfl/filters/mbfilter_ucs4.lo  -fPIC -DPIC -o libmbfl/filters/.libs/mbfilter_ucs4.o
#8 57.91 /bin/bash /usr/src/php/ext/mbstring/libtool --tag=CC --mode=compile cc -I. -I/usr/src/php/ext/mbstring -I/usr/local/include/php -I/usr/local/include/php/main -I/usr/local/include/php/TSRM -I/usr/local/include/php/Zend -I/usr/local/include/php/ext -I/usr/local/include/php/ext/date/lib -I/usr/src/php/ext/mbstring/libmbfl -I/usr/src/php/ext/mbstring/libmbfl/mbfl  -fstack-protector-strong -fpic -fpie -O2 -D_LARGEFILE_SOURCE -D_FILE_OFFSET_BITS=64 -DHAVE_CONFIG_H  -fstack-protector-strong -fpic -fpie -O2 -D_LARGEFILE_SOURCE -D_FILE_OFFSET_BITS=64 -D_GNU_SOURCE    -DONIG_ESCAPE_UCHAR_COLLISION=1 -DUChar=OnigUChar -DZEND_ENABLE_STATIC_TSRMLS_CACHE=1 -DZEND_COMPILE_DL_EXT=1 -c /usr/src/php/ext/mbstring/libmbfl/filters/mbfilter_utf16.c -o libmbfl/filters/mbfilter_utf16.lo  -MMD -MF libmbfl/filters/mbfilter_utf16.dep -MT libmbfl/filters/mbfilter_utf16.lo
#8 58.22  cc -I. -I/usr/src/php/ext/mbstring -I/usr/local/include/php -I/usr/local/include/php/main -I/usr/local/include/php/TSRM -I/usr/local/include/php/Zend -I/usr/local/include/php/ext -I/usr/local/include/php/ext/date/lib -I/usr/src/php/ext/mbstring/libmbfl -I/usr/src/php/ext/mbstring/libmbfl/mbfl -fstack-protector-strong -fpic -fpie -O2 -D_LARGEFILE_SOURCE -D_FILE_OFFSET_BITS=64 -DHAVE_CONFIG_H -fstack-protector-strong -fpic -fpie -O2 -D_LARGEFILE_SOURCE -D_FILE_OFFSET_BITS=64 -D_GNU_SOURCE -DONIG_ESCAPE_UCHAR_COLLISION=1 -DUChar=OnigUChar -DZEND_ENABLE_STATIC_TSRMLS_CACHE=1 -DZEND_COMPILE_DL_EXT=1 -c /usr/src/php/ext/mbstring/libmbfl/filters/mbfilter_utf16.c -MMD -MF libmbfl/filters/mbfilter_utf16.dep -MT libmbfl/filters/mbfilter_utf16.lo  -fPIC -DPIC -o libmbfl/filters/.libs/mbfilter_utf16.o
#8 59.68 /bin/bash /usr/src/php/ext/mbstring/libtool --tag=CC --mode=compile cc -I. -I/usr/src/php/ext/mbstring -I/usr/local/include/php -I/usr/local/include/php/main -I/usr/local/include/php/TSRM -I/usr/local/include/php/Zend -I/usr/local/include/php/ext -I/usr/local/include/php/ext/date/lib -I/usr/src/php/ext/mbstring/libmbfl -I/usr/src/php/ext/mbstring/libmbfl/mbfl  -fstack-protector-strong -fpic -fpie -O2 -D_LARGEFILE_SOURCE -D_FILE_OFFSET_BITS=64 -DHAVE_CONFIG_H  -fstack-protector-strong -fpic -fpie -O2 -D_LARGEFILE_SOURCE -D_FILE_OFFSET_BITS=64 -D_GNU_SOURCE    -DONIG_ESCAPE_UCHAR_COLLISION=1 -DUChar=OnigUChar -DZEND_ENABLE_STATIC_TSRMLS_CACHE=1 -DZEND_COMPILE_DL_EXT=1 -c /usr/src/php/ext/mbstring/libmbfl/filters/mbfilter_utf32.c -o libmbfl/filters/mbfilter_utf32.lo  -MMD -MF libmbfl/filters/mbfilter_utf32.dep -MT libmbfl/filters/mbfilter_utf32.lo
#8 60.00  cc -I. -I/usr/src/php/ext/mbstring -I/usr/local/include/php -I/usr/local/include/php/main -I/usr/local/include/php/TSRM -I/usr/local/include/php/Zend -I/usr/local/include/php/ext -I/usr/local/include/php/ext/date/lib -I/usr/src/php/ext/mbstring/libmbfl -I/usr/src/php/ext/mbstring/libmbfl/mbfl -fstack-protector-strong -fpic -fpie -O2 -D_LARGEFILE_SOURCE -D_FILE_OFFSET_BITS=64 -DHAVE_CONFIG_H -fstack-protector-strong -fpic -fpie -O2 -D_LARGEFILE_SOURCE -D_FILE_OFFSET_BITS=64 -D_GNU_SOURCE -DONIG_ESCAPE_UCHAR_COLLISION=1 -DUChar=OnigUChar -DZEND_ENABLE_STATIC_TSRMLS_CACHE=1 -DZEND_COMPILE_DL_EXT=1 -c /usr/src/php/ext/mbstring/libmbfl/filters/mbfilter_utf32.c -MMD -MF libmbfl/filters/mbfilter_utf32.dep -MT libmbfl/filters/mbfilter_utf32.lo  -fPIC -DPIC -o libmbfl/filters/.libs/mbfilter_utf32.o
#8 60.35 /bin/bash /usr/src/php/ext/mbstring/libtool --tag=CC --mode=compile cc -I. -I/usr/src/php/ext/mbstring -I/usr/local/include/php -I/usr/local/include/php/main -I/usr/local/include/php/TSRM -I/usr/local/include/php/Zend -I/usr/local/include/php/ext -I/usr/local/include/php/ext/date/lib -I/usr/src/php/ext/mbstring/libmbfl -I/usr/src/php/ext/mbstring/libmbfl/mbfl  -fstack-protector-strong -fpic -fpie -O2 -D_LARGEFILE_SOURCE -D_FILE_OFFSET_BITS=64 -DHAVE_CONFIG_H  -fstack-protector-strong -fpic -fpie -O2 -D_LARGEFILE_SOURCE -D_FILE_OFFSET_BITS=64 -D_GNU_SOURCE    -DONIG_ESCAPE_UCHAR_COLLISION=1 -DUChar=OnigUChar -DZEND_ENABLE_STATIC_TSRMLS_CACHE=1 -DZEND_COMPILE_DL_EXT=1 -c /usr/src/php/ext/mbstring/libmbfl/filters/mbfilter_utf7.c -o libmbfl/filters/mbfilter_utf7.lo  -MMD -MF libmbfl/filters/mbfilter_utf7.dep -MT libmbfl/filters/mbfilter_utf7.lo
#8 60.67  cc -I. -I/usr/src/php/ext/mbstring -I/usr/local/include/php -I/usr/local/include/php/main -I/usr/local/include/php/TSRM -I/usr/local/include/php/Zend -I/usr/local/include/php/ext -I/usr/local/include/php/ext/date/lib -I/usr/src/php/ext/mbstring/libmbfl -I/usr/src/php/ext/mbstring/libmbfl/mbfl -fstack-protector-strong -fpic -fpie -O2 -D_LARGEFILE_SOURCE -D_FILE_OFFSET_BITS=64 -DHAVE_CONFIG_H -fstack-protector-strong -fpic -fpie -O2 -D_LARGEFILE_SOURCE -D_FILE_OFFSET_BITS=64 -D_GNU_SOURCE -DONIG_ESCAPE_UCHAR_COLLISION=1 -DUChar=OnigUChar -DZEND_ENABLE_STATIC_TSRMLS_CACHE=1 -DZEND_COMPILE_DL_EXT=1 -c /usr/src/php/ext/mbstring/libmbfl/filters/mbfilter_utf7.c -MMD -MF libmbfl/filters/mbfilter_utf7.dep -MT libmbfl/filters/mbfilter_utf7.lo  -fPIC -DPIC -o libmbfl/filters/.libs/mbfilter_utf7.o
#8 61.32 /bin/bash /usr/src/php/ext/mbstring/libtool --tag=CC --mode=compile cc -I. -I/usr/src/php/ext/mbstring -I/usr/local/include/php -I/usr/local/include/php/main -I/usr/local/include/php/TSRM -I/usr/local/include/php/Zend -I/usr/local/include/php/ext -I/usr/local/include/php/ext/date/lib -I/usr/src/php/ext/mbstring/libmbfl -I/usr/src/php/ext/mbstring/libmbfl/mbfl  -fstack-protector-strong -fpic -fpie -O2 -D_LARGEFILE_SOURCE -D_FILE_OFFSET_BITS=64 -DHAVE_CONFIG_H  -fstack-protector-strong -fpic -fpie -O2 -D_LARGEFILE_SOURCE -D_FILE_OFFSET_BITS=64 -D_GNU_SOURCE    -DONIG_ESCAPE_UCHAR_COLLISION=1 -DUChar=OnigUChar -DZEND_ENABLE_STATIC_TSRMLS_CACHE=1 -DZEND_COMPILE_DL_EXT=1 -c /usr/src/php/ext/mbstring/libmbfl/filters/mbfilter_utf7imap.c -o libmbfl/filters/mbfilter_utf7imap.lo  -MMD -MF libmbfl/filters/mbfilter_utf7imap.dep -MT libmbfl/filters/mbfilter_utf7imap.lo
#8 61.63  cc -I. -I/usr/src/php/ext/mbstring -I/usr/local/include/php -I/usr/local/include/php/main -I/usr/local/include/php/TSRM -I/usr/local/include/php/Zend -I/usr/local/include/php/ext -I/usr/local/include/php/ext/date/lib -I/usr/src/php/ext/mbstring/libmbfl -I/usr/src/php/ext/mbstring/libmbfl/mbfl -fstack-protector-strong -fpic -fpie -O2 -D_LARGEFILE_SOURCE -D_FILE_OFFSET_BITS=64 -DHAVE_CONFIG_H -fstack-protector-strong -fpic -fpie -O2 -D_LARGEFILE_SOURCE -D_FILE_OFFSET_BITS=64 -D_GNU_SOURCE -DONIG_ESCAPE_UCHAR_COLLISION=1 -DUChar=OnigUChar -DZEND_ENABLE_STATIC_TSRMLS_CACHE=1 -DZEND_COMPILE_DL_EXT=1 -c /usr/src/php/ext/mbstring/libmbfl/filters/mbfilter_utf7imap.c -MMD -MF libmbfl/filters/mbfilter_utf7imap.dep -MT libmbfl/filters/mbfilter_utf7imap.lo  -fPIC -DPIC -o libmbfl/filters/.libs/mbfilter_utf7imap.o
#8 62.30 /bin/bash /usr/src/php/ext/mbstring/libtool --tag=CC --mode=compile cc -I. -I/usr/src/php/ext/mbstring -I/usr/local/include/php -I/usr/local/include/php/main -I/usr/local/include/php/TSRM -I/usr/local/include/php/Zend -I/usr/local/include/php/ext -I/usr/local/include/php/ext/date/lib -I/usr/src/php/ext/mbstring/libmbfl -I/usr/src/php/ext/mbstring/libmbfl/mbfl  -fstack-protector-strong -fpic -fpie -O2 -D_LARGEFILE_SOURCE -D_FILE_OFFSET_BITS=64 -DHAVE_CONFIG_H  -fstack-protector-strong -fpic -fpie -O2 -D_LARGEFILE_SOURCE -D_FILE_OFFSET_BITS=64 -D_GNU_SOURCE    -DONIG_ESCAPE_UCHAR_COLLISION=1 -DUChar=OnigUChar -DZEND_ENABLE_STATIC_TSRMLS_CACHE=1 -DZEND_COMPILE_DL_EXT=1 -c /usr/src/php/ext/mbstring/libmbfl/filters/mbfilter_utf8.c -o libmbfl/filters/mbfilter_utf8.lo  -MMD -MF libmbfl/filters/mbfilter_utf8.dep -MT libmbfl/filters/mbfilter_utf8.lo
#8 62.63  cc -I. -I/usr/src/php/ext/mbstring -I/usr/local/include/php -I/usr/local/include/php/main -I/usr/local/include/php/TSRM -I/usr/local/include/php/Zend -I/usr/local/include/php/ext -I/usr/local/include/php/ext/date/lib -I/usr/src/php/ext/mbstring/libmbfl -I/usr/src/php/ext/mbstring/libmbfl/mbfl -fstack-protector-strong -fpic -fpie -O2 -D_LARGEFILE_SOURCE -D_FILE_OFFSET_BITS=64 -DHAVE_CONFIG_H -fstack-protector-strong -fpic -fpie -O2 -D_LARGEFILE_SOURCE -D_FILE_OFFSET_BITS=64 -D_GNU_SOURCE -DONIG_ESCAPE_UCHAR_COLLISION=1 -DUChar=OnigUChar -DZEND_ENABLE_STATIC_TSRMLS_CACHE=1 -DZEND_COMPILE_DL_EXT=1 -c /usr/src/php/ext/mbstring/libmbfl/filters/mbfilter_utf8.c -MMD -MF libmbfl/filters/mbfilter_utf8.dep -MT libmbfl/filters/mbfilter_utf8.lo  -fPIC -DPIC -o libmbfl/filters/.libs/mbfilter_utf8.o
#8 63.43 /bin/bash /usr/src/php/ext/mbstring/libtool --tag=CC --mode=compile cc -I. -I/usr/src/php/ext/mbstring -I/usr/local/include/php -I/usr/local/include/php/main -I/usr/local/include/php/TSRM -I/usr/local/include/php/Zend -I/usr/local/include/php/ext -I/usr/local/include/php/ext/date/lib -I/usr/src/php/ext/mbstring/libmbfl -I/usr/src/php/ext/mbstring/libmbfl/mbfl  -fstack-protector-strong -fpic -fpie -O2 -D_LARGEFILE_SOURCE -D_FILE_OFFSET_BITS=64 -DHAVE_CONFIG_H  -fstack-protector-strong -fpic -fpie -O2 -D_LARGEFILE_SOURCE -D_FILE_OFFSET_BITS=64 -D_GNU_SOURCE    -DONIG_ESCAPE_UCHAR_COLLISION=1 -DUChar=OnigUChar -DZEND_ENABLE_STATIC_TSRMLS_CACHE=1 -DZEND_COMPILE_DL_EXT=1 -c /usr/src/php/ext/mbstring/libmbfl/filters/mbfilter_uuencode.c -o libmbfl/filters/mbfilter_uuencode.lo  -MMD -MF libmbfl/filters/mbfilter_uuencode.dep -MT libmbfl/filters/mbfilter_uuencode.lo
#8 63.75  cc -I. -I/usr/src/php/ext/mbstring -I/usr/local/include/php -I/usr/local/include/php/main -I/usr/local/include/php/TSRM -I/usr/local/include/php/Zend -I/usr/local/include/php/ext -I/usr/local/include/php/ext/date/lib -I/usr/src/php/ext/mbstring/libmbfl -I/usr/src/php/ext/mbstring/libmbfl/mbfl -fstack-protector-strong -fpic -fpie -O2 -D_LARGEFILE_SOURCE -D_FILE_OFFSET_BITS=64 -DHAVE_CONFIG_H -fstack-protector-strong -fpic -fpie -O2 -D_LARGEFILE_SOURCE -D_FILE_OFFSET_BITS=64 -D_GNU_SOURCE -DONIG_ESCAPE_UCHAR_COLLISION=1 -DUChar=OnigUChar -DZEND_ENABLE_STATIC_TSRMLS_CACHE=1 -DZEND_COMPILE_DL_EXT=1 -c /usr/src/php/ext/mbstring/libmbfl/filters/mbfilter_uuencode.c -MMD -MF libmbfl/filters/mbfilter_uuencode.dep -MT libmbfl/filters/mbfilter_uuencode.lo  -fPIC -DPIC -o libmbfl/filters/.libs/mbfilter_uuencode.o
#8 64.13 /bin/bash /usr/src/php/ext/mbstring/libtool --tag=CC --mode=compile cc -I. -I/usr/src/php/ext/mbstring -I/usr/local/include/php -I/usr/local/include/php/main -I/usr/local/include/php/TSRM -I/usr/local/include/php/Zend -I/usr/local/include/php/ext -I/usr/local/include/php/ext/date/lib -I/usr/src/php/ext/mbstring/libmbfl -I/usr/src/php/ext/mbstring/libmbfl/mbfl  -fstack-protector-strong -fpic -fpie -O2 -D_LARGEFILE_SOURCE -D_FILE_OFFSET_BITS=64 -DHAVE_CONFIG_H  -fstack-protector-strong -fpic -fpie -O2 -D_LARGEFILE_SOURCE -D_FILE_OFFSET_BITS=64 -D_GNU_SOURCE    -DONIG_ESCAPE_UCHAR_COLLISION=1 -DUChar=OnigUChar -DZEND_ENABLE_STATIC_TSRMLS_CACHE=1 -DZEND_COMPILE_DL_EXT=1 -c /usr/src/php/ext/mbstring/libmbfl/mbfl/mbfilter.c -o libmbfl/mbfl/mbfilter.lo  -MMD -MF libmbfl/mbfl/mbfilter.dep -MT libmbfl/mbfl/mbfilter.lo
#8 64.53 mkdir libmbfl/mbfl/.libs
#8 64.54  cc -I. -I/usr/src/php/ext/mbstring -I/usr/local/include/php -I/usr/local/include/php/main -I/usr/local/include/php/TSRM -I/usr/local/include/php/Zend -I/usr/local/include/php/ext -I/usr/local/include/php/ext/date/lib -I/usr/src/php/ext/mbstring/libmbfl -I/usr/src/php/ext/mbstring/libmbfl/mbfl -fstack-protector-strong -fpic -fpie -O2 -D_LARGEFILE_SOURCE -D_FILE_OFFSET_BITS=64 -DHAVE_CONFIG_H -fstack-protector-strong -fpic -fpie -O2 -D_LARGEFILE_SOURCE -D_FILE_OFFSET_BITS=64 -D_GNU_SOURCE -DONIG_ESCAPE_UCHAR_COLLISION=1 -DUChar=OnigUChar -DZEND_ENABLE_STATIC_TSRMLS_CACHE=1 -DZEND_COMPILE_DL_EXT=1 -c /usr/src/php/ext/mbstring/libmbfl/mbfl/mbfilter.c -MMD -MF libmbfl/mbfl/mbfilter.dep -MT libmbfl/mbfl/mbfilter.lo  -fPIC -DPIC -o libmbfl/mbfl/.libs/mbfilter.o
#8 64.92 /bin/bash /usr/src/php/ext/mbstring/libtool --tag=CC --mode=compile cc -I. -I/usr/src/php/ext/mbstring -I/usr/local/include/php -I/usr/local/include/php/main -I/usr/local/include/php/TSRM -I/usr/local/include/php/Zend -I/usr/local/include/php/ext -I/usr/local/include/php/ext/date/lib -I/usr/src/php/ext/mbstring/libmbfl -I/usr/src/php/ext/mbstring/libmbfl/mbfl  -fstack-protector-strong -fpic -fpie -O2 -D_LARGEFILE_SOURCE -D_FILE_OFFSET_BITS=64 -DHAVE_CONFIG_H  -fstack-protector-strong -fpic -fpie -O2 -D_LARGEFILE_SOURCE -D_FILE_OFFSET_BITS=64 -D_GNU_SOURCE    -DONIG_ESCAPE_UCHAR_COLLISION=1 -DUChar=OnigUChar -DZEND_ENABLE_STATIC_TSRMLS_CACHE=1 -DZEND_COMPILE_DL_EXT=1 -c /usr/src/php/ext/mbstring/libmbfl/mbfl/mbfilter_8bit.c -o libmbfl/mbfl/mbfilter_8bit.lo  -MMD -MF libmbfl/mbfl/mbfilter_8bit.dep -MT libmbfl/mbfl/mbfilter_8bit.lo
#8 65.23  cc -I. -I/usr/src/php/ext/mbstring -I/usr/local/include/php -I/usr/local/include/php/main -I/usr/local/include/php/TSRM -I/usr/local/include/php/Zend -I/usr/local/include/php/ext -I/usr/local/include/php/ext/date/lib -I/usr/src/php/ext/mbstring/libmbfl -I/usr/src/php/ext/mbstring/libmbfl/mbfl -fstack-protector-strong -fpic -fpie -O2 -D_LARGEFILE_SOURCE -D_FILE_OFFSET_BITS=64 -DHAVE_CONFIG_H -fstack-protector-strong -fpic -fpie -O2 -D_LARGEFILE_SOURCE -D_FILE_OFFSET_BITS=64 -D_GNU_SOURCE -DONIG_ESCAPE_UCHAR_COLLISION=1 -DUChar=OnigUChar -DZEND_ENABLE_STATIC_TSRMLS_CACHE=1 -DZEND_COMPILE_DL_EXT=1 -c /usr/src/php/ext/mbstring/libmbfl/mbfl/mbfilter_8bit.c -MMD -MF libmbfl/mbfl/mbfilter_8bit.dep -MT libmbfl/mbfl/mbfilter_8bit.lo  -fPIC -DPIC -o libmbfl/mbfl/.libs/mbfilter_8bit.o
#8 65.55 /bin/bash /usr/src/php/ext/mbstring/libtool --tag=CC --mode=compile cc -I. -I/usr/src/php/ext/mbstring -I/usr/local/include/php -I/usr/local/include/php/main -I/usr/local/include/php/TSRM -I/usr/local/include/php/Zend -I/usr/local/include/php/ext -I/usr/local/include/php/ext/date/lib -I/usr/src/php/ext/mbstring/libmbfl -I/usr/src/php/ext/mbstring/libmbfl/mbfl  -fstack-protector-strong -fpic -fpie -O2 -D_LARGEFILE_SOURCE -D_FILE_OFFSET_BITS=64 -DHAVE_CONFIG_H  -fstack-protector-strong -fpic -fpie -O2 -D_LARGEFILE_SOURCE -D_FILE_OFFSET_BITS=64 -D_GNU_SOURCE    -DONIG_ESCAPE_UCHAR_COLLISION=1 -DUChar=OnigUChar -DZEND_ENABLE_STATIC_TSRMLS_CACHE=1 -DZEND_COMPILE_DL_EXT=1 -c /usr/src/php/ext/mbstring/libmbfl/mbfl/mbfilter_pass.c -o libmbfl/mbfl/mbfilter_pass.lo  -MMD -MF libmbfl/mbfl/mbfilter_pass.dep -MT libmbfl/mbfl/mbfilter_pass.lo
#8 65.94  cc -I. -I/usr/src/php/ext/mbstring -I/usr/local/include/php -I/usr/local/include/php/main -I/usr/local/include/php/TSRM -I/usr/local/include/php/Zend -I/usr/local/include/php/ext -I/usr/local/include/php/ext/date/lib -I/usr/src/php/ext/mbstring/libmbfl -I/usr/src/php/ext/mbstring/libmbfl/mbfl -fstack-protector-strong -fpic -fpie -O2 -D_LARGEFILE_SOURCE -D_FILE_OFFSET_BITS=64 -DHAVE_CONFIG_H -fstack-protector-strong -fpic -fpie -O2 -D_LARGEFILE_SOURCE -D_FILE_OFFSET_BITS=64 -D_GNU_SOURCE -DONIG_ESCAPE_UCHAR_COLLISION=1 -DUChar=OnigUChar -DZEND_ENABLE_STATIC_TSRMLS_CACHE=1 -DZEND_COMPILE_DL_EXT=1 -c /usr/src/php/ext/mbstring/libmbfl/mbfl/mbfilter_pass.c -MMD -MF libmbfl/mbfl/mbfilter_pass.dep -MT libmbfl/mbfl/mbfilter_pass.lo  -fPIC -DPIC -o libmbfl/mbfl/.libs/mbfilter_pass.o
#8 66.43 /bin/bash /usr/src/php/ext/mbstring/libtool --tag=CC --mode=compile cc -I. -I/usr/src/php/ext/mbstring -I/usr/local/include/php -I/usr/local/include/php/main -I/usr/local/include/php/TSRM -I/usr/local/include/php/Zend -I/usr/local/include/php/ext -I/usr/local/include/php/ext/date/lib -I/usr/src/php/ext/mbstring/libmbfl -I/usr/src/php/ext/mbstring/libmbfl/mbfl  -fstack-protector-strong -fpic -fpie -O2 -D_LARGEFILE_SOURCE -D_FILE_OFFSET_BITS=64 -DHAVE_CONFIG_H  -fstack-protector-strong -fpic -fpie -O2 -D_LARGEFILE_SOURCE -D_FILE_OFFSET_BITS=64 -D_GNU_SOURCE    -DONIG_ESCAPE_UCHAR_COLLISION=1 -DUChar=OnigUChar -DZEND_ENABLE_STATIC_TSRMLS_CACHE=1 -DZEND_COMPILE_DL_EXT=1 -c /usr/src/php/ext/mbstring/libmbfl/mbfl/mbfilter_wchar.c -o libmbfl/mbfl/mbfilter_wchar.lo  -MMD -MF libmbfl/mbfl/mbfilter_wchar.dep -MT libmbfl/mbfl/mbfilter_wchar.lo
#8 66.84  cc -I. -I/usr/src/php/ext/mbstring -I/usr/local/include/php -I/usr/local/include/php/main -I/usr/local/include/php/TSRM -I/usr/local/include/php/Zend -I/usr/local/include/php/ext -I/usr/local/include/php/ext/date/lib -I/usr/src/php/ext/mbstring/libmbfl -I/usr/src/php/ext/mbstring/libmbfl/mbfl -fstack-protector-strong -fpic -fpie -O2 -D_LARGEFILE_SOURCE -D_FILE_OFFSET_BITS=64 -DHAVE_CONFIG_H -fstack-protector-strong -fpic -fpie -O2 -D_LARGEFILE_SOURCE -D_FILE_OFFSET_BITS=64 -D_GNU_SOURCE -DONIG_ESCAPE_UCHAR_COLLISION=1 -DUChar=OnigUChar -DZEND_ENABLE_STATIC_TSRMLS_CACHE=1 -DZEND_COMPILE_DL_EXT=1 -c /usr/src/php/ext/mbstring/libmbfl/mbfl/mbfilter_wchar.c -MMD -MF libmbfl/mbfl/mbfilter_wchar.dep -MT libmbfl/mbfl/mbfilter_wchar.lo  -fPIC -DPIC -o libmbfl/mbfl/.libs/mbfilter_wchar.o
#8 67.06 /bin/bash /usr/src/php/ext/mbstring/libtool --tag=CC --mode=compile cc -I. -I/usr/src/php/ext/mbstring -I/usr/local/include/php -I/usr/local/include/php/main -I/usr/local/include/php/TSRM -I/usr/local/include/php/Zend -I/usr/local/include/php/ext -I/usr/local/include/php/ext/date/lib -I/usr/src/php/ext/mbstring/libmbfl -I/usr/src/php/ext/mbstring/libmbfl/mbfl  -fstack-protector-strong -fpic -fpie -O2 -D_LARGEFILE_SOURCE -D_FILE_OFFSET_BITS=64 -DHAVE_CONFIG_H  -fstack-protector-strong -fpic -fpie -O2 -D_LARGEFILE_SOURCE -D_FILE_OFFSET_BITS=64 -D_GNU_SOURCE    -DONIG_ESCAPE_UCHAR_COLLISION=1 -DUChar=OnigUChar -DZEND_ENABLE_STATIC_TSRMLS_CACHE=1 -DZEND_COMPILE_DL_EXT=1 -c /usr/src/php/ext/mbstring/libmbfl/mbfl/mbfl_convert.c -o libmbfl/mbfl/mbfl_convert.lo  -MMD -MF libmbfl/mbfl/mbfl_convert.dep -MT libmbfl/mbfl/mbfl_convert.lo
#8 67.43  cc -I. -I/usr/src/php/ext/mbstring -I/usr/local/include/php -I/usr/local/include/php/main -I/usr/local/include/php/TSRM -I/usr/local/include/php/Zend -I/usr/local/include/php/ext -I/usr/local/include/php/ext/date/lib -I/usr/src/php/ext/mbstring/libmbfl -I/usr/src/php/ext/mbstring/libmbfl/mbfl -fstack-protector-strong -fpic -fpie -O2 -D_LARGEFILE_SOURCE -D_FILE_OFFSET_BITS=64 -DHAVE_CONFIG_H -fstack-protector-strong -fpic -fpie -O2 -D_LARGEFILE_SOURCE -D_FILE_OFFSET_BITS=64 -D_GNU_SOURCE -DONIG_ESCAPE_UCHAR_COLLISION=1 -DUChar=OnigUChar -DZEND_ENABLE_STATIC_TSRMLS_CACHE=1 -DZEND_COMPILE_DL_EXT=1 -c /usr/src/php/ext/mbstring/libmbfl/mbfl/mbfl_convert.c -MMD -MF libmbfl/mbfl/mbfl_convert.dep -MT libmbfl/mbfl/mbfl_convert.lo  -fPIC -DPIC -o libmbfl/mbfl/.libs/mbfl_convert.o
#8 68.02 /bin/bash /usr/src/php/ext/mbstring/libtool --tag=CC --mode=compile cc -I. -I/usr/src/php/ext/mbstring -I/usr/local/include/php -I/usr/local/include/php/main -I/usr/local/include/php/TSRM -I/usr/local/include/php/Zend -I/usr/local/include/php/ext -I/usr/local/include/php/ext/date/lib -I/usr/src/php/ext/mbstring/libmbfl -I/usr/src/php/ext/mbstring/libmbfl/mbfl  -fstack-protector-strong -fpic -fpie -O2 -D_LARGEFILE_SOURCE -D_FILE_OFFSET_BITS=64 -DHAVE_CONFIG_H  -fstack-protector-strong -fpic -fpie -O2 -D_LARGEFILE_SOURCE -D_FILE_OFFSET_BITS=64 -D_GNU_SOURCE    -DONIG_ESCAPE_UCHAR_COLLISION=1 -DUChar=OnigUChar -DZEND_ENABLE_STATIC_TSRMLS_CACHE=1 -DZEND_COMPILE_DL_EXT=1 -c /usr/src/php/ext/mbstring/libmbfl/mbfl/mbfl_encoding.c -o libmbfl/mbfl/mbfl_encoding.lo  -MMD -MF libmbfl/mbfl/mbfl_encoding.dep -MT libmbfl/mbfl/mbfl_encoding.lo
#8 68.44  cc -I. -I/usr/src/php/ext/mbstring -I/usr/local/include/php -I/usr/local/include/php/main -I/usr/local/include/php/TSRM -I/usr/local/include/php/Zend -I/usr/local/include/php/ext -I/usr/local/include/php/ext/date/lib -I/usr/src/php/ext/mbstring/libmbfl -I/usr/src/php/ext/mbstring/libmbfl/mbfl -fstack-protector-strong -fpic -fpie -O2 -D_LARGEFILE_SOURCE -D_FILE_OFFSET_BITS=64 -DHAVE_CONFIG_H -fstack-protector-strong -fpic -fpie -O2 -D_LARGEFILE_SOURCE -D_FILE_OFFSET_BITS=64 -D_GNU_SOURCE -DONIG_ESCAPE_UCHAR_COLLISION=1 -DUChar=OnigUChar -DZEND_ENABLE_STATIC_TSRMLS_CACHE=1 -DZEND_COMPILE_DL_EXT=1 -c /usr/src/php/ext/mbstring/libmbfl/mbfl/mbfl_encoding.c -MMD -MF libmbfl/mbfl/mbfl_encoding.dep -MT libmbfl/mbfl/mbfl_encoding.lo  -fPIC -DPIC -o libmbfl/mbfl/.libs/mbfl_encoding.o
#8 68.79 /bin/bash /usr/src/php/ext/mbstring/libtool --tag=CC --mode=compile cc -I. -I/usr/src/php/ext/mbstring -I/usr/local/include/php -I/usr/local/include/php/main -I/usr/local/include/php/TSRM -I/usr/local/include/php/Zend -I/usr/local/include/php/ext -I/usr/local/include/php/ext/date/lib -I/usr/src/php/ext/mbstring/libmbfl -I/usr/src/php/ext/mbstring/libmbfl/mbfl  -fstack-protector-strong -fpic -fpie -O2 -D_LARGEFILE_SOURCE -D_FILE_OFFSET_BITS=64 -DHAVE_CONFIG_H  -fstack-protector-strong -fpic -fpie -O2 -D_LARGEFILE_SOURCE -D_FILE_OFFSET_BITS=64 -D_GNU_SOURCE    -DONIG_ESCAPE_UCHAR_COLLISION=1 -DUChar=OnigUChar -DZEND_ENABLE_STATIC_TSRMLS_CACHE=1 -DZEND_COMPILE_DL_EXT=1 -c /usr/src/php/ext/mbstring/libmbfl/mbfl/mbfl_filter_output.c -o libmbfl/mbfl/mbfl_filter_output.lo  -MMD -MF libmbfl/mbfl/mbfl_filter_output.dep -MT libmbfl/mbfl/mbfl_filter_output.lo
#8 69.15  cc -I. -I/usr/src/php/ext/mbstring -I/usr/local/include/php -I/usr/local/include/php/main -I/usr/local/include/php/TSRM -I/usr/local/include/php/Zend -I/usr/local/include/php/ext -I/usr/local/include/php/ext/date/lib -I/usr/src/php/ext/mbstring/libmbfl -I/usr/src/php/ext/mbstring/libmbfl/mbfl -fstack-protector-strong -fpic -fpie -O2 -D_LARGEFILE_SOURCE -D_FILE_OFFSET_BITS=64 -DHAVE_CONFIG_H -fstack-protector-strong -fpic -fpie -O2 -D_LARGEFILE_SOURCE -D_FILE_OFFSET_BITS=64 -D_GNU_SOURCE -DONIG_ESCAPE_UCHAR_COLLISION=1 -DUChar=OnigUChar -DZEND_ENABLE_STATIC_TSRMLS_CACHE=1 -DZEND_COMPILE_DL_EXT=1 -c /usr/src/php/ext/mbstring/libmbfl/mbfl/mbfl_filter_output.c -MMD -MF libmbfl/mbfl/mbfl_filter_output.dep -MT libmbfl/mbfl/mbfl_filter_output.lo  -fPIC -DPIC -o libmbfl/mbfl/.libs/mbfl_filter_output.o
#8 69.39 /bin/bash /usr/src/php/ext/mbstring/libtool --tag=CC --mode=compile cc -I. -I/usr/src/php/ext/mbstring -I/usr/local/include/php -I/usr/local/include/php/main -I/usr/local/include/php/TSRM -I/usr/local/include/php/Zend -I/usr/local/include/php/ext -I/usr/local/include/php/ext/date/lib -I/usr/src/php/ext/mbstring/libmbfl -I/usr/src/php/ext/mbstring/libmbfl/mbfl  -fstack-protector-strong -fpic -fpie -O2 -D_LARGEFILE_SOURCE -D_FILE_OFFSET_BITS=64 -DHAVE_CONFIG_H  -fstack-protector-strong -fpic -fpie -O2 -D_LARGEFILE_SOURCE -D_FILE_OFFSET_BITS=64 -D_GNU_SOURCE    -DONIG_ESCAPE_UCHAR_COLLISION=1 -DUChar=OnigUChar -DZEND_ENABLE_STATIC_TSRMLS_CACHE=1 -DZEND_COMPILE_DL_EXT=1 -c /usr/src/php/ext/mbstring/libmbfl/mbfl/mbfl_language.c -o libmbfl/mbfl/mbfl_language.lo  -MMD -MF libmbfl/mbfl/mbfl_language.dep -MT libmbfl/mbfl/mbfl_language.lo
#8 69.72  cc -I. -I/usr/src/php/ext/mbstring -I/usr/local/include/php -I/usr/local/include/php/main -I/usr/local/include/php/TSRM -I/usr/local/include/php/Zend -I/usr/local/include/php/ext -I/usr/local/include/php/ext/date/lib -I/usr/src/php/ext/mbstring/libmbfl -I/usr/src/php/ext/mbstring/libmbfl/mbfl -fstack-protector-strong -fpic -fpie -O2 -D_LARGEFILE_SOURCE -D_FILE_OFFSET_BITS=64 -DHAVE_CONFIG_H -fstack-protector-strong -fpic -fpie -O2 -D_LARGEFILE_SOURCE -D_FILE_OFFSET_BITS=64 -D_GNU_SOURCE -DONIG_ESCAPE_UCHAR_COLLISION=1 -DUChar=OnigUChar -DZEND_ENABLE_STATIC_TSRMLS_CACHE=1 -DZEND_COMPILE_DL_EXT=1 -c /usr/src/php/ext/mbstring/libmbfl/mbfl/mbfl_language.c -MMD -MF libmbfl/mbfl/mbfl_language.dep -MT libmbfl/mbfl/mbfl_language.lo  -fPIC -DPIC -o libmbfl/mbfl/.libs/mbfl_language.o
#8 70.22 /bin/bash /usr/src/php/ext/mbstring/libtool --tag=CC --mode=compile cc -I. -I/usr/src/php/ext/mbstring -I/usr/local/include/php -I/usr/local/include/php/main -I/usr/local/include/php/TSRM -I/usr/local/include/php/Zend -I/usr/local/include/php/ext -I/usr/local/include/php/ext/date/lib -I/usr/src/php/ext/mbstring/libmbfl -I/usr/src/php/ext/mbstring/libmbfl/mbfl  -fstack-protector-strong -fpic -fpie -O2 -D_LARGEFILE_SOURCE -D_FILE_OFFSET_BITS=64 -DHAVE_CONFIG_H  -fstack-protector-strong -fpic -fpie -O2 -D_LARGEFILE_SOURCE -D_FILE_OFFSET_BITS=64 -D_GNU_SOURCE    -DONIG_ESCAPE_UCHAR_COLLISION=1 -DUChar=OnigUChar -DZEND_ENABLE_STATIC_TSRMLS_CACHE=1 -DZEND_COMPILE_DL_EXT=1 -c /usr/src/php/ext/mbstring/libmbfl/mbfl/mbfl_memory_device.c -o libmbfl/mbfl/mbfl_memory_device.lo  -MMD -MF libmbfl/mbfl/mbfl_memory_device.dep -MT libmbfl/mbfl/mbfl_memory_device.lo
#8 70.74  cc -I. -I/usr/src/php/ext/mbstring -I/usr/local/include/php -I/usr/local/include/php/main -I/usr/local/include/php/TSRM -I/usr/local/include/php/Zend -I/usr/local/include/php/ext -I/usr/local/include/php/ext/date/lib -I/usr/src/php/ext/mbstring/libmbfl -I/usr/src/php/ext/mbstring/libmbfl/mbfl -fstack-protector-strong -fpic -fpie -O2 -D_LARGEFILE_SOURCE -D_FILE_OFFSET_BITS=64 -DHAVE_CONFIG_H -fstack-protector-strong -fpic -fpie -O2 -D_LARGEFILE_SOURCE -D_FILE_OFFSET_BITS=64 -D_GNU_SOURCE -DONIG_ESCAPE_UCHAR_COLLISION=1 -DUChar=OnigUChar -DZEND_ENABLE_STATIC_TSRMLS_CACHE=1 -DZEND_COMPILE_DL_EXT=1 -c /usr/src/php/ext/mbstring/libmbfl/mbfl/mbfl_memory_device.c -MMD -MF libmbfl/mbfl/mbfl_memory_device.dep -MT libmbfl/mbfl/mbfl_memory_device.lo  -fPIC -DPIC -o libmbfl/mbfl/.libs/mbfl_memory_device.o
#8 71.20 /bin/bash /usr/src/php/ext/mbstring/libtool --tag=CC --mode=compile cc -I. -I/usr/src/php/ext/mbstring -I/usr/local/include/php -I/usr/local/include/php/main -I/usr/local/include/php/TSRM -I/usr/local/include/php/Zend -I/usr/local/include/php/ext -I/usr/local/include/php/ext/date/lib -I/usr/src/php/ext/mbstring/libmbfl -I/usr/src/php/ext/mbstring/libmbfl/mbfl  -fstack-protector-strong -fpic -fpie -O2 -D_LARGEFILE_SOURCE -D_FILE_OFFSET_BITS=64 -DHAVE_CONFIG_H  -fstack-protector-strong -fpic -fpie -O2 -D_LARGEFILE_SOURCE -D_FILE_OFFSET_BITS=64 -D_GNU_SOURCE    -DONIG_ESCAPE_UCHAR_COLLISION=1 -DUChar=OnigUChar -DZEND_ENABLE_STATIC_TSRMLS_CACHE=1 -DZEND_COMPILE_DL_EXT=1 -c /usr/src/php/ext/mbstring/libmbfl/mbfl/mbfl_string.c -o libmbfl/mbfl/mbfl_string.lo  -MMD -MF libmbfl/mbfl/mbfl_string.dep -MT libmbfl/mbfl/mbfl_string.lo
#8 71.61  cc -I. -I/usr/src/php/ext/mbstring -I/usr/local/include/php -I/usr/local/include/php/main -I/usr/local/include/php/TSRM -I/usr/local/include/php/Zend -I/usr/local/include/php/ext -I/usr/local/include/php/ext/date/lib -I/usr/src/php/ext/mbstring/libmbfl -I/usr/src/php/ext/mbstring/libmbfl/mbfl -fstack-protector-strong -fpic -fpie -O2 -D_LARGEFILE_SOURCE -D_FILE_OFFSET_BITS=64 -DHAVE_CONFIG_H -fstack-protector-strong -fpic -fpie -O2 -D_LARGEFILE_SOURCE -D_FILE_OFFSET_BITS=64 -D_GNU_SOURCE -DONIG_ESCAPE_UCHAR_COLLISION=1 -DUChar=OnigUChar -DZEND_ENABLE_STATIC_TSRMLS_CACHE=1 -DZEND_COMPILE_DL_EXT=1 -c /usr/src/php/ext/mbstring/libmbfl/mbfl/mbfl_string.c -MMD -MF libmbfl/mbfl/mbfl_string.dep -MT libmbfl/mbfl/mbfl_string.lo  -fPIC -DPIC -o libmbfl/mbfl/.libs/mbfl_string.o
#8 71.93 /bin/bash /usr/src/php/ext/mbstring/libtool --tag=CC --mode=compile cc -I. -I/usr/src/php/ext/mbstring -I/usr/local/include/php -I/usr/local/include/php/main -I/usr/local/include/php/TSRM -I/usr/local/include/php/Zend -I/usr/local/include/php/ext -I/usr/local/include/php/ext/date/lib -I/usr/src/php/ext/mbstring/libmbfl -I/usr/src/php/ext/mbstring/libmbfl/mbfl  -fstack-protector-strong -fpic -fpie -O2 -D_LARGEFILE_SOURCE -D_FILE_OFFSET_BITS=64 -DHAVE_CONFIG_H  -fstack-protector-strong -fpic -fpie -O2 -D_LARGEFILE_SOURCE -D_FILE_OFFSET_BITS=64 -D_GNU_SOURCE    -DONIG_ESCAPE_UCHAR_COLLISION=1 -DUChar=OnigUChar -DZEND_ENABLE_STATIC_TSRMLS_CACHE=1 -DZEND_COMPILE_DL_EXT=1 -c /usr/src/php/ext/mbstring/libmbfl/nls/nls_de.c -o libmbfl/nls/nls_de.lo  -MMD -MF libmbfl/nls/nls_de.dep -MT libmbfl/nls/nls_de.lo
#8 72.30 mkdir libmbfl/nls/.libs
#8 72.31  cc -I. -I/usr/src/php/ext/mbstring -I/usr/local/include/php -I/usr/local/include/php/main -I/usr/local/include/php/TSRM -I/usr/local/include/php/Zend -I/usr/local/include/php/ext -I/usr/local/include/php/ext/date/lib -I/usr/src/php/ext/mbstring/libmbfl -I/usr/src/php/ext/mbstring/libmbfl/mbfl -fstack-protector-strong -fpic -fpie -O2 -D_LARGEFILE_SOURCE -D_FILE_OFFSET_BITS=64 -DHAVE_CONFIG_H -fstack-protector-strong -fpic -fpie -O2 -D_LARGEFILE_SOURCE -D_FILE_OFFSET_BITS=64 -D_GNU_SOURCE -DONIG_ESCAPE_UCHAR_COLLISION=1 -DUChar=OnigUChar -DZEND_ENABLE_STATIC_TSRMLS_CACHE=1 -DZEND_COMPILE_DL_EXT=1 -c /usr/src/php/ext/mbstring/libmbfl/nls/nls_de.c -MMD -MF libmbfl/nls/nls_de.dep -MT libmbfl/nls/nls_de.lo  -fPIC -DPIC -o libmbfl/nls/.libs/nls_de.o
#8 72.57 /bin/bash /usr/src/php/ext/mbstring/libtool --tag=CC --mode=compile cc -I. -I/usr/src/php/ext/mbstring -I/usr/local/include/php -I/usr/local/include/php/main -I/usr/local/include/php/TSRM -I/usr/local/include/php/Zend -I/usr/local/include/php/ext -I/usr/local/include/php/ext/date/lib -I/usr/src/php/ext/mbstring/libmbfl -I/usr/src/php/ext/mbstring/libmbfl/mbfl  -fstack-protector-strong -fpic -fpie -O2 -D_LARGEFILE_SOURCE -D_FILE_OFFSET_BITS=64 -DHAVE_CONFIG_H  -fstack-protector-strong -fpic -fpie -O2 -D_LARGEFILE_SOURCE -D_FILE_OFFSET_BITS=64 -D_GNU_SOURCE    -DONIG_ESCAPE_UCHAR_COLLISION=1 -DUChar=OnigUChar -DZEND_ENABLE_STATIC_TSRMLS_CACHE=1 -DZEND_COMPILE_DL_EXT=1 -c /usr/src/php/ext/mbstring/libmbfl/nls/nls_en.c -o libmbfl/nls/nls_en.lo  -MMD -MF libmbfl/nls/nls_en.dep -MT libmbfl/nls/nls_en.lo
#8 73.01  cc -I. -I/usr/src/php/ext/mbstring -I/usr/local/include/php -I/usr/local/include/php/main -I/usr/local/include/php/TSRM -I/usr/local/include/php/Zend -I/usr/local/include/php/ext -I/usr/local/include/php/ext/date/lib -I/usr/src/php/ext/mbstring/libmbfl -I/usr/src/php/ext/mbstring/libmbfl/mbfl -fstack-protector-strong -fpic -fpie -O2 -D_LARGEFILE_SOURCE -D_FILE_OFFSET_BITS=64 -DHAVE_CONFIG_H -fstack-protector-strong -fpic -fpie -O2 -D_LARGEFILE_SOURCE -D_FILE_OFFSET_BITS=64 -D_GNU_SOURCE -DONIG_ESCAPE_UCHAR_COLLISION=1 -DUChar=OnigUChar -DZEND_ENABLE_STATIC_TSRMLS_CACHE=1 -DZEND_COMPILE_DL_EXT=1 -c /usr/src/php/ext/mbstring/libmbfl/nls/nls_en.c -MMD -MF libmbfl/nls/nls_en.dep -MT libmbfl/nls/nls_en.lo  -fPIC -DPIC -o libmbfl/nls/.libs/nls_en.o
#8 73.28 /bin/bash /usr/src/php/ext/mbstring/libtool --tag=CC --mode=compile cc -I. -I/usr/src/php/ext/mbstring -I/usr/local/include/php -I/usr/local/include/php/main -I/usr/local/include/php/TSRM -I/usr/local/include/php/Zend -I/usr/local/include/php/ext -I/usr/local/include/php/ext/date/lib -I/usr/src/php/ext/mbstring/libmbfl -I/usr/src/php/ext/mbstring/libmbfl/mbfl  -fstack-protector-strong -fpic -fpie -O2 -D_LARGEFILE_SOURCE -D_FILE_OFFSET_BITS=64 -DHAVE_CONFIG_H  -fstack-protector-strong -fpic -fpie -O2 -D_LARGEFILE_SOURCE -D_FILE_OFFSET_BITS=64 -D_GNU_SOURCE    -DONIG_ESCAPE_UCHAR_COLLISION=1 -DUChar=OnigUChar -DZEND_ENABLE_STATIC_TSRMLS_CACHE=1 -DZEND_COMPILE_DL_EXT=1 -c /usr/src/php/ext/mbstring/libmbfl/nls/nls_ja.c -o libmbfl/nls/nls_ja.lo  -MMD -MF libmbfl/nls/nls_ja.dep -MT libmbfl/nls/nls_ja.lo
#8 73.65  cc -I. -I/usr/src/php/ext/mbstring -I/usr/local/include/php -I/usr/local/include/php/main -I/usr/local/include/php/TSRM -I/usr/local/include/php/Zend -I/usr/local/include/php/ext -I/usr/local/include/php/ext/date/lib -I/usr/src/php/ext/mbstring/libmbfl -I/usr/src/php/ext/mbstring/libmbfl/mbfl -fstack-protector-strong -fpic -fpie -O2 -D_LARGEFILE_SOURCE -D_FILE_OFFSET_BITS=64 -DHAVE_CONFIG_H -fstack-protector-strong -fpic -fpie -O2 -D_LARGEFILE_SOURCE -D_FILE_OFFSET_BITS=64 -D_GNU_SOURCE -DONIG_ESCAPE_UCHAR_COLLISION=1 -DUChar=OnigUChar -DZEND_ENABLE_STATIC_TSRMLS_CACHE=1 -DZEND_COMPILE_DL_EXT=1 -c /usr/src/php/ext/mbstring/libmbfl/nls/nls_ja.c -MMD -MF libmbfl/nls/nls_ja.dep -MT libmbfl/nls/nls_ja.lo  -fPIC -DPIC -o libmbfl/nls/.libs/nls_ja.o
#8 73.95 /bin/bash /usr/src/php/ext/mbstring/libtool --tag=CC --mode=compile cc -I. -I/usr/src/php/ext/mbstring -I/usr/local/include/php -I/usr/local/include/php/main -I/usr/local/include/php/TSRM -I/usr/local/include/php/Zend -I/usr/local/include/php/ext -I/usr/local/include/php/ext/date/lib -I/usr/src/php/ext/mbstring/libmbfl -I/usr/src/php/ext/mbstring/libmbfl/mbfl  -fstack-protector-strong -fpic -fpie -O2 -D_LARGEFILE_SOURCE -D_FILE_OFFSET_BITS=64 -DHAVE_CONFIG_H  -fstack-protector-strong -fpic -fpie -O2 -D_LARGEFILE_SOURCE -D_FILE_OFFSET_BITS=64 -D_GNU_SOURCE    -DONIG_ESCAPE_UCHAR_COLLISION=1 -DUChar=OnigUChar -DZEND_ENABLE_STATIC_TSRMLS_CACHE=1 -DZEND_COMPILE_DL_EXT=1 -c /usr/src/php/ext/mbstring/libmbfl/nls/nls_kr.c -o libmbfl/nls/nls_kr.lo  -MMD -MF libmbfl/nls/nls_kr.dep -MT libmbfl/nls/nls_kr.lo
#8 74.38  cc -I. -I/usr/src/php/ext/mbstring -I/usr/local/include/php -I/usr/local/include/php/main -I/usr/local/include/php/TSRM -I/usr/local/include/php/Zend -I/usr/local/include/php/ext -I/usr/local/include/php/ext/date/lib -I/usr/src/php/ext/mbstring/libmbfl -I/usr/src/php/ext/mbstring/libmbfl/mbfl -fstack-protector-strong -fpic -fpie -O2 -D_LARGEFILE_SOURCE -D_FILE_OFFSET_BITS=64 -DHAVE_CONFIG_H -fstack-protector-strong -fpic -fpie -O2 -D_LARGEFILE_SOURCE -D_FILE_OFFSET_BITS=64 -D_GNU_SOURCE -DONIG_ESCAPE_UCHAR_COLLISION=1 -DUChar=OnigUChar -DZEND_ENABLE_STATIC_TSRMLS_CACHE=1 -DZEND_COMPILE_DL_EXT=1 -c /usr/src/php/ext/mbstring/libmbfl/nls/nls_kr.c -MMD -MF libmbfl/nls/nls_kr.dep -MT libmbfl/nls/nls_kr.lo  -fPIC -DPIC -o libmbfl/nls/.libs/nls_kr.o
#8 74.74 /bin/bash /usr/src/php/ext/mbstring/libtool --tag=CC --mode=compile cc -I. -I/usr/src/php/ext/mbstring -I/usr/local/include/php -I/usr/local/include/php/main -I/usr/local/include/php/TSRM -I/usr/local/include/php/Zend -I/usr/local/include/php/ext -I/usr/local/include/php/ext/date/lib -I/usr/src/php/ext/mbstring/libmbfl -I/usr/src/php/ext/mbstring/libmbfl/mbfl  -fstack-protector-strong -fpic -fpie -O2 -D_LARGEFILE_SOURCE -D_FILE_OFFSET_BITS=64 -DHAVE_CONFIG_H  -fstack-protector-strong -fpic -fpie -O2 -D_LARGEFILE_SOURCE -D_FILE_OFFSET_BITS=64 -D_GNU_SOURCE    -DONIG_ESCAPE_UCHAR_COLLISION=1 -DUChar=OnigUChar -DZEND_ENABLE_STATIC_TSRMLS_CACHE=1 -DZEND_COMPILE_DL_EXT=1 -c /usr/src/php/ext/mbstring/libmbfl/nls/nls_neutral.c -o libmbfl/nls/nls_neutral.lo  -MMD -MF libmbfl/nls/nls_neutral.dep -MT libmbfl/nls/nls_neutral.lo
#8 75.14  cc -I. -I/usr/src/php/ext/mbstring -I/usr/local/include/php -I/usr/local/include/php/main -I/usr/local/include/php/TSRM -I/usr/local/include/php/Zend -I/usr/local/include/php/ext -I/usr/local/include/php/ext/date/lib -I/usr/src/php/ext/mbstring/libmbfl -I/usr/src/php/ext/mbstring/libmbfl/mbfl -fstack-protector-strong -fpic -fpie -O2 -D_LARGEFILE_SOURCE -D_FILE_OFFSET_BITS=64 -DHAVE_CONFIG_H -fstack-protector-strong -fpic -fpie -O2 -D_LARGEFILE_SOURCE -D_FILE_OFFSET_BITS=64 -D_GNU_SOURCE -DONIG_ESCAPE_UCHAR_COLLISION=1 -DUChar=OnigUChar -DZEND_ENABLE_STATIC_TSRMLS_CACHE=1 -DZEND_COMPILE_DL_EXT=1 -c /usr/src/php/ext/mbstring/libmbfl/nls/nls_neutral.c -MMD -MF libmbfl/nls/nls_neutral.dep -MT libmbfl/nls/nls_neutral.lo  -fPIC -DPIC -o libmbfl/nls/.libs/nls_neutral.o
#8 75.40 /bin/bash /usr/src/php/ext/mbstring/libtool --tag=CC --mode=compile cc -I. -I/usr/src/php/ext/mbstring -I/usr/local/include/php -I/usr/local/include/php/main -I/usr/local/include/php/TSRM -I/usr/local/include/php/Zend -I/usr/local/include/php/ext -I/usr/local/include/php/ext/date/lib -I/usr/src/php/ext/mbstring/libmbfl -I/usr/src/php/ext/mbstring/libmbfl/mbfl  -fstack-protector-strong -fpic -fpie -O2 -D_LARGEFILE_SOURCE -D_FILE_OFFSET_BITS=64 -DHAVE_CONFIG_H  -fstack-protector-strong -fpic -fpie -O2 -D_LARGEFILE_SOURCE -D_FILE_OFFSET_BITS=64 -D_GNU_SOURCE    -DONIG_ESCAPE_UCHAR_COLLISION=1 -DUChar=OnigUChar -DZEND_ENABLE_STATIC_TSRMLS_CACHE=1 -DZEND_COMPILE_DL_EXT=1 -c /usr/src/php/ext/mbstring/libmbfl/nls/nls_ru.c -o libmbfl/nls/nls_ru.lo  -MMD -MF libmbfl/nls/nls_ru.dep -MT libmbfl/nls/nls_ru.lo
#8 75.80  cc -I. -I/usr/src/php/ext/mbstring -I/usr/local/include/php -I/usr/local/include/php/main -I/usr/local/include/php/TSRM -I/usr/local/include/php/Zend -I/usr/local/include/php/ext -I/usr/local/include/php/ext/date/lib -I/usr/src/php/ext/mbstring/libmbfl -I/usr/src/php/ext/mbstring/libmbfl/mbfl -fstack-protector-strong -fpic -fpie -O2 -D_LARGEFILE_SOURCE -D_FILE_OFFSET_BITS=64 -DHAVE_CONFIG_H -fstack-protector-strong -fpic -fpie -O2 -D_LARGEFILE_SOURCE -D_FILE_OFFSET_BITS=64 -D_GNU_SOURCE -DONIG_ESCAPE_UCHAR_COLLISION=1 -DUChar=OnigUChar -DZEND_ENABLE_STATIC_TSRMLS_CACHE=1 -DZEND_COMPILE_DL_EXT=1 -c /usr/src/php/ext/mbstring/libmbfl/nls/nls_ru.c -MMD -MF libmbfl/nls/nls_ru.dep -MT libmbfl/nls/nls_ru.lo  -fPIC -DPIC -o libmbfl/nls/.libs/nls_ru.o
#8 76.34 /bin/bash /usr/src/php/ext/mbstring/libtool --tag=CC --mode=compile cc -I. -I/usr/src/php/ext/mbstring -I/usr/local/include/php -I/usr/local/include/php/main -I/usr/local/include/php/TSRM -I/usr/local/include/php/Zend -I/usr/local/include/php/ext -I/usr/local/include/php/ext/date/lib -I/usr/src/php/ext/mbstring/libmbfl -I/usr/src/php/ext/mbstring/libmbfl/mbfl  -fstack-protector-strong -fpic -fpie -O2 -D_LARGEFILE_SOURCE -D_FILE_OFFSET_BITS=64 -DHAVE_CONFIG_H  -fstack-protector-strong -fpic -fpie -O2 -D_LARGEFILE_SOURCE -D_FILE_OFFSET_BITS=64 -D_GNU_SOURCE    -DONIG_ESCAPE_UCHAR_COLLISION=1 -DUChar=OnigUChar -DZEND_ENABLE_STATIC_TSRMLS_CACHE=1 -DZEND_COMPILE_DL_EXT=1 -c /usr/src/php/ext/mbstring/libmbfl/nls/nls_uni.c -o libmbfl/nls/nls_uni.lo  -MMD -MF libmbfl/nls/nls_uni.dep -MT libmbfl/nls/nls_uni.lo
#8 76.71  cc -I. -I/usr/src/php/ext/mbstring -I/usr/local/include/php -I/usr/local/include/php/main -I/usr/local/include/php/TSRM -I/usr/local/include/php/Zend -I/usr/local/include/php/ext -I/usr/local/include/php/ext/date/lib -I/usr/src/php/ext/mbstring/libmbfl -I/usr/src/php/ext/mbstring/libmbfl/mbfl -fstack-protector-strong -fpic -fpie -O2 -D_LARGEFILE_SOURCE -D_FILE_OFFSET_BITS=64 -DHAVE_CONFIG_H -fstack-protector-strong -fpic -fpie -O2 -D_LARGEFILE_SOURCE -D_FILE_OFFSET_BITS=64 -D_GNU_SOURCE -DONIG_ESCAPE_UCHAR_COLLISION=1 -DUChar=OnigUChar -DZEND_ENABLE_STATIC_TSRMLS_CACHE=1 -DZEND_COMPILE_DL_EXT=1 -c /usr/src/php/ext/mbstring/libmbfl/nls/nls_uni.c -MMD -MF libmbfl/nls/nls_uni.dep -MT libmbfl/nls/nls_uni.lo  -fPIC -DPIC -o libmbfl/nls/.libs/nls_uni.o
#8 76.94 /bin/bash /usr/src/php/ext/mbstring/libtool --tag=CC --mode=compile cc -I. -I/usr/src/php/ext/mbstring -I/usr/local/include/php -I/usr/local/include/php/main -I/usr/local/include/php/TSRM -I/usr/local/include/php/Zend -I/usr/local/include/php/ext -I/usr/local/include/php/ext/date/lib -I/usr/src/php/ext/mbstring/libmbfl -I/usr/src/php/ext/mbstring/libmbfl/mbfl  -fstack-protector-strong -fpic -fpie -O2 -D_LARGEFILE_SOURCE -D_FILE_OFFSET_BITS=64 -DHAVE_CONFIG_H  -fstack-protector-strong -fpic -fpie -O2 -D_LARGEFILE_SOURCE -D_FILE_OFFSET_BITS=64 -D_GNU_SOURCE    -DONIG_ESCAPE_UCHAR_COLLISION=1 -DUChar=OnigUChar -DZEND_ENABLE_STATIC_TSRMLS_CACHE=1 -DZEND_COMPILE_DL_EXT=1 -c /usr/src/php/ext/mbstring/libmbfl/nls/nls_zh.c -o libmbfl/nls/nls_zh.lo  -MMD -MF libmbfl/nls/nls_zh.dep -MT libmbfl/nls/nls_zh.lo
#8 77.26  cc -I. -I/usr/src/php/ext/mbstring -I/usr/local/include/php -I/usr/local/include/php/main -I/usr/local/include/php/TSRM -I/usr/local/include/php/Zend -I/usr/local/include/php/ext -I/usr/local/include/php/ext/date/lib -I/usr/src/php/ext/mbstring/libmbfl -I/usr/src/php/ext/mbstring/libmbfl/mbfl -fstack-protector-strong -fpic -fpie -O2 -D_LARGEFILE_SOURCE -D_FILE_OFFSET_BITS=64 -DHAVE_CONFIG_H -fstack-protector-strong -fpic -fpie -O2 -D_LARGEFILE_SOURCE -D_FILE_OFFSET_BITS=64 -D_GNU_SOURCE -DONIG_ESCAPE_UCHAR_COLLISION=1 -DUChar=OnigUChar -DZEND_ENABLE_STATIC_TSRMLS_CACHE=1 -DZEND_COMPILE_DL_EXT=1 -c /usr/src/php/ext/mbstring/libmbfl/nls/nls_zh.c -MMD -MF libmbfl/nls/nls_zh.dep -MT libmbfl/nls/nls_zh.lo  -fPIC -DPIC -o libmbfl/nls/.libs/nls_zh.o
#8 77.49 /bin/bash /usr/src/php/ext/mbstring/libtool --tag=CC --mode=compile cc -I. -I/usr/src/php/ext/mbstring -I/usr/local/include/php -I/usr/local/include/php/main -I/usr/local/include/php/TSRM -I/usr/local/include/php/Zend -I/usr/local/include/php/ext -I/usr/local/include/php/ext/date/lib -I/usr/src/php/ext/mbstring/libmbfl -I/usr/src/php/ext/mbstring/libmbfl/mbfl  -fstack-protector-strong -fpic -fpie -O2 -D_LARGEFILE_SOURCE -D_FILE_OFFSET_BITS=64 -DHAVE_CONFIG_H  -fstack-protector-strong -fpic -fpie -O2 -D_LARGEFILE_SOURCE -D_FILE_OFFSET_BITS=64 -D_GNU_SOURCE    -DONIG_ESCAPE_UCHAR_COLLISION=1 -DUChar=OnigUChar -DZEND_ENABLE_STATIC_TSRMLS_CACHE=1 -DZEND_COMPILE_DL_EXT=1 -c /usr/src/php/ext/mbstring/libmbfl/nls/nls_hy.c -o libmbfl/nls/nls_hy.lo  -MMD -MF libmbfl/nls/nls_hy.dep -MT libmbfl/nls/nls_hy.lo
#8 77.85  cc -I. -I/usr/src/php/ext/mbstring -I/usr/local/include/php -I/usr/local/include/php/main -I/usr/local/include/php/TSRM -I/usr/local/include/php/Zend -I/usr/local/include/php/ext -I/usr/local/include/php/ext/date/lib -I/usr/src/php/ext/mbstring/libmbfl -I/usr/src/php/ext/mbstring/libmbfl/mbfl -fstack-protector-strong -fpic -fpie -O2 -D_LARGEFILE_SOURCE -D_FILE_OFFSET_BITS=64 -DHAVE_CONFIG_H -fstack-protector-strong -fpic -fpie -O2 -D_LARGEFILE_SOURCE -D_FILE_OFFSET_BITS=64 -D_GNU_SOURCE -DONIG_ESCAPE_UCHAR_COLLISION=1 -DUChar=OnigUChar -DZEND_ENABLE_STATIC_TSRMLS_CACHE=1 -DZEND_COMPILE_DL_EXT=1 -c /usr/src/php/ext/mbstring/libmbfl/nls/nls_hy.c -MMD -MF libmbfl/nls/nls_hy.dep -MT libmbfl/nls/nls_hy.lo  -fPIC -DPIC -o libmbfl/nls/.libs/nls_hy.o
#8 78.07 /bin/bash /usr/src/php/ext/mbstring/libtool --tag=CC --mode=compile cc -I. -I/usr/src/php/ext/mbstring -I/usr/local/include/php -I/usr/local/include/php/main -I/usr/local/include/php/TSRM -I/usr/local/include/php/Zend -I/usr/local/include/php/ext -I/usr/local/include/php/ext/date/lib -I/usr/src/php/ext/mbstring/libmbfl -I/usr/src/php/ext/mbstring/libmbfl/mbfl  -fstack-protector-strong -fpic -fpie -O2 -D_LARGEFILE_SOURCE -D_FILE_OFFSET_BITS=64 -DHAVE_CONFIG_H  -fstack-protector-strong -fpic -fpie -O2 -D_LARGEFILE_SOURCE -D_FILE_OFFSET_BITS=64 -D_GNU_SOURCE    -DONIG_ESCAPE_UCHAR_COLLISION=1 -DUChar=OnigUChar -DZEND_ENABLE_STATIC_TSRMLS_CACHE=1 -DZEND_COMPILE_DL_EXT=1 -c /usr/src/php/ext/mbstring/libmbfl/nls/nls_tr.c -o libmbfl/nls/nls_tr.lo  -MMD -MF libmbfl/nls/nls_tr.dep -MT libmbfl/nls/nls_tr.lo
#8 78.41  cc -I. -I/usr/src/php/ext/mbstring -I/usr/local/include/php -I/usr/local/include/php/main -I/usr/local/include/php/TSRM -I/usr/local/include/php/Zend -I/usr/local/include/php/ext -I/usr/local/include/php/ext/date/lib -I/usr/src/php/ext/mbstring/libmbfl -I/usr/src/php/ext/mbstring/libmbfl/mbfl -fstack-protector-strong -fpic -fpie -O2 -D_LARGEFILE_SOURCE -D_FILE_OFFSET_BITS=64 -DHAVE_CONFIG_H -fstack-protector-strong -fpic -fpie -O2 -D_LARGEFILE_SOURCE -D_FILE_OFFSET_BITS=64 -D_GNU_SOURCE -DONIG_ESCAPE_UCHAR_COLLISION=1 -DUChar=OnigUChar -DZEND_ENABLE_STATIC_TSRMLS_CACHE=1 -DZEND_COMPILE_DL_EXT=1 -c /usr/src/php/ext/mbstring/libmbfl/nls/nls_tr.c -MMD -MF libmbfl/nls/nls_tr.dep -MT libmbfl/nls/nls_tr.lo  -fPIC -DPIC -o libmbfl/nls/.libs/nls_tr.o
#8 78.64 /bin/bash /usr/src/php/ext/mbstring/libtool --tag=CC --mode=compile cc -I. -I/usr/src/php/ext/mbstring -I/usr/local/include/php -I/usr/local/include/php/main -I/usr/local/include/php/TSRM -I/usr/local/include/php/Zend -I/usr/local/include/php/ext -I/usr/local/include/php/ext/date/lib -I/usr/src/php/ext/mbstring/libmbfl -I/usr/src/php/ext/mbstring/libmbfl/mbfl  -fstack-protector-strong -fpic -fpie -O2 -D_LARGEFILE_SOURCE -D_FILE_OFFSET_BITS=64 -DHAVE_CONFIG_H  -fstack-protector-strong -fpic -fpie -O2 -D_LARGEFILE_SOURCE -D_FILE_OFFSET_BITS=64 -D_GNU_SOURCE    -DONIG_ESCAPE_UCHAR_COLLISION=1 -DUChar=OnigUChar -DZEND_ENABLE_STATIC_TSRMLS_CACHE=1 -DZEND_COMPILE_DL_EXT=1 -c /usr/src/php/ext/mbstring/libmbfl/nls/nls_ua.c -o libmbfl/nls/nls_ua.lo  -MMD -MF libmbfl/nls/nls_ua.dep -MT libmbfl/nls/nls_ua.lo
#8 78.94  cc -I. -I/usr/src/php/ext/mbstring -I/usr/local/include/php -I/usr/local/include/php/main -I/usr/local/include/php/TSRM -I/usr/local/include/php/Zend -I/usr/local/include/php/ext -I/usr/local/include/php/ext/date/lib -I/usr/src/php/ext/mbstring/libmbfl -I/usr/src/php/ext/mbstring/libmbfl/mbfl -fstack-protector-strong -fpic -fpie -O2 -D_LARGEFILE_SOURCE -D_FILE_OFFSET_BITS=64 -DHAVE_CONFIG_H -fstack-protector-strong -fpic -fpie -O2 -D_LARGEFILE_SOURCE -D_FILE_OFFSET_BITS=64 -D_GNU_SOURCE -DONIG_ESCAPE_UCHAR_COLLISION=1 -DUChar=OnigUChar -DZEND_ENABLE_STATIC_TSRMLS_CACHE=1 -DZEND_COMPILE_DL_EXT=1 -c /usr/src/php/ext/mbstring/libmbfl/nls/nls_ua.c -MMD -MF libmbfl/nls/nls_ua.dep -MT libmbfl/nls/nls_ua.lo  -fPIC -DPIC -o libmbfl/nls/.libs/nls_ua.o
#8 79.13 /bin/bash /usr/src/php/ext/mbstring/libtool --tag=CC --mode=link cc -shared -I/usr/local/include/php -I/usr/local/include/php/main -I/usr/local/include/php/TSRM -I/usr/local/include/php/Zend -I/usr/local/include/php/ext -I/usr/local/include/php/ext/date/lib -I/usr/src/php/ext/mbstring/libmbfl -I/usr/src/php/ext/mbstring/libmbfl/mbfl  -fstack-protector-strong -fpic -fpie -O2 -D_LARGEFILE_SOURCE -D_FILE_OFFSET_BITS=64 -DHAVE_CONFIG_H  -fstack-protector-strong -fpic -fpie -O2 -D_LARGEFILE_SOURCE -D_FILE_OFFSET_BITS=64 -D_GNU_SOURCE  -Wl,-O1 -pie  -o mbstring.la -export-dynamic -avoid-version -prefer-pic -module -rpath /usr/src/php/ext/mbstring/modules  mbstring.lo php_unicode.lo mb_gpc.lo php_mbregex.lo libmbfl/filters/html_entities.lo libmbfl/filters/mbfilter_7bit.lo libmbfl/filters/mbfilter_base64.lo libmbfl/filters/mbfilter_cjk.lo libmbfl/filters/mbfilter_htmlent.lo libmbfl/filters/mbfilter_qprint.lo libmbfl/filters/mbfilter_singlebyte.lo libmbfl/filters/mbfilter_ucs2.lo libmbfl/filters/mbfilter_ucs4.lo libmbfl/filters/mbfilter_utf16.lo libmbfl/filters/mbfilter_utf32.lo libmbfl/filters/mbfilter_utf7.lo libmbfl/filters/mbfilter_utf7imap.lo libmbfl/filters/mbfilter_utf8.lo libmbfl/filters/mbfilter_uuencode.lo libmbfl/mbfl/mbfilter.lo libmbfl/mbfl/mbfilter_8bit.lo libmbfl/mbfl/mbfilter_pass.lo libmbfl/mbfl/mbfilter_wchar.lo libmbfl/mbfl/mbfl_convert.lo libmbfl/mbfl/mbfl_encoding.lo libmbfl/mbfl/mbfl_filter_output.lo libmbfl/mbfl/mbfl_language.lo libmbfl/mbfl/mbfl_memory_device.lo libmbfl/mbfl/mbfl_string.lo libmbfl/nls/nls_de.lo libmbfl/nls/nls_en.lo libmbfl/nls/nls_ja.lo libmbfl/nls/nls_kr.lo libmbfl/nls/nls_neutral.lo libmbfl/nls/nls_ru.lo libmbfl/nls/nls_uni.lo libmbfl/nls/nls_zh.lo libmbfl/nls/nls_hy.lo libmbfl/nls/nls_tr.lo libmbfl/nls/nls_ua.lo -lonig
#8 80.00 cc -shared  .libs/mbstring.o .libs/php_unicode.o .libs/mb_gpc.o .libs/php_mbregex.o libmbfl/filters/.libs/html_entities.o libmbfl/filters/.libs/mbfilter_7bit.o libmbfl/filters/.libs/mbfilter_base64.o libmbfl/filters/.libs/mbfilter_cjk.o libmbfl/filters/.libs/mbfilter_htmlent.o libmbfl/filters/.libs/mbfilter_qprint.o libmbfl/filters/.libs/mbfilter_singlebyte.o libmbfl/filters/.libs/mbfilter_ucs2.o libmbfl/filters/.libs/mbfilter_ucs4.o libmbfl/filters/.libs/mbfilter_utf16.o libmbfl/filters/.libs/mbfilter_utf32.o libmbfl/filters/.libs/mbfilter_utf7.o libmbfl/filters/.libs/mbfilter_utf7imap.o libmbfl/filters/.libs/mbfilter_utf8.o libmbfl/filters/.libs/mbfilter_uuencode.o libmbfl/mbfl/.libs/mbfilter.o libmbfl/mbfl/.libs/mbfilter_8bit.o libmbfl/mbfl/.libs/mbfilter_pass.o libmbfl/mbfl/.libs/mbfilter_wchar.o libmbfl/mbfl/.libs/mbfl_convert.o libmbfl/mbfl/.libs/mbfl_encoding.o libmbfl/mbfl/.libs/mbfl_filter_output.o libmbfl/mbfl/.libs/mbfl_language.o libmbfl/mbfl/.libs/mbfl_memory_device.o libmbfl/mbfl/.libs/mbfl_string.o libmbfl/nls/.libs/nls_de.o libmbfl/nls/.libs/nls_en.o libmbfl/nls/.libs/nls_ja.o libmbfl/nls/.libs/nls_kr.o libmbfl/nls/.libs/nls_neutral.o libmbfl/nls/.libs/nls_ru.o libmbfl/nls/.libs/nls_uni.o libmbfl/nls/.libs/nls_zh.o libmbfl/nls/.libs/nls_hy.o libmbfl/nls/.libs/nls_tr.o libmbfl/nls/.libs/nls_ua.o  -lonig  -Wl,-O1 -Wl,-soname -Wl,mbstring.so -o .libs/mbstring.so
#8 80.09 creating mbstring.la
#8 80.11 (cd .libs && rm -f mbstring.la && ln -s ../mbstring.la mbstring.la)
#8 80.13 /bin/bash /usr/src/php/ext/mbstring/libtool --tag=CC --mode=install cp ./mbstring.la /usr/src/php/ext/mbstring/modules
#8 80.21 cp ./.libs/mbstring.so /usr/src/php/ext/mbstring/modules/mbstring.so
#8 80.23 cp ./.libs/mbstring.lai /usr/src/php/ext/mbstring/modules/mbstring.la
#8 80.29 PATH="$PATH:/sbin" ldconfig -n /usr/src/php/ext/mbstring/modules
#8 80.30 ----------------------------------------------------------------------
#8 80.30 Libraries have been installed in:
#8 80.30    /usr/src/php/ext/mbstring/modules
#8 80.30 
#8 80.30 If you ever happen to want to link against installed libraries
#8 80.30 in a given directory, LIBDIR, you must either use libtool, and
#8 80.30 specify the full pathname of the library, or use the `-LLIBDIR'
#8 80.30 flag during linking and do at least one of the following:
#8 80.30    - add LIBDIR to the `LD_LIBRARY_PATH' environment variable
#8 80.30      during execution
#8 80.30    - add LIBDIR to the `LD_RUN_PATH' environment variable
#8 80.30      during linking
#8 80.30    - use the `-Wl,--rpath -Wl,LIBDIR' linker flag
#8 80.30    - have your system administrator add LIBDIR to `/etc/ld.so.conf'
#8 80.30 
#8 80.30 See any operating system documentation about shared libraries for
#8 80.30 more information, such as the ld(1) and ld.so(8) manual pages.
#8 80.30 ----------------------------------------------------------------------
#8 80.31 
#8 80.31 Build complete.
#8 80.32 Don't forget to run 'make test'.
#8 80.32 
#8 80.39 + strip --strip-all modules/mbstring.so
#8 80.51 Installing shared extensions:     /usr/local/lib/php/extensions/no-debug-non-zts-20250925/
#8 81.97 Installing header files:          /usr/local/include/php/
#8 83.55 
#8 83.55 warning: mbstring (mbstring) is already loaded!
#8 83.55 
#8 83.57 find . -name \*.gcno -o -name \*.gcda | xargs rm -f
#8 83.59 find . -name \*.lo -o -name \*.o -o -name \*.dep | xargs rm -f
#8 83.61 find . -name \*.la -o -name \*.a | xargs rm -f
#8 83.63 find . -name \*.so | xargs rm -f
#8 83.67 find . -name .libs -a -type d|xargs rm -rf
#8 83.69 rm -f libphp.la        modules/* libs/*
#8 83.70 rm -f ext/opcache/jit/ir/gen_ir_fold_hash
#8 83.71 rm -f ext/opcache/jit/ir/minilua
#8 83.72 rm -f ext/opcache/jit/ir/ir_fold_hash.h
#8 83.72 rm -f ext/opcache/jit/ir/ir_emit_x86.h
#8 83.73 rm -f ext/opcache/jit/ir/ir_emit_aarch64.h
#8 83.82 Configuring for:
#8 83.82 PHP Version:             8.5
#8 83.82 PHP Api Version:         20250925
#8 83.82 Zend Module Api No:      20250925
#8 83.82 Zend Extension Api No:   420250925
#8 85.70 checking for grep that handles long lines and -e... /usr/bin/grep
#8 85.70 checking for egrep... /usr/bin/grep -E
#8 85.72 checking for a sed that does not truncate output... /usr/bin/sed
#8 85.85 checking build system type... x86_64-pc-linux-gnu
#8 85.87 checking host system type... x86_64-pc-linux-gnu
#8 85.88 checking target system type... x86_64-pc-linux-gnu
#8 85.98 shtool:echo:Warning: unable to determine terminal sequence for bold mode
#8 86.13 shtool:echo:Warning: unable to determine terminal sequence for bold mode
#8 86.18 checking for gawk... no
#8 86.18 checking for nawk... nawk
#8 86.18 checking if nawk is broken... no
#8 86.19 checking for pkg-config... /usr/bin/pkg-config
#8 86.19 checking pkg-config is at least version 0.9.0... yes
#8 86.20 checking for cc... cc
#8 86.28 checking whether the C compiler works... yes
#8 86.39 checking for C compiler default output file name... a.out
#8 86.39 checking for suffix of executables... 
#8 86.50 checking whether we are cross compiling... no
#8 86.62 checking for suffix of object files... o
#8 86.68 checking whether the compiler supports GNU C... yes
#8 86.74 checking whether cc accepts -g... yes
#8 86.80 checking for cc option to enable C11 features... none needed
#8 86.89 checking how to run the C preprocessor... cc -E
#8 87.04 checking for egrep -e... (cached) /usr/bin/grep -E
#8 87.04 checking for icc... no
#8 87.08 checking for suncc... no
#8 87.11 checking for system library directory... lib
#8 87.11 checking if compiler supports -Wl,-rpath,... yes
#8 87.27 checking for PHP prefix... /usr/local
#8 87.27 checking for PHP includes... -I/usr/local/include/php -I/usr/local/include/php/main -I/usr/local/include/php/TSRM -I/usr/local/include/php/Zend -I/usr/local/include/php/ext -I/usr/local/include/php/ext/date/lib
#8 87.27 checking for PHP extension directory... /usr/local/lib/php/extensions/no-debug-non-zts-20250925
#8 87.27 checking for PHP installed headers prefix... /usr/local/include/php
#8 87.27 checking if debugging is enabled... no
#8 87.32 checking if PHP is built with thread safety (ZTS)... no
#8 87.37 
#8 87.37 Configuring extension
#8 87.37 checking whether to enable EXIF (metadata from images) support... yes, shared
#8 87.38 
#8 87.38 Configuring libtool
#8 87.38 checking for a sed that does not truncate output... /usr/bin/sed
#8 87.39 checking for ld used by cc... /usr/bin/ld
#8 87.41 checking if the linker (/usr/bin/ld) is GNU ld... yes
#8 87.42 checking for /usr/bin/ld option to reload object files... -r
#8 87.42 checking for BSD-compatible nm... /usr/bin/nm -B
#8 87.43 checking whether ln -s works... yes
#8 87.43 checking how to recognize dependent libraries... pass_all
#8 87.48 checking for stdio.h... yes
#8 87.54 checking for stdlib.h... yes
#8 87.60 checking for string.h... yes
#8 87.67 checking for inttypes.h... yes
#8 87.73 checking for stdint.h... yes
#8 87.79 checking for strings.h... yes
#8 87.86 checking for sys/stat.h... yes
#8 87.92 checking for sys/types.h... yes
#8 87.98 checking for unistd.h... yes
#8 88.05 checking for dlfcn.h... yes
#8 88.12 checking the maximum length of command line arguments... 1572864
#8 88.13 checking command to parse /usr/bin/nm -B output from cc object... ok
#8 88.29 checking for objdir... .libs
#8 88.30 checking for ar... ar
#8 88.30 checking for ranlib... ranlib
#8 88.30 checking for strip... strip
#8 88.43 checking if cc supports -fno-rtti -fno-exceptions... no
#8 88.48 checking for cc option to produce PIC... -fPIC
#8 88.48 checking if cc PIC flag -fPIC works... yes
#8 88.53 checking if cc static flag -static works... yes
#8 88.72 checking if cc supports -c -o file.o... yes
#8 88.81 checking whether the cc linker (/usr/bin/ld -m elf_x86_64) supports shared libraries... yes
#8 88.84 checking whether -lc should be explicitly linked in... no
#8 88.93 checking dynamic linker characteristics... GNU/Linux ld.so
#8 88.98 checking how to hardcode library paths into programs... immediate
#8 88.98 checking whether stripping libraries is possible... yes
#8 88.99 checking if libtool supports shared libraries... yes
#8 88.99 checking whether to build shared libraries... yes
#8 88.99 checking whether to build static libraries... no
#8 89.51 
#8 89.51 creating libtool
#8 89.56 appending configuration tag "CXX" to libtool
#8 89.57 
#8 89.57 Generating files
#8 89.62 configure: creating build directories
#8 89.69 configure: creating Makefile
#8 89.70 configure: patching config.h.in
#8 89.71 configure: creating ./config.status
#8 89.86 config.status: creating config.h
#8 89.96 /bin/bash /usr/src/php/ext/exif/libtool --tag=CC --mode=compile cc -I. -I/usr/src/php/ext/exif -I/usr/local/include/php -I/usr/local/include/php/main -I/usr/local/include/php/TSRM -I/usr/local/include/php/Zend -I/usr/local/include/php/ext -I/usr/local/include/php/ext/date/lib  -fstack-protector-strong -fpic -fpie -O2 -D_LARGEFILE_SOURCE -D_FILE_OFFSET_BITS=64 -DHAVE_CONFIG_H  -fstack-protector-strong -fpic -fpie -O2 -D_LARGEFILE_SOURCE -D_FILE_OFFSET_BITS=64 -D_GNU_SOURCE   -DZEND_ENABLE_STATIC_TSRMLS_CACHE=1 -DZEND_COMPILE_DL_EXT=1 -c /usr/src/php/ext/exif/exif.c -o exif.lo  -MMD -MF exif.dep -MT exif.lo
#8 90.23 mkdir .libs
#8 90.24  cc -I. -I/usr/src/php/ext/exif -I/usr/local/include/php -I/usr/local/include/php/main -I/usr/local/include/php/TSRM -I/usr/local/include/php/Zend -I/usr/local/include/php/ext -I/usr/local/include/php/ext/date/lib -fstack-protector-strong -fpic -fpie -O2 -D_LARGEFILE_SOURCE -D_FILE_OFFSET_BITS=64 -DHAVE_CONFIG_H -fstack-protector-strong -fpic -fpie -O2 -D_LARGEFILE_SOURCE -D_FILE_OFFSET_BITS=64 -D_GNU_SOURCE -DZEND_ENABLE_STATIC_TSRMLS_CACHE=1 -DZEND_COMPILE_DL_EXT=1 -c /usr/src/php/ext/exif/exif.c -MMD -MF exif.dep -MT exif.lo  -fPIC -DPIC -o .libs/exif.o
#8 91.94 /bin/bash /usr/src/php/ext/exif/libtool --tag=CC --mode=link cc -shared -I/usr/local/include/php -I/usr/local/include/php/main -I/usr/local/include/php/TSRM -I/usr/local/include/php/Zend -I/usr/local/include/php/ext -I/usr/local/include/php/ext/date/lib  -fstack-protector-strong -fpic -fpie -O2 -D_LARGEFILE_SOURCE -D_FILE_OFFSET_BITS=64 -DHAVE_CONFIG_H  -fstack-protector-strong -fpic -fpie -O2 -D_LARGEFILE_SOURCE -D_FILE_OFFSET_BITS=64 -D_GNU_SOURCE  -Wl,-O1 -pie  -o exif.la -export-dynamic -avoid-version -prefer-pic -module -rpath /usr/src/php/ext/exif/modules  exif.lo 
#8 92.20 cc -shared  .libs/exif.o   -Wl,-O1 -Wl,-soname -Wl,exif.so -o .libs/exif.so
#8 92.25 creating exif.la
#8 92.27 (cd .libs && rm -f exif.la && ln -s ../exif.la exif.la)
#8 92.28 /bin/bash /usr/src/php/ext/exif/libtool --tag=CC --mode=install cp ./exif.la /usr/src/php/ext/exif/modules
#8 92.38 cp ./.libs/exif.so /usr/src/php/ext/exif/modules/exif.so
#8 92.39 cp ./.libs/exif.lai /usr/src/php/ext/exif/modules/exif.la
#8 92.44 PATH="$PATH:/sbin" ldconfig -n /usr/src/php/ext/exif/modules
#8 92.46 ----------------------------------------------------------------------
#8 92.46 Libraries have been installed in:
#8 92.46    /usr/src/php/ext/exif/modules
#8 92.46 
#8 92.46 If you ever happen to want to link against installed libraries
#8 92.46 in a given directory, LIBDIR, you must either use libtool, and
#8 92.46 specify the full pathname of the library, or use the `-LLIBDIR'
#8 92.46 flag during linking and do at least one of the following:
#8 92.46    - add LIBDIR to the `LD_LIBRARY_PATH' environment variable
#8 92.46      during execution
#8 92.46    - add LIBDIR to the `LD_RUN_PATH' environment variable
#8 92.46      during linking
#8 92.46    - use the `-Wl,--rpath -Wl,LIBDIR' linker flag
#8 92.46    - have your system administrator add LIBDIR to `/etc/ld.so.conf'
#8 92.46 
#8 92.46 See any operating system documentation about shared libraries for
#8 92.46 more information, such as the ld(1) and ld.so(8) manual pages.
#8 92.46 ----------------------------------------------------------------------
#8 92.47 
#8 92.48 Build complete.
#8 92.48 Don't forget to run 'make test'.
#8 92.49 
#8 92.55 + strip --strip-all modules/exif.so
#8 92.64 Installing shared extensions:     /usr/local/lib/php/extensions/no-debug-non-zts-20250925/
#8 92.86 find . -name \*.gcno -o -name \*.gcda | xargs rm -f
#8 92.87 find . -name \*.lo -o -name \*.o -o -name \*.dep | xargs rm -f
#8 92.88 find . -name \*.la -o -name \*.a | xargs rm -f
#8 92.90 find . -name \*.so | xargs rm -f
#8 92.91 find . -name .libs -a -type d|xargs rm -rf
#8 92.94 rm -f libphp.la        modules/* libs/*
#8 92.94 rm -f ext/opcache/jit/ir/gen_ir_fold_hash
#8 92.95 rm -f ext/opcache/jit/ir/minilua
#8 92.96 rm -f ext/opcache/jit/ir/ir_fold_hash.h
#8 92.97 rm -f ext/opcache/jit/ir/ir_emit_x86.h
#8 92.98 rm -f ext/opcache/jit/ir/ir_emit_aarch64.h
#8 93.13 Configuring for:
#8 93.13 PHP Version:             8.5
#8 93.13 PHP Api Version:         20250925
#8 93.13 Zend Module Api No:      20250925
#8 93.13 Zend Extension Api No:   420250925
#8 94.74 checking for grep that handles long lines and -e... /usr/bin/grep
#8 94.75 checking for egrep... /usr/bin/grep -E
#8 94.75 checking for a sed that does not truncate output... /usr/bin/sed
#8 94.85 checking build system type... x86_64-pc-linux-gnu
#8 94.87 checking host system type... x86_64-pc-linux-gnu
#8 94.87 checking target system type... x86_64-pc-linux-gnu
#8 94.98 shtool:echo:Warning: unable to determine terminal sequence for bold mode
#8 95.12 shtool:echo:Warning: unable to determine terminal sequence for bold mode
#8 95.16 checking for gawk... no
#8 95.17 checking for nawk... nawk
#8 95.17 checking if nawk is broken... no
#8 95.18 checking for pkg-config... /usr/bin/pkg-config
#8 95.18 checking pkg-config is at least version 0.9.0... yes
#8 95.19 checking for cc... cc
#8 95.27 checking whether the C compiler works... yes
#8 95.35 checking for C compiler default output file name... a.out
#8 95.36 checking for suffix of executables... 
#8 95.46 checking whether we are cross compiling... no
#8 95.58 checking for suffix of object files... o
#8 95.64 checking whether the compiler supports GNU C... yes
#8 95.71 checking whether cc accepts -g... yes
#8 95.79 checking for cc option to enable C11 features... none needed
#8 95.95 checking how to run the C preprocessor... cc -E
#8 96.23 checking for egrep -e... (cached) /usr/bin/grep -E
#8 96.23 checking for icc... no
#8 96.27 checking for suncc... no
#8 96.32 checking for system library directory... lib
#8 96.32 checking if compiler supports -Wl,-rpath,... yes
#8 96.54 checking for PHP prefix... /usr/local
#8 96.54 checking for PHP includes... -I/usr/local/include/php -I/usr/local/include/php/main -I/usr/local/include/php/TSRM -I/usr/local/include/php/Zend -I/usr/local/include/php/ext -I/usr/local/include/php/ext/date/lib
#8 96.54 checking for PHP extension directory... /usr/local/lib/php/extensions/no-debug-non-zts-20250925
#8 96.54 checking for PHP installed headers prefix... /usr/local/include/php
#8 96.54 checking if debugging is enabled... no
#8 96.63 checking if PHP is built with thread safety (ZTS)... no
#8 96.71 
#8 96.71 Configuring extension
#8 96.71 checking whether to enable pcntl support... yes, shared
#8 96.72 checking for fork... yes
#8 96.88 checking for sigaction... yes
#8 97.02 checking for waitpid... yes
#8 97.13 checking for forkx... no
#8 97.24 checking for getcpuid... no
#8 97.36 checking for getpriority... yes
#8 97.47 checking for pset_bind... no
#8 97.59 checking for pthread_set_qos_class_self_np... no
#8 97.73 checking for rfork... no
#8 97.88 checking for sched_setaffinity... yes
#8 97.98 checking for setpriority... yes
#8 98.09 checking for sigwaitinfo... yes
#8 98.19 checking for sigtimedwait... yes
#8 98.35 checking for unshare... yes
#8 98.47 checking for wait3... yes
#8 98.60 checking for wait4... yes
#8 98.72 checking for waitid... yes
#8 98.83 checking for wait6... no
#8 98.96 checking for syscall... yes
#8 99.07 checking for cc options needed to detect all undeclared functions... none needed
#8 99.16 checking for WIFCONTINUED... no
#8 99.29 checking whether WIFCONTINUED is declared... yes
#8 99.37 checking whether WCONTINUED is declared... yes
#8 99.45 checking whether WEXITED is declared... yes
#8 99.54 checking whether WSTOPPED is declared... yes
#8 99.61 checking whether WNOWAIT is declared... yes
#8 99.69 checking whether P_ALL is declared... yes
#8 99.78 checking whether P_PIDFD is declared... yes
#8 99.89 checking whether P_UID is declared... no
#8 99.98 checking whether P_JAILID is declared... no
#8 100.1 checking whether SYS_waitid is declared... yes
#8 100.2 checking whether SYS_pidfd_open is declared... yes
#8 100.3 checking if sched_getcpu is supported... no
#8 100.3 checking for siginfo_t... yes
#8 100.5 
#8 100.5 Configuring libtool
#8 100.5 checking for a sed that does not truncate output... /usr/bin/sed
#8 100.5 checking for ld used by cc... /usr/bin/ld
#8 100.5 checking if the linker (/usr/bin/ld) is GNU ld... yes
#8 100.5 checking for /usr/bin/ld option to reload object files... -r
#8 100.5 checking for BSD-compatible nm... /usr/bin/nm -B
#8 100.5 checking whether ln -s works... yes
#8 100.5 checking how to recognize dependent libraries... pass_all
#8 100.6 checking for stdio.h... yes
#8 100.6 checking for stdlib.h... yes
#8 100.7 checking for string.h... yes
#8 100.8 checking for inttypes.h... yes
#8 100.8 checking for stdint.h... yes
#8 100.9 checking for strings.h... yes
#8 101.0 checking for sys/stat.h... yes
#8 101.0 checking for sys/types.h... yes
#8 101.1 checking for unistd.h... yes
#8 101.2 checking for dlfcn.h... yes
#8 101.3 checking the maximum length of command line arguments... 1572864
#8 101.3 checking command to parse /usr/bin/nm -B output from cc object... ok
#8 101.5 checking for objdir... .libs
#8 101.6 checking for ar... ar
#8 101.6 checking for ranlib... ranlib
#8 101.6 checking for strip... strip
#8 101.7 checking if cc supports -fno-rtti -fno-exceptions... no
#8 101.8 checking for cc option to produce PIC... -fPIC
#8 101.8 checking if cc PIC flag -fPIC works... yes
#8 101.8 checking if cc static flag -static works... yes
#8 102.0 checking if cc supports -c -o file.o... yes
#8 102.1 checking whether the cc linker (/usr/bin/ld -m elf_x86_64) supports shared libraries... yes
#8 102.1 checking whether -lc should be explicitly linked in... no
#8 102.2 checking dynamic linker characteristics... GNU/Linux ld.so
#8 102.3 checking how to hardcode library paths into programs... immediate
#8 102.3 checking whether stripping libraries is possible... yes
#8 102.3 checking if libtool supports shared libraries... yes
#8 102.3 checking whether to build shared libraries... yes
#8 102.3 checking whether to build static libraries... no
#8 102.8 
#8 102.8 creating libtool
#8 102.9 appending configuration tag "CXX" to libtool
#8 102.9 
#8 102.9 Generating files
#8 102.9 configure: creating build directories
#8 103.0 configure: creating Makefile
#8 103.0 configure: patching config.h.in
#8 103.0 configure: creating ./config.status
#8 103.2 config.status: creating config.h
#8 103.3 /bin/bash /usr/src/php/ext/pcntl/libtool --tag=CC --mode=compile cc -I. -I/usr/src/php/ext/pcntl -I/usr/local/include/php -I/usr/local/include/php/main -I/usr/local/include/php/TSRM -I/usr/local/include/php/Zend -I/usr/local/include/php/ext -I/usr/local/include/php/ext/date/lib  -fstack-protector-strong -fpic -fpie -O2 -D_LARGEFILE_SOURCE -D_FILE_OFFSET_BITS=64 -DHAVE_CONFIG_H  -fstack-protector-strong -fpic -fpie -O2 -D_LARGEFILE_SOURCE -D_FILE_OFFSET_BITS=64 -D_GNU_SOURCE   -DHAVE_STRUCT_SIGINFO_T -DZEND_ENABLE_STATIC_TSRMLS_CACHE=1 -DZEND_COMPILE_DL_EXT=1 -c /usr/src/php/ext/pcntl/pcntl.c -o pcntl.lo  -MMD -MF pcntl.dep -MT pcntl.lo
#8 103.6 mkdir .libs
#8 103.6  cc -I. -I/usr/src/php/ext/pcntl -I/usr/local/include/php -I/usr/local/include/php/main -I/usr/local/include/php/TSRM -I/usr/local/include/php/Zend -I/usr/local/include/php/ext -I/usr/local/include/php/ext/date/lib -fstack-protector-strong -fpic -fpie -O2 -D_LARGEFILE_SOURCE -D_FILE_OFFSET_BITS=64 -DHAVE_CONFIG_H -fstack-protector-strong -fpic -fpie -O2 -D_LARGEFILE_SOURCE -D_FILE_OFFSET_BITS=64 -D_GNU_SOURCE -DHAVE_STRUCT_SIGINFO_T -DZEND_ENABLE_STATIC_TSRMLS_CACHE=1 -DZEND_COMPILE_DL_EXT=1 -c /usr/src/php/ext/pcntl/pcntl.c -MMD -MF pcntl.dep -MT pcntl.lo  -fPIC -DPIC -o .libs/pcntl.o
#8 104.9 /bin/bash /usr/src/php/ext/pcntl/libtool --tag=CC --mode=compile cc -I. -I/usr/src/php/ext/pcntl -I/usr/local/include/php -I/usr/local/include/php/main -I/usr/local/include/php/TSRM -I/usr/local/include/php/Zend -I/usr/local/include/php/ext -I/usr/local/include/php/ext/date/lib  -fstack-protector-strong -fpic -fpie -O2 -D_LARGEFILE_SOURCE -D_FILE_OFFSET_BITS=64 -DHAVE_CONFIG_H  -fstack-protector-strong -fpic -fpie -O2 -D_LARGEFILE_SOURCE -D_FILE_OFFSET_BITS=64 -D_GNU_SOURCE   -DHAVE_STRUCT_SIGINFO_T -DZEND_ENABLE_STATIC_TSRMLS_CACHE=1 -DZEND_COMPILE_DL_EXT=1 -c /usr/src/php/ext/pcntl/php_signal.c -o php_signal.lo  -MMD -MF php_signal.dep -MT php_signal.lo
#8 105.3  cc -I. -I/usr/src/php/ext/pcntl -I/usr/local/include/php -I/usr/local/include/php/main -I/usr/local/include/php/TSRM -I/usr/local/include/php/Zend -I/usr/local/include/php/ext -I/usr/local/include/php/ext/date/lib -fstack-protector-strong -fpic -fpie -O2 -D_LARGEFILE_SOURCE -D_FILE_OFFSET_BITS=64 -DHAVE_CONFIG_H -fstack-protector-strong -fpic -fpie -O2 -D_LARGEFILE_SOURCE -D_FILE_OFFSET_BITS=64 -D_GNU_SOURCE -DHAVE_STRUCT_SIGINFO_T -DZEND_ENABLE_STATIC_TSRMLS_CACHE=1 -DZEND_COMPILE_DL_EXT=1 -c /usr/src/php/ext/pcntl/php_signal.c -MMD -MF php_signal.dep -MT php_signal.lo  -fPIC -DPIC -o .libs/php_signal.o
#8 105.6 /bin/bash /usr/src/php/ext/pcntl/libtool --tag=CC --mode=link cc -shared -I/usr/local/include/php -I/usr/local/include/php/main -I/usr/local/include/php/TSRM -I/usr/local/include/php/Zend -I/usr/local/include/php/ext -I/usr/local/include/php/ext/date/lib  -fstack-protector-strong -fpic -fpie -O2 -D_LARGEFILE_SOURCE -D_FILE_OFFSET_BITS=64 -DHAVE_CONFIG_H  -fstack-protector-strong -fpic -fpie -O2 -D_LARGEFILE_SOURCE -D_FILE_OFFSET_BITS=64 -D_GNU_SOURCE  -Wl,-O1 -pie  -o pcntl.la -export-dynamic -avoid-version -prefer-pic -module -rpath /usr/src/php/ext/pcntl/modules  pcntl.lo php_signal.lo 
#8 105.9 cc -shared  .libs/pcntl.o .libs/php_signal.o   -Wl,-O1 -Wl,-soname -Wl,pcntl.so -o .libs/pcntl.so
#8 106.0 creating pcntl.la
#8 106.0 (cd .libs && rm -f pcntl.la && ln -s ../pcntl.la pcntl.la)
#8 106.0 /bin/bash /usr/src/php/ext/pcntl/libtool --tag=CC --mode=install cp ./pcntl.la /usr/src/php/ext/pcntl/modules
#8 106.1 cp ./.libs/pcntl.so /usr/src/php/ext/pcntl/modules/pcntl.so
#8 106.1 cp ./.libs/pcntl.lai /usr/src/php/ext/pcntl/modules/pcntl.la
#8 106.2 PATH="$PATH:/sbin" ldconfig -n /usr/src/php/ext/pcntl/modules
#8 106.2 ----------------------------------------------------------------------
#8 106.2 Libraries have been installed in:
#8 106.2    /usr/src/php/ext/pcntl/modules
#8 106.2 
#8 106.2 If you ever happen to want to link against installed libraries
#8 106.2 in a given directory, LIBDIR, you must either use libtool, and
#8 106.2 specify the full pathname of the library, or use the `-LLIBDIR'
#8 106.2 flag during linking and do at least one of the following:
#8 106.2    - add LIBDIR to the `LD_LIBRARY_PATH' environment variable
#8 106.2      during execution
#8 106.2    - add LIBDIR to the `LD_RUN_PATH' environment variable
#8 106.2      during linking
#8 106.2    - use the `-Wl,--rpath -Wl,LIBDIR' linker flag
#8 106.2    - have your system administrator add LIBDIR to `/etc/ld.so.conf'
#8 106.2 
#8 106.2 See any operating system documentation about shared libraries for
#8 106.2 more information, such as the ld(1) and ld.so(8) manual pages.
#8 106.2 ----------------------------------------------------------------------
#8 106.2 
#8 106.2 Build complete.
#8 106.2 Don't forget to run 'make test'.
#8 106.2 
#8 106.3 + strip --strip-all modules/pcntl.so
#8 106.4 Installing shared extensions:     /usr/local/lib/php/extensions/no-debug-non-zts-20250925/
#8 106.6 find . -name \*.gcno -o -name \*.gcda | xargs rm -f
#8 106.6 find . -name \*.lo -o -name \*.o -o -name \*.dep | xargs rm -f
#8 106.6 find . -name \*.la -o -name \*.a | xargs rm -f
#8 106.7 find . -name \*.so | xargs rm -f
#8 106.7 find . -name .libs -a -type d|xargs rm -rf
#8 106.7 rm -f libphp.la        modules/* libs/*
#8 106.7 rm -f ext/opcache/jit/ir/gen_ir_fold_hash
#8 106.7 rm -f ext/opcache/jit/ir/minilua
#8 106.7 rm -f ext/opcache/jit/ir/ir_fold_hash.h
#8 106.7 rm -f ext/opcache/jit/ir/ir_emit_x86.h
#8 106.7 rm -f ext/opcache/jit/ir/ir_emit_aarch64.h
#8 106.8 Configuring for:
#8 106.8 PHP Version:             8.5
#8 106.8 PHP Api Version:         20250925
#8 106.8 Zend Module Api No:      20250925
#8 106.8 Zend Extension Api No:   420250925
#8 108.7 checking for grep that handles long lines and -e... /usr/bin/grep
#8 108.7 checking for egrep... /usr/bin/grep -E
#8 108.7 checking for a sed that does not truncate output... /usr/bin/sed
#8 108.8 checking build system type... x86_64-pc-linux-gnu
#8 108.8 checking host system type... x86_64-pc-linux-gnu
#8 108.8 checking target system type... x86_64-pc-linux-gnu
#8 108.9 shtool:echo:Warning: unable to determine terminal sequence for bold mode
#8 109.0 shtool:echo:Warning: unable to determine terminal sequence for bold mode
#8 109.1 checking for gawk... no
#8 109.1 checking for nawk... nawk
#8 109.1 checking if nawk is broken... no
#8 109.1 checking for pkg-config... /usr/bin/pkg-config
#8 109.1 checking pkg-config is at least version 0.9.0... yes
#8 109.1 checking for cc... cc
#8 109.2 checking whether the C compiler works... yes
#8 109.3 checking for C compiler default output file name... a.out
#8 109.3 checking for suffix of executables... 
#8 109.4 checking whether we are cross compiling... no
#8 109.6 checking for suffix of object files... o
#8 109.7 checking whether the compiler supports GNU C... yes
#8 109.8 checking whether cc accepts -g... yes
#8 109.9 checking for cc option to enable C11 features... none needed
#8 110.0 checking how to run the C preprocessor... cc -E
#8 110.1 checking for egrep -e... (cached) /usr/bin/grep -E
#8 110.1 checking for icc... no
#8 110.1 checking for suncc... no
#8 110.2 checking for system library directory... lib
#8 110.2 checking if compiler supports -Wl,-rpath,... yes
#8 110.3 checking for PHP prefix... /usr/local
#8 110.3 checking for PHP includes... -I/usr/local/include/php -I/usr/local/include/php/main -I/usr/local/include/php/TSRM -I/usr/local/include/php/Zend -I/usr/local/include/php/ext -I/usr/local/include/php/ext/date/lib
#8 110.3 checking for PHP extension directory... /usr/local/lib/php/extensions/no-debug-non-zts-20250925
#8 110.3 checking for PHP installed headers prefix... /usr/local/include/php
#8 110.3 checking if debugging is enabled... no
#8 110.4 checking if PHP is built with thread safety (ZTS)... no
#8 110.4 
#8 110.4 Configuring extension
#8 110.4 checking whether to enable bc style precision math functions... yes, shared
#8 110.5 
#8 110.5 Configuring libtool
#8 110.5 checking for a sed that does not truncate output... /usr/bin/sed
#8 110.5 checking for ld used by cc... /usr/bin/ld
#8 110.6 checking if the linker (/usr/bin/ld) is GNU ld... yes
#8 110.6 checking for /usr/bin/ld option to reload object files... -r
#8 110.6 checking for BSD-compatible nm... /usr/bin/nm -B
#8 110.6 checking whether ln -s works... yes
#8 110.6 checking how to recognize dependent libraries... pass_all
#8 110.7 checking for stdio.h... yes
#8 110.7 checking for stdlib.h... yes
#8 110.8 checking for string.h... yes
#8 110.9 checking for inttypes.h... yes
#8 111.0 checking for stdint.h... yes
#8 111.0 checking for strings.h... yes
#8 111.1 checking for sys/stat.h... yes
#8 111.2 checking for sys/types.h... yes
#8 111.2 checking for unistd.h... yes
#8 111.3 checking for dlfcn.h... yes
#8 111.4 checking the maximum length of command line arguments... 1572864
#8 111.4 checking command to parse /usr/bin/nm -B output from cc object... ok
#8 111.6 checking for objdir... .libs
#8 111.6 checking for ar... ar
#8 111.6 checking for ranlib... ranlib
#8 111.6 checking for strip... strip
#8 111.7 checking if cc supports -fno-rtti -fno-exceptions... no
#8 111.8 checking for cc option to produce PIC... -fPIC
#8 111.8 checking if cc PIC flag -fPIC works... yes
#8 111.9 checking if cc static flag -static works... yes
#8 112.1 checking if cc supports -c -o file.o... yes
#8 112.2 checking whether the cc linker (/usr/bin/ld -m elf_x86_64) supports shared libraries... yes
#8 112.2 checking whether -lc should be explicitly linked in... no
#8 112.3 checking dynamic linker characteristics... GNU/Linux ld.so
#8 112.3 checking how to hardcode library paths into programs... immediate
#8 112.3 checking whether stripping libraries is possible... yes
#8 112.3 checking if libtool supports shared libraries... yes
#8 112.3 checking whether to build shared libraries... yes
#8 112.3 checking whether to build static libraries... no
#8 112.8 
#8 112.8 creating libtool
#8 112.8 appending configuration tag "CXX" to libtool
#8 112.8 
#8 112.8 Generating files
#8 112.9 configure: creating build directories
#8 113.0 configure: creating Makefile
#8 113.0 configure: patching config.h.in
#8 113.0 configure: creating ./config.status
#8 113.2 config.status: creating config.h
#8 113.3 /bin/bash /usr/src/php/ext/bcmath/libtool --tag=CC --mode=compile cc -I. -I/usr/src/php/ext/bcmath -I/usr/local/include/php -I/usr/local/include/php/main -I/usr/local/include/php/TSRM -I/usr/local/include/php/Zend -I/usr/local/include/php/ext -I/usr/local/include/php/ext/date/lib  -fstack-protector-strong -fpic -fpie -O2 -D_LARGEFILE_SOURCE -D_FILE_OFFSET_BITS=64 -DHAVE_CONFIG_H  -fstack-protector-strong -fpic -fpie -O2 -D_LARGEFILE_SOURCE -D_FILE_OFFSET_BITS=64 -D_GNU_SOURCE   -DZEND_ENABLE_STATIC_TSRMLS_CACHE=1 -DZEND_COMPILE_DL_EXT=1 -c /usr/src/php/ext/bcmath/bcmath.c -o bcmath.lo  -MMD -MF bcmath.dep -MT bcmath.lo
#8 113.6 mkdir .libs
#8 113.6  cc -I. -I/usr/src/php/ext/bcmath -I/usr/local/include/php -I/usr/local/include/php/main -I/usr/local/include/php/TSRM -I/usr/local/include/php/Zend -I/usr/local/include/php/ext -I/usr/local/include/php/ext/date/lib -fstack-protector-strong -fpic -fpie -O2 -D_LARGEFILE_SOURCE -D_FILE_OFFSET_BITS=64 -DHAVE_CONFIG_H -fstack-protector-strong -fpic -fpie -O2 -D_LARGEFILE_SOURCE -D_FILE_OFFSET_BITS=64 -D_GNU_SOURCE -DZEND_ENABLE_STATIC_TSRMLS_CACHE=1 -DZEND_COMPILE_DL_EXT=1 -c /usr/src/php/ext/bcmath/bcmath.c -MMD -MF bcmath.dep -MT bcmath.lo  -fPIC -DPIC -o .libs/bcmath.o
#8 114.8 /bin/bash /usr/src/php/ext/bcmath/libtool --tag=CC --mode=compile cc -I. -I/usr/src/php/ext/bcmath -I/usr/local/include/php -I/usr/local/include/php/main -I/usr/local/include/php/TSRM -I/usr/local/include/php/Zend -I/usr/local/include/php/ext -I/usr/local/include/php/ext/date/lib  -fstack-protector-strong -fpic -fpie -O2 -D_LARGEFILE_SOURCE -D_FILE_OFFSET_BITS=64 -DHAVE_CONFIG_H  -fstack-protector-strong -fpic -fpie -O2 -D_LARGEFILE_SOURCE -D_FILE_OFFSET_BITS=64 -D_GNU_SOURCE   -DZEND_ENABLE_STATIC_TSRMLS_CACHE=1 -DZEND_COMPILE_DL_EXT=1 -c /usr/src/php/ext/bcmath/libbcmath/src/add.c -o libbcmath/src/add.lo  -MMD -MF libbcmath/src/add.dep -MT libbcmath/src/add.lo
#8 115.1 mkdir libbcmath/src/.libs
#8 115.1  cc -I. -I/usr/src/php/ext/bcmath -I/usr/local/include/php -I/usr/local/include/php/main -I/usr/local/include/php/TSRM -I/usr/local/include/php/Zend -I/usr/local/include/php/ext -I/usr/local/include/php/ext/date/lib -fstack-protector-strong -fpic -fpie -O2 -D_LARGEFILE_SOURCE -D_FILE_OFFSET_BITS=64 -DHAVE_CONFIG_H -fstack-protector-strong -fpic -fpie -O2 -D_LARGEFILE_SOURCE -D_FILE_OFFSET_BITS=64 -D_GNU_SOURCE -DZEND_ENABLE_STATIC_TSRMLS_CACHE=1 -DZEND_COMPILE_DL_EXT=1 -c /usr/src/php/ext/bcmath/libbcmath/src/add.c -MMD -MF libbcmath/src/add.dep -MT libbcmath/src/add.lo  -fPIC -DPIC -o libbcmath/src/.libs/add.o
#8 115.4 /bin/bash /usr/src/php/ext/bcmath/libtool --tag=CC --mode=compile cc -I. -I/usr/src/php/ext/bcmath -I/usr/local/include/php -I/usr/local/include/php/main -I/usr/local/include/php/TSRM -I/usr/local/include/php/Zend -I/usr/local/include/php/ext -I/usr/local/include/php/ext/date/lib  -fstack-protector-strong -fpic -fpie -O2 -D_LARGEFILE_SOURCE -D_FILE_OFFSET_BITS=64 -DHAVE_CONFIG_H  -fstack-protector-strong -fpic -fpie -O2 -D_LARGEFILE_SOURCE -D_FILE_OFFSET_BITS=64 -D_GNU_SOURCE   -DZEND_ENABLE_STATIC_TSRMLS_CACHE=1 -DZEND_COMPILE_DL_EXT=1 -c /usr/src/php/ext/bcmath/libbcmath/src/compare.c -o libbcmath/src/compare.lo  -MMD -MF libbcmath/src/compare.dep -MT libbcmath/src/compare.lo
#8 115.7  cc -I. -I/usr/src/php/ext/bcmath -I/usr/local/include/php -I/usr/local/include/php/main -I/usr/local/include/php/TSRM -I/usr/local/include/php/Zend -I/usr/local/include/php/ext -I/usr/local/include/php/ext/date/lib -fstack-protector-strong -fpic -fpie -O2 -D_LARGEFILE_SOURCE -D_FILE_OFFSET_BITS=64 -DHAVE_CONFIG_H -fstack-protector-strong -fpic -fpie -O2 -D_LARGEFILE_SOURCE -D_FILE_OFFSET_BITS=64 -D_GNU_SOURCE -DZEND_ENABLE_STATIC_TSRMLS_CACHE=1 -DZEND_COMPILE_DL_EXT=1 -c /usr/src/php/ext/bcmath/libbcmath/src/compare.c -MMD -MF libbcmath/src/compare.dep -MT libbcmath/src/compare.lo  -fPIC -DPIC -o libbcmath/src/.libs/compare.o
#8 116.1 /bin/bash /usr/src/php/ext/bcmath/libtool --tag=CC --mode=compile cc -I. -I/usr/src/php/ext/bcmath -I/usr/local/include/php -I/usr/local/include/php/main -I/usr/local/include/php/TSRM -I/usr/local/include/php/Zend -I/usr/local/include/php/ext -I/usr/local/include/php/ext/date/lib  -fstack-protector-strong -fpic -fpie -O2 -D_LARGEFILE_SOURCE -D_FILE_OFFSET_BITS=64 -DHAVE_CONFIG_H  -fstack-protector-strong -fpic -fpie -O2 -D_LARGEFILE_SOURCE -D_FILE_OFFSET_BITS=64 -D_GNU_SOURCE   -DZEND_ENABLE_STATIC_TSRMLS_CACHE=1 -DZEND_COMPILE_DL_EXT=1 -c /usr/src/php/ext/bcmath/libbcmath/src/convert.c -o libbcmath/src/convert.lo  -MMD -MF libbcmath/src/convert.dep -MT libbcmath/src/convert.lo
#8 116.3  cc -I. -I/usr/src/php/ext/bcmath -I/usr/local/include/php -I/usr/local/include/php/main -I/usr/local/include/php/TSRM -I/usr/local/include/php/Zend -I/usr/local/include/php/ext -I/usr/local/include/php/ext/date/lib -fstack-protector-strong -fpic -fpie -O2 -D_LARGEFILE_SOURCE -D_FILE_OFFSET_BITS=64 -DHAVE_CONFIG_H -fstack-protector-strong -fpic -fpie -O2 -D_LARGEFILE_SOURCE -D_FILE_OFFSET_BITS=64 -D_GNU_SOURCE -DZEND_ENABLE_STATIC_TSRMLS_CACHE=1 -DZEND_COMPILE_DL_EXT=1 -c /usr/src/php/ext/bcmath/libbcmath/src/convert.c -MMD -MF libbcmath/src/convert.dep -MT libbcmath/src/convert.lo  -fPIC -DPIC -o libbcmath/src/.libs/convert.o
#8 116.6 /bin/bash /usr/src/php/ext/bcmath/libtool --tag=CC --mode=compile cc -I. -I/usr/src/php/ext/bcmath -I/usr/local/include/php -I/usr/local/include/php/main -I/usr/local/include/php/TSRM -I/usr/local/include/php/Zend -I/usr/local/include/php/ext -I/usr/local/include/php/ext/date/lib  -fstack-protector-strong -fpic -fpie -O2 -D_LARGEFILE_SOURCE -D_FILE_OFFSET_BITS=64 -DHAVE_CONFIG_H  -fstack-protector-strong -fpic -fpie -O2 -D_LARGEFILE_SOURCE -D_FILE_OFFSET_BITS=64 -D_GNU_SOURCE   -DZEND_ENABLE_STATIC_TSRMLS_CACHE=1 -DZEND_COMPILE_DL_EXT=1 -c /usr/src/php/ext/bcmath/libbcmath/src/div.c -o libbcmath/src/div.lo  -MMD -MF libbcmath/src/div.dep -MT libbcmath/src/div.lo
#8 116.9  cc -I. -I/usr/src/php/ext/bcmath -I/usr/local/include/php -I/usr/local/include/php/main -I/usr/local/include/php/TSRM -I/usr/local/include/php/Zend -I/usr/local/include/php/ext -I/usr/local/include/php/ext/date/lib -fstack-protector-strong -fpic -fpie -O2 -D_LARGEFILE_SOURCE -D_FILE_OFFSET_BITS=64 -DHAVE_CONFIG_H -fstack-protector-strong -fpic -fpie -O2 -D_LARGEFILE_SOURCE -D_FILE_OFFSET_BITS=64 -D_GNU_SOURCE -DZEND_ENABLE_STATIC_TSRMLS_CACHE=1 -DZEND_COMPILE_DL_EXT=1 -c /usr/src/php/ext/bcmath/libbcmath/src/div.c -MMD -MF libbcmath/src/div.dep -MT libbcmath/src/div.lo  -fPIC -DPIC -o libbcmath/src/.libs/div.o
#8 117.4 /bin/bash /usr/src/php/ext/bcmath/libtool --tag=CC --mode=compile cc -I. -I/usr/src/php/ext/bcmath -I/usr/local/include/php -I/usr/local/include/php/main -I/usr/local/include/php/TSRM -I/usr/local/include/php/Zend -I/usr/local/include/php/ext -I/usr/local/include/php/ext/date/lib  -fstack-protector-strong -fpic -fpie -O2 -D_LARGEFILE_SOURCE -D_FILE_OFFSET_BITS=64 -DHAVE_CONFIG_H  -fstack-protector-strong -fpic -fpie -O2 -D_LARGEFILE_SOURCE -D_FILE_OFFSET_BITS=64 -D_GNU_SOURCE   -DZEND_ENABLE_STATIC_TSRMLS_CACHE=1 -DZEND_COMPILE_DL_EXT=1 -c /usr/src/php/ext/bcmath/libbcmath/src/divmod.c -o libbcmath/src/divmod.lo  -MMD -MF libbcmath/src/divmod.dep -MT libbcmath/src/divmod.lo
#8 117.7  cc -I. -I/usr/src/php/ext/bcmath -I/usr/local/include/php -I/usr/local/include/php/main -I/usr/local/include/php/TSRM -I/usr/local/include/php/Zend -I/usr/local/include/php/ext -I/usr/local/include/php/ext/date/lib -fstack-protector-strong -fpic -fpie -O2 -D_LARGEFILE_SOURCE -D_FILE_OFFSET_BITS=64 -DHAVE_CONFIG_H -fstack-protector-strong -fpic -fpie -O2 -D_LARGEFILE_SOURCE -D_FILE_OFFSET_BITS=64 -D_GNU_SOURCE -DZEND_ENABLE_STATIC_TSRMLS_CACHE=1 -DZEND_COMPILE_DL_EXT=1 -c /usr/src/php/ext/bcmath/libbcmath/src/divmod.c -MMD -MF libbcmath/src/divmod.dep -MT libbcmath/src/divmod.lo  -fPIC -DPIC -o libbcmath/src/.libs/divmod.o
#8 118.0 /bin/bash /usr/src/php/ext/bcmath/libtool --tag=CC --mode=compile cc -I. -I/usr/src/php/ext/bcmath -I/usr/local/include/php -I/usr/local/include/php/main -I/usr/local/include/php/TSRM -I/usr/local/include/php/Zend -I/usr/local/include/php/ext -I/usr/local/include/php/ext/date/lib  -fstack-protector-strong -fpic -fpie -O2 -D_LARGEFILE_SOURCE -D_FILE_OFFSET_BITS=64 -DHAVE_CONFIG_H  -fstack-protector-strong -fpic -fpie -O2 -D_LARGEFILE_SOURCE -D_FILE_OFFSET_BITS=64 -D_GNU_SOURCE   -DZEND_ENABLE_STATIC_TSRMLS_CACHE=1 -DZEND_COMPILE_DL_EXT=1 -c /usr/src/php/ext/bcmath/libbcmath/src/doaddsub.c -o libbcmath/src/doaddsub.lo  -MMD -MF libbcmath/src/doaddsub.dep -MT libbcmath/src/doaddsub.lo
#8 118.3  cc -I. -I/usr/src/php/ext/bcmath -I/usr/local/include/php -I/usr/local/include/php/main -I/usr/local/include/php/TSRM -I/usr/local/include/php/Zend -I/usr/local/include/php/ext -I/usr/local/include/php/ext/date/lib -fstack-protector-strong -fpic -fpie -O2 -D_LARGEFILE_SOURCE -D_FILE_OFFSET_BITS=64 -DHAVE_CONFIG_H -fstack-protector-strong -fpic -fpie -O2 -D_LARGEFILE_SOURCE -D_FILE_OFFSET_BITS=64 -D_GNU_SOURCE -DZEND_ENABLE_STATIC_TSRMLS_CACHE=1 -DZEND_COMPILE_DL_EXT=1 -c /usr/src/php/ext/bcmath/libbcmath/src/doaddsub.c -MMD -MF libbcmath/src/doaddsub.dep -MT libbcmath/src/doaddsub.lo  -fPIC -DPIC -o libbcmath/src/.libs/doaddsub.o
#8 118.7 /bin/bash /usr/src/php/ext/bcmath/libtool --tag=CC --mode=compile cc -I. -I/usr/src/php/ext/bcmath -I/usr/local/include/php -I/usr/local/include/php/main -I/usr/local/include/php/TSRM -I/usr/local/include/php/Zend -I/usr/local/include/php/ext -I/usr/local/include/php/ext/date/lib  -fstack-protector-strong -fpic -fpie -O2 -D_LARGEFILE_SOURCE -D_FILE_OFFSET_BITS=64 -DHAVE_CONFIG_H  -fstack-protector-strong -fpic -fpie -O2 -D_LARGEFILE_SOURCE -D_FILE_OFFSET_BITS=64 -D_GNU_SOURCE   -DZEND_ENABLE_STATIC_TSRMLS_CACHE=1 -DZEND_COMPILE_DL_EXT=1 -c /usr/src/php/ext/bcmath/libbcmath/src/floor_or_ceil.c -o libbcmath/src/floor_or_ceil.lo  -MMD -MF libbcmath/src/floor_or_ceil.dep -MT libbcmath/src/floor_or_ceil.lo
#8 119.0  cc -I. -I/usr/src/php/ext/bcmath -I/usr/local/include/php -I/usr/local/include/php/main -I/usr/local/include/php/TSRM -I/usr/local/include/php/Zend -I/usr/local/include/php/ext -I/usr/local/include/php/ext/date/lib -fstack-protector-strong -fpic -fpie -O2 -D_LARGEFILE_SOURCE -D_FILE_OFFSET_BITS=64 -DHAVE_CONFIG_H -fstack-protector-strong -fpic -fpie -O2 -D_LARGEFILE_SOURCE -D_FILE_OFFSET_BITS=64 -D_GNU_SOURCE -DZEND_ENABLE_STATIC_TSRMLS_CACHE=1 -DZEND_COMPILE_DL_EXT=1 -c /usr/src/php/ext/bcmath/libbcmath/src/floor_or_ceil.c -MMD -MF libbcmath/src/floor_or_ceil.dep -MT libbcmath/src/floor_or_ceil.lo  -fPIC -DPIC -o libbcmath/src/.libs/floor_or_ceil.o
#8 119.3 /bin/bash /usr/src/php/ext/bcmath/libtool --tag=CC --mode=compile cc -I. -I/usr/src/php/ext/bcmath -I/usr/local/include/php -I/usr/local/include/php/main -I/usr/local/include/php/TSRM -I/usr/local/include/php/Zend -I/usr/local/include/php/ext -I/usr/local/include/php/ext/date/lib  -fstack-protector-strong -fpic -fpie -O2 -D_LARGEFILE_SOURCE -D_FILE_OFFSET_BITS=64 -DHAVE_CONFIG_H  -fstack-protector-strong -fpic -fpie -O2 -D_LARGEFILE_SOURCE -D_FILE_OFFSET_BITS=64 -D_GNU_SOURCE   -DZEND_ENABLE_STATIC_TSRMLS_CACHE=1 -DZEND_COMPILE_DL_EXT=1 -c /usr/src/php/ext/bcmath/libbcmath/src/long2num.c -o libbcmath/src/long2num.lo  -MMD -MF libbcmath/src/long2num.dep -MT libbcmath/src/long2num.lo
#8 119.6  cc -I. -I/usr/src/php/ext/bcmath -I/usr/local/include/php -I/usr/local/include/php/main -I/usr/local/include/php/TSRM -I/usr/local/include/php/Zend -I/usr/local/include/php/ext -I/usr/local/include/php/ext/date/lib -fstack-protector-strong -fpic -fpie -O2 -D_LARGEFILE_SOURCE -D_FILE_OFFSET_BITS=64 -DHAVE_CONFIG_H -fstack-protector-strong -fpic -fpie -O2 -D_LARGEFILE_SOURCE -D_FILE_OFFSET_BITS=64 -D_GNU_SOURCE -DZEND_ENABLE_STATIC_TSRMLS_CACHE=1 -DZEND_COMPILE_DL_EXT=1 -c /usr/src/php/ext/bcmath/libbcmath/src/long2num.c -MMD -MF libbcmath/src/long2num.dep -MT libbcmath/src/long2num.lo  -fPIC -DPIC -o libbcmath/src/.libs/long2num.o
#8 120.0 /bin/bash /usr/src/php/ext/bcmath/libtool --tag=CC --mode=compile cc -I. -I/usr/src/php/ext/bcmath -I/usr/local/include/php -I/usr/local/include/php/main -I/usr/local/include/php/TSRM -I/usr/local/include/php/Zend -I/usr/local/include/php/ext -I/usr/local/include/php/ext/date/lib  -fstack-protector-strong -fpic -fpie -O2 -D_LARGEFILE_SOURCE -D_FILE_OFFSET_BITS=64 -DHAVE_CONFIG_H  -fstack-protector-strong -fpic -fpie -O2 -D_LARGEFILE_SOURCE -D_FILE_OFFSET_BITS=64 -D_GNU_SOURCE   -DZEND_ENABLE_STATIC_TSRMLS_CACHE=1 -DZEND_COMPILE_DL_EXT=1 -c /usr/src/php/ext/bcmath/libbcmath/src/init.c -o libbcmath/src/init.lo  -MMD -MF libbcmath/src/init.dep -MT libbcmath/src/init.lo
#8 120.3  cc -I. -I/usr/src/php/ext/bcmath -I/usr/local/include/php -I/usr/local/include/php/main -I/usr/local/include/php/TSRM -I/usr/local/include/php/Zend -I/usr/local/include/php/ext -I/usr/local/include/php/ext/date/lib -fstack-protector-strong -fpic -fpie -O2 -D_LARGEFILE_SOURCE -D_FILE_OFFSET_BITS=64 -DHAVE_CONFIG_H -fstack-protector-strong -fpic -fpie -O2 -D_LARGEFILE_SOURCE -D_FILE_OFFSET_BITS=64 -D_GNU_SOURCE -DZEND_ENABLE_STATIC_TSRMLS_CACHE=1 -DZEND_COMPILE_DL_EXT=1 -c /usr/src/php/ext/bcmath/libbcmath/src/init.c -MMD -MF libbcmath/src/init.dep -MT libbcmath/src/init.lo  -fPIC -DPIC -o libbcmath/src/.libs/init.o
#8 120.6 /bin/bash /usr/src/php/ext/bcmath/libtool --tag=CC --mode=compile cc -I. -I/usr/src/php/ext/bcmath -I/usr/local/include/php -I/usr/local/include/php/main -I/usr/local/include/php/TSRM -I/usr/local/include/php/Zend -I/usr/local/include/php/ext -I/usr/local/include/php/ext/date/lib  -fstack-protector-strong -fpic -fpie -O2 -D_LARGEFILE_SOURCE -D_FILE_OFFSET_BITS=64 -DHAVE_CONFIG_H  -fstack-protector-strong -fpic -fpie -O2 -D_LARGEFILE_SOURCE -D_FILE_OFFSET_BITS=64 -D_GNU_SOURCE   -DZEND_ENABLE_STATIC_TSRMLS_CACHE=1 -DZEND_COMPILE_DL_EXT=1 -c /usr/src/php/ext/bcmath/libbcmath/src/int2num.c -o libbcmath/src/int2num.lo  -MMD -MF libbcmath/src/int2num.dep -MT libbcmath/src/int2num.lo
#8 120.9  cc -I. -I/usr/src/php/ext/bcmath -I/usr/local/include/php -I/usr/local/include/php/main -I/usr/local/include/php/TSRM -I/usr/local/include/php/Zend -I/usr/local/include/php/ext -I/usr/local/include/php/ext/date/lib -fstack-protector-strong -fpic -fpie -O2 -D_LARGEFILE_SOURCE -D_FILE_OFFSET_BITS=64 -DHAVE_CONFIG_H -fstack-protector-strong -fpic -fpie -O2 -D_LARGEFILE_SOURCE -D_FILE_OFFSET_BITS=64 -D_GNU_SOURCE -DZEND_ENABLE_STATIC_TSRMLS_CACHE=1 -DZEND_COMPILE_DL_EXT=1 -c /usr/src/php/ext/bcmath/libbcmath/src/int2num.c -MMD -MF libbcmath/src/int2num.dep -MT libbcmath/src/int2num.lo  -fPIC -DPIC -o libbcmath/src/.libs/int2num.o
#8 121.3 /bin/bash /usr/src/php/ext/bcmath/libtool --tag=CC --mode=compile cc -I. -I/usr/src/php/ext/bcmath -I/usr/local/include/php -I/usr/local/include/php/main -I/usr/local/include/php/TSRM -I/usr/local/include/php/Zend -I/usr/local/include/php/ext -I/usr/local/include/php/ext/date/lib  -fstack-protector-strong -fpic -fpie -O2 -D_LARGEFILE_SOURCE -D_FILE_OFFSET_BITS=64 -DHAVE_CONFIG_H  -fstack-protector-strong -fpic -fpie -O2 -D_LARGEFILE_SOURCE -D_FILE_OFFSET_BITS=64 -D_GNU_SOURCE   -DZEND_ENABLE_STATIC_TSRMLS_CACHE=1 -DZEND_COMPILE_DL_EXT=1 -c /usr/src/php/ext/bcmath/libbcmath/src/nearzero.c -o libbcmath/src/nearzero.lo  -MMD -MF libbcmath/src/nearzero.dep -MT libbcmath/src/nearzero.lo
#8 121.7  cc -I. -I/usr/src/php/ext/bcmath -I/usr/local/include/php -I/usr/local/include/php/main -I/usr/local/include/php/TSRM -I/usr/local/include/php/Zend -I/usr/local/include/php/ext -I/usr/local/include/php/ext/date/lib -fstack-protector-strong -fpic -fpie -O2 -D_LARGEFILE_SOURCE -D_FILE_OFFSET_BITS=64 -DHAVE_CONFIG_H -fstack-protector-strong -fpic -fpie -O2 -D_LARGEFILE_SOURCE -D_FILE_OFFSET_BITS=64 -D_GNU_SOURCE -DZEND_ENABLE_STATIC_TSRMLS_CACHE=1 -DZEND_COMPILE_DL_EXT=1 -c /usr/src/php/ext/bcmath/libbcmath/src/nearzero.c -MMD -MF libbcmath/src/nearzero.dep -MT libbcmath/src/nearzero.lo  -fPIC -DPIC -o libbcmath/src/.libs/nearzero.o
#8 122.0 /bin/bash /usr/src/php/ext/bcmath/libtool --tag=CC --mode=compile cc -I. -I/usr/src/php/ext/bcmath -I/usr/local/include/php -I/usr/local/include/php/main -I/usr/local/include/php/TSRM -I/usr/local/include/php/Zend -I/usr/local/include/php/ext -I/usr/local/include/php/ext/date/lib  -fstack-protector-strong -fpic -fpie -O2 -D_LARGEFILE_SOURCE -D_FILE_OFFSET_BITS=64 -DHAVE_CONFIG_H  -fstack-protector-strong -fpic -fpie -O2 -D_LARGEFILE_SOURCE -D_FILE_OFFSET_BITS=64 -D_GNU_SOURCE   -DZEND_ENABLE_STATIC_TSRMLS_CACHE=1 -DZEND_COMPILE_DL_EXT=1 -c /usr/src/php/ext/bcmath/libbcmath/src/neg.c -o libbcmath/src/neg.lo  -MMD -MF libbcmath/src/neg.dep -MT libbcmath/src/neg.lo
#8 122.4  cc -I. -I/usr/src/php/ext/bcmath -I/usr/local/include/php -I/usr/local/include/php/main -I/usr/local/include/php/TSRM -I/usr/local/include/php/Zend -I/usr/local/include/php/ext -I/usr/local/include/php/ext/date/lib -fstack-protector-strong -fpic -fpie -O2 -D_LARGEFILE_SOURCE -D_FILE_OFFSET_BITS=64 -DHAVE_CONFIG_H -fstack-protector-strong -fpic -fpie -O2 -D_LARGEFILE_SOURCE -D_FILE_OFFSET_BITS=64 -D_GNU_SOURCE -DZEND_ENABLE_STATIC_TSRMLS_CACHE=1 -DZEND_COMPILE_DL_EXT=1 -c /usr/src/php/ext/bcmath/libbcmath/src/neg.c -MMD -MF libbcmath/src/neg.dep -MT libbcmath/src/neg.lo  -fPIC -DPIC -o libbcmath/src/.libs/neg.o
#8 122.7 /bin/bash /usr/src/php/ext/bcmath/libtool --tag=CC --mode=compile cc -I. -I/usr/src/php/ext/bcmath -I/usr/local/include/php -I/usr/local/include/php/main -I/usr/local/include/php/TSRM -I/usr/local/include/php/Zend -I/usr/local/include/php/ext -I/usr/local/include/php/ext/date/lib  -fstack-protector-strong -fpic -fpie -O2 -D_LARGEFILE_SOURCE -D_FILE_OFFSET_BITS=64 -DHAVE_CONFIG_H  -fstack-protector-strong -fpic -fpie -O2 -D_LARGEFILE_SOURCE -D_FILE_OFFSET_BITS=64 -D_GNU_SOURCE   -DZEND_ENABLE_STATIC_TSRMLS_CACHE=1 -DZEND_COMPILE_DL_EXT=1 -c /usr/src/php/ext/bcmath/libbcmath/src/num2long.c -o libbcmath/src/num2long.lo  -MMD -MF libbcmath/src/num2long.dep -MT libbcmath/src/num2long.lo
#8 122.9  cc -I. -I/usr/src/php/ext/bcmath -I/usr/local/include/php -I/usr/local/include/php/main -I/usr/local/include/php/TSRM -I/usr/local/include/php/Zend -I/usr/local/include/php/ext -I/usr/local/include/php/ext/date/lib -fstack-protector-strong -fpic -fpie -O2 -D_LARGEFILE_SOURCE -D_FILE_OFFSET_BITS=64 -DHAVE_CONFIG_H -fstack-protector-strong -fpic -fpie -O2 -D_LARGEFILE_SOURCE -D_FILE_OFFSET_BITS=64 -D_GNU_SOURCE -DZEND_ENABLE_STATIC_TSRMLS_CACHE=1 -DZEND_COMPILE_DL_EXT=1 -c /usr/src/php/ext/bcmath/libbcmath/src/num2long.c -MMD -MF libbcmath/src/num2long.dep -MT libbcmath/src/num2long.lo  -fPIC -DPIC -o libbcmath/src/.libs/num2long.o
#8 123.2 /bin/bash /usr/src/php/ext/bcmath/libtool --tag=CC --mode=compile cc -I. -I/usr/src/php/ext/bcmath -I/usr/local/include/php -I/usr/local/include/php/main -I/usr/local/include/php/TSRM -I/usr/local/include/php/Zend -I/usr/local/include/php/ext -I/usr/local/include/php/ext/date/lib  -fstack-protector-strong -fpic -fpie -O2 -D_LARGEFILE_SOURCE -D_FILE_OFFSET_BITS=64 -DHAVE_CONFIG_H  -fstack-protector-strong -fpic -fpie -O2 -D_LARGEFILE_SOURCE -D_FILE_OFFSET_BITS=64 -D_GNU_SOURCE   -DZEND_ENABLE_STATIC_TSRMLS_CACHE=1 -DZEND_COMPILE_DL_EXT=1 -c /usr/src/php/ext/bcmath/libbcmath/src/num2str.c -o libbcmath/src/num2str.lo  -MMD -MF libbcmath/src/num2str.dep -MT libbcmath/src/num2str.lo
#8 123.5  cc -I. -I/usr/src/php/ext/bcmath -I/usr/local/include/php -I/usr/local/include/php/main -I/usr/local/include/php/TSRM -I/usr/local/include/php/Zend -I/usr/local/include/php/ext -I/usr/local/include/php/ext/date/lib -fstack-protector-strong -fpic -fpie -O2 -D_LARGEFILE_SOURCE -D_FILE_OFFSET_BITS=64 -DHAVE_CONFIG_H -fstack-protector-strong -fpic -fpie -O2 -D_LARGEFILE_SOURCE -D_FILE_OFFSET_BITS=64 -D_GNU_SOURCE -DZEND_ENABLE_STATIC_TSRMLS_CACHE=1 -DZEND_COMPILE_DL_EXT=1 -c /usr/src/php/ext/bcmath/libbcmath/src/num2str.c -MMD -MF libbcmath/src/num2str.dep -MT libbcmath/src/num2str.lo  -fPIC -DPIC -o libbcmath/src/.libs/num2str.o
#8 123.8 /bin/bash /usr/src/php/ext/bcmath/libtool --tag=CC --mode=compile cc -I. -I/usr/src/php/ext/bcmath -I/usr/local/include/php -I/usr/local/include/php/main -I/usr/local/include/php/TSRM -I/usr/local/include/php/Zend -I/usr/local/include/php/ext -I/usr/local/include/php/ext/date/lib  -fstack-protector-strong -fpic -fpie -O2 -D_LARGEFILE_SOURCE -D_FILE_OFFSET_BITS=64 -DHAVE_CONFIG_H  -fstack-protector-strong -fpic -fpie -O2 -D_LARGEFILE_SOURCE -D_FILE_OFFSET_BITS=64 -D_GNU_SOURCE   -DZEND_ENABLE_STATIC_TSRMLS_CACHE=1 -DZEND_COMPILE_DL_EXT=1 -c /usr/src/php/ext/bcmath/libbcmath/src/raise.c -o libbcmath/src/raise.lo  -MMD -MF libbcmath/src/raise.dep -MT libbcmath/src/raise.lo
#8 124.1  cc -I. -I/usr/src/php/ext/bcmath -I/usr/local/include/php -I/usr/local/include/php/main -I/usr/local/include/php/TSRM -I/usr/local/include/php/Zend -I/usr/local/include/php/ext -I/usr/local/include/php/ext/date/lib -fstack-protector-strong -fpic -fpie -O2 -D_LARGEFILE_SOURCE -D_FILE_OFFSET_BITS=64 -DHAVE_CONFIG_H -fstack-protector-strong -fpic -fpie -O2 -D_LARGEFILE_SOURCE -D_FILE_OFFSET_BITS=64 -D_GNU_SOURCE -DZEND_ENABLE_STATIC_TSRMLS_CACHE=1 -DZEND_COMPILE_DL_EXT=1 -c /usr/src/php/ext/bcmath/libbcmath/src/raise.c -MMD -MF libbcmath/src/raise.dep -MT libbcmath/src/raise.lo  -fPIC -DPIC -o libbcmath/src/.libs/raise.o
#8 124.5 /bin/bash /usr/src/php/ext/bcmath/libtool --tag=CC --mode=compile cc -I. -I/usr/src/php/ext/bcmath -I/usr/local/include/php -I/usr/local/include/php/main -I/usr/local/include/php/TSRM -I/usr/local/include/php/Zend -I/usr/local/include/php/ext -I/usr/local/include/php/ext/date/lib  -fstack-protector-strong -fpic -fpie -O2 -D_LARGEFILE_SOURCE -D_FILE_OFFSET_BITS=64 -DHAVE_CONFIG_H  -fstack-protector-strong -fpic -fpie -O2 -D_LARGEFILE_SOURCE -D_FILE_OFFSET_BITS=64 -D_GNU_SOURCE   -DZEND_ENABLE_STATIC_TSRMLS_CACHE=1 -DZEND_COMPILE_DL_EXT=1 -c /usr/src/php/ext/bcmath/libbcmath/src/raisemod.c -o libbcmath/src/raisemod.lo  -MMD -MF libbcmath/src/raisemod.dep -MT libbcmath/src/raisemod.lo
#8 124.8  cc -I. -I/usr/src/php/ext/bcmath -I/usr/local/include/php -I/usr/local/include/php/main -I/usr/local/include/php/TSRM -I/usr/local/include/php/Zend -I/usr/local/include/php/ext -I/usr/local/include/php/ext/date/lib -fstack-protector-strong -fpic -fpie -O2 -D_LARGEFILE_SOURCE -D_FILE_OFFSET_BITS=64 -DHAVE_CONFIG_H -fstack-protector-strong -fpic -fpie -O2 -D_LARGEFILE_SOURCE -D_FILE_OFFSET_BITS=64 -D_GNU_SOURCE -DZEND_ENABLE_STATIC_TSRMLS_CACHE=1 -DZEND_COMPILE_DL_EXT=1 -c /usr/src/php/ext/bcmath/libbcmath/src/raisemod.c -MMD -MF libbcmath/src/raisemod.dep -MT libbcmath/src/raisemod.lo  -fPIC -DPIC -o libbcmath/src/.libs/raisemod.o
#8 125.0 /bin/bash /usr/src/php/ext/bcmath/libtool --tag=CC --mode=compile cc -I. -I/usr/src/php/ext/bcmath -I/usr/local/include/php -I/usr/local/include/php/main -I/usr/local/include/php/TSRM -I/usr/local/include/php/Zend -I/usr/local/include/php/ext -I/usr/local/include/php/ext/date/lib  -fstack-protector-strong -fpic -fpie -O2 -D_LARGEFILE_SOURCE -D_FILE_OFFSET_BITS=64 -DHAVE_CONFIG_H  -fstack-protector-strong -fpic -fpie -O2 -D_LARGEFILE_SOURCE -D_FILE_OFFSET_BITS=64 -D_GNU_SOURCE   -DZEND_ENABLE_STATIC_TSRMLS_CACHE=1 -DZEND_COMPILE_DL_EXT=1 -c /usr/src/php/ext/bcmath/libbcmath/src/recmul.c -o libbcmath/src/recmul.lo  -MMD -MF libbcmath/src/recmul.dep -MT libbcmath/src/recmul.lo
#8 125.3  cc -I. -I/usr/src/php/ext/bcmath -I/usr/local/include/php -I/usr/local/include/php/main -I/usr/local/include/php/TSRM -I/usr/local/include/php/Zend -I/usr/local/include/php/ext -I/usr/local/include/php/ext/date/lib -fstack-protector-strong -fpic -fpie -O2 -D_LARGEFILE_SOURCE -D_FILE_OFFSET_BITS=64 -DHAVE_CONFIG_H -fstack-protector-strong -fpic -fpie -O2 -D_LARGEFILE_SOURCE -D_FILE_OFFSET_BITS=64 -D_GNU_SOURCE -DZEND_ENABLE_STATIC_TSRMLS_CACHE=1 -DZEND_COMPILE_DL_EXT=1 -c /usr/src/php/ext/bcmath/libbcmath/src/recmul.c -MMD -MF libbcmath/src/recmul.dep -MT libbcmath/src/recmul.lo  -fPIC -DPIC -o libbcmath/src/.libs/recmul.o
#8 125.7 /bin/bash /usr/src/php/ext/bcmath/libtool --tag=CC --mode=compile cc -I. -I/usr/src/php/ext/bcmath -I/usr/local/include/php -I/usr/local/include/php/main -I/usr/local/include/php/TSRM -I/usr/local/include/php/Zend -I/usr/local/include/php/ext -I/usr/local/include/php/ext/date/lib  -fstack-protector-strong -fpic -fpie -O2 -D_LARGEFILE_SOURCE -D_FILE_OFFSET_BITS=64 -DHAVE_CONFIG_H  -fstack-protector-strong -fpic -fpie -O2 -D_LARGEFILE_SOURCE -D_FILE_OFFSET_BITS=64 -D_GNU_SOURCE   -DZEND_ENABLE_STATIC_TSRMLS_CACHE=1 -DZEND_COMPILE_DL_EXT=1 -c /usr/src/php/ext/bcmath/libbcmath/src/rmzero.c -o libbcmath/src/rmzero.lo  -MMD -MF libbcmath/src/rmzero.dep -MT libbcmath/src/rmzero.lo
#8 126.1  cc -I. -I/usr/src/php/ext/bcmath -I/usr/local/include/php -I/usr/local/include/php/main -I/usr/local/include/php/TSRM -I/usr/local/include/php/Zend -I/usr/local/include/php/ext -I/usr/local/include/php/ext/date/lib -fstack-protector-strong -fpic -fpie -O2 -D_LARGEFILE_SOURCE -D_FILE_OFFSET_BITS=64 -DHAVE_CONFIG_H -fstack-protector-strong -fpic -fpie -O2 -D_LARGEFILE_SOURCE -D_FILE_OFFSET_BITS=64 -D_GNU_SOURCE -DZEND_ENABLE_STATIC_TSRMLS_CACHE=1 -DZEND_COMPILE_DL_EXT=1 -c /usr/src/php/ext/bcmath/libbcmath/src/rmzero.c -MMD -MF libbcmath/src/rmzero.dep -MT libbcmath/src/rmzero.lo  -fPIC -DPIC -o libbcmath/src/.libs/rmzero.o
#8 126.3 /bin/bash /usr/src/php/ext/bcmath/libtool --tag=CC --mode=compile cc -I. -I/usr/src/php/ext/bcmath -I/usr/local/include/php -I/usr/local/include/php/main -I/usr/local/include/php/TSRM -I/usr/local/include/php/Zend -I/usr/local/include/php/ext -I/usr/local/include/php/ext/date/lib  -fstack-protector-strong -fpic -fpie -O2 -D_LARGEFILE_SOURCE -D_FILE_OFFSET_BITS=64 -DHAVE_CONFIG_H  -fstack-protector-strong -fpic -fpie -O2 -D_LARGEFILE_SOURCE -D_FILE_OFFSET_BITS=64 -D_GNU_SOURCE   -DZEND_ENABLE_STATIC_TSRMLS_CACHE=1 -DZEND_COMPILE_DL_EXT=1 -c /usr/src/php/ext/bcmath/libbcmath/src/round.c -o libbcmath/src/round.lo  -MMD -MF libbcmath/src/round.dep -MT libbcmath/src/round.lo
#8 126.6  cc -I. -I/usr/src/php/ext/bcmath -I/usr/local/include/php -I/usr/local/include/php/main -I/usr/local/include/php/TSRM -I/usr/local/include/php/Zend -I/usr/local/include/php/ext -I/usr/local/include/php/ext/date/lib -fstack-protector-strong -fpic -fpie -O2 -D_LARGEFILE_SOURCE -D_FILE_OFFSET_BITS=64 -DHAVE_CONFIG_H -fstack-protector-strong -fpic -fpie -O2 -D_LARGEFILE_SOURCE -D_FILE_OFFSET_BITS=64 -D_GNU_SOURCE -DZEND_ENABLE_STATIC_TSRMLS_CACHE=1 -DZEND_COMPILE_DL_EXT=1 -c /usr/src/php/ext/bcmath/libbcmath/src/round.c -MMD -MF libbcmath/src/round.dep -MT libbcmath/src/round.lo  -fPIC -DPIC -o libbcmath/src/.libs/round.o
#8 126.9 /bin/bash /usr/src/php/ext/bcmath/libtool --tag=CC --mode=compile cc -I. -I/usr/src/php/ext/bcmath -I/usr/local/include/php -I/usr/local/include/php/main -I/usr/local/include/php/TSRM -I/usr/local/include/php/Zend -I/usr/local/include/php/ext -I/usr/local/include/php/ext/date/lib  -fstack-protector-strong -fpic -fpie -O2 -D_LARGEFILE_SOURCE -D_FILE_OFFSET_BITS=64 -DHAVE_CONFIG_H  -fstack-protector-strong -fpic -fpie -O2 -D_LARGEFILE_SOURCE -D_FILE_OFFSET_BITS=64 -D_GNU_SOURCE   -DZEND_ENABLE_STATIC_TSRMLS_CACHE=1 -DZEND_COMPILE_DL_EXT=1 -c /usr/src/php/ext/bcmath/libbcmath/src/sqrt.c -o libbcmath/src/sqrt.lo  -MMD -MF libbcmath/src/sqrt.dep -MT libbcmath/src/sqrt.lo
#8 127.2  cc -I. -I/usr/src/php/ext/bcmath -I/usr/local/include/php -I/usr/local/include/php/main -I/usr/local/include/php/TSRM -I/usr/local/include/php/Zend -I/usr/local/include/php/ext -I/usr/local/include/php/ext/date/lib -fstack-protector-strong -fpic -fpie -O2 -D_LARGEFILE_SOURCE -D_FILE_OFFSET_BITS=64 -DHAVE_CONFIG_H -fstack-protector-strong -fpic -fpie -O2 -D_LARGEFILE_SOURCE -D_FILE_OFFSET_BITS=64 -D_GNU_SOURCE -DZEND_ENABLE_STATIC_TSRMLS_CACHE=1 -DZEND_COMPILE_DL_EXT=1 -c /usr/src/php/ext/bcmath/libbcmath/src/sqrt.c -MMD -MF libbcmath/src/sqrt.dep -MT libbcmath/src/sqrt.lo  -fPIC -DPIC -o libbcmath/src/.libs/sqrt.o
#8 127.5 /bin/bash /usr/src/php/ext/bcmath/libtool --tag=CC --mode=compile cc -I. -I/usr/src/php/ext/bcmath -I/usr/local/include/php -I/usr/local/include/php/main -I/usr/local/include/php/TSRM -I/usr/local/include/php/Zend -I/usr/local/include/php/ext -I/usr/local/include/php/ext/date/lib  -fstack-protector-strong -fpic -fpie -O2 -D_LARGEFILE_SOURCE -D_FILE_OFFSET_BITS=64 -DHAVE_CONFIG_H  -fstack-protector-strong -fpic -fpie -O2 -D_LARGEFILE_SOURCE -D_FILE_OFFSET_BITS=64 -D_GNU_SOURCE   -DZEND_ENABLE_STATIC_TSRMLS_CACHE=1 -DZEND_COMPILE_DL_EXT=1 -c /usr/src/php/ext/bcmath/libbcmath/src/str2num.c -o libbcmath/src/str2num.lo  -MMD -MF libbcmath/src/str2num.dep -MT libbcmath/src/str2num.lo
#8 127.8  cc -I. -I/usr/src/php/ext/bcmath -I/usr/local/include/php -I/usr/local/include/php/main -I/usr/local/include/php/TSRM -I/usr/local/include/php/Zend -I/usr/local/include/php/ext -I/usr/local/include/php/ext/date/lib -fstack-protector-strong -fpic -fpie -O2 -D_LARGEFILE_SOURCE -D_FILE_OFFSET_BITS=64 -DHAVE_CONFIG_H -fstack-protector-strong -fpic -fpie -O2 -D_LARGEFILE_SOURCE -D_FILE_OFFSET_BITS=64 -D_GNU_SOURCE -DZEND_ENABLE_STATIC_TSRMLS_CACHE=1 -DZEND_COMPILE_DL_EXT=1 -c /usr/src/php/ext/bcmath/libbcmath/src/str2num.c -MMD -MF libbcmath/src/str2num.dep -MT libbcmath/src/str2num.lo  -fPIC -DPIC -o libbcmath/src/.libs/str2num.o
#8 128.1 /bin/bash /usr/src/php/ext/bcmath/libtool --tag=CC --mode=compile cc -I. -I/usr/src/php/ext/bcmath -I/usr/local/include/php -I/usr/local/include/php/main -I/usr/local/include/php/TSRM -I/usr/local/include/php/Zend -I/usr/local/include/php/ext -I/usr/local/include/php/ext/date/lib  -fstack-protector-strong -fpic -fpie -O2 -D_LARGEFILE_SOURCE -D_FILE_OFFSET_BITS=64 -DHAVE_CONFIG_H  -fstack-protector-strong -fpic -fpie -O2 -D_LARGEFILE_SOURCE -D_FILE_OFFSET_BITS=64 -D_GNU_SOURCE   -DZEND_ENABLE_STATIC_TSRMLS_CACHE=1 -DZEND_COMPILE_DL_EXT=1 -c /usr/src/php/ext/bcmath/libbcmath/src/sub.c -o libbcmath/src/sub.lo  -MMD -MF libbcmath/src/sub.dep -MT libbcmath/src/sub.lo
#8 128.4  cc -I. -I/usr/src/php/ext/bcmath -I/usr/local/include/php -I/usr/local/include/php/main -I/usr/local/include/php/TSRM -I/usr/local/include/php/Zend -I/usr/local/include/php/ext -I/usr/local/include/php/ext/date/lib -fstack-protector-strong -fpic -fpie -O2 -D_LARGEFILE_SOURCE -D_FILE_OFFSET_BITS=64 -DHAVE_CONFIG_H -fstack-protector-strong -fpic -fpie -O2 -D_LARGEFILE_SOURCE -D_FILE_OFFSET_BITS=64 -D_GNU_SOURCE -DZEND_ENABLE_STATIC_TSRMLS_CACHE=1 -DZEND_COMPILE_DL_EXT=1 -c /usr/src/php/ext/bcmath/libbcmath/src/sub.c -MMD -MF libbcmath/src/sub.dep -MT libbcmath/src/sub.lo  -fPIC -DPIC -o libbcmath/src/.libs/sub.o
#8 128.6 /bin/bash /usr/src/php/ext/bcmath/libtool --tag=CC --mode=compile cc -I. -I/usr/src/php/ext/bcmath -I/usr/local/include/php -I/usr/local/include/php/main -I/usr/local/include/php/TSRM -I/usr/local/include/php/Zend -I/usr/local/include/php/ext -I/usr/local/include/php/ext/date/lib  -fstack-protector-strong -fpic -fpie -O2 -D_LARGEFILE_SOURCE -D_FILE_OFFSET_BITS=64 -DHAVE_CONFIG_H  -fstack-protector-strong -fpic -fpie -O2 -D_LARGEFILE_SOURCE -D_FILE_OFFSET_BITS=64 -D_GNU_SOURCE   -DZEND_ENABLE_STATIC_TSRMLS_CACHE=1 -DZEND_COMPILE_DL_EXT=1 -c /usr/src/php/ext/bcmath/libbcmath/src/zero.c -o libbcmath/src/zero.lo  -MMD -MF libbcmath/src/zero.dep -MT libbcmath/src/zero.lo
#8 128.9  cc -I. -I/usr/src/php/ext/bcmath -I/usr/local/include/php -I/usr/local/include/php/main -I/usr/local/include/php/TSRM -I/usr/local/include/php/Zend -I/usr/local/include/php/ext -I/usr/local/include/php/ext/date/lib -fstack-protector-strong -fpic -fpie -O2 -D_LARGEFILE_SOURCE -D_FILE_OFFSET_BITS=64 -DHAVE_CONFIG_H -fstack-protector-strong -fpic -fpie -O2 -D_LARGEFILE_SOURCE -D_FILE_OFFSET_BITS=64 -D_GNU_SOURCE -DZEND_ENABLE_STATIC_TSRMLS_CACHE=1 -DZEND_COMPILE_DL_EXT=1 -c /usr/src/php/ext/bcmath/libbcmath/src/zero.c -MMD -MF libbcmath/src/zero.dep -MT libbcmath/src/zero.lo  -fPIC -DPIC -o libbcmath/src/.libs/zero.o
#8 129.3 /bin/bash /usr/src/php/ext/bcmath/libtool --tag=CC --mode=link cc -shared -I/usr/local/include/php -I/usr/local/include/php/main -I/usr/local/include/php/TSRM -I/usr/local/include/php/Zend -I/usr/local/include/php/ext -I/usr/local/include/php/ext/date/lib  -fstack-protector-strong -fpic -fpie -O2 -D_LARGEFILE_SOURCE -D_FILE_OFFSET_BITS=64 -DHAVE_CONFIG_H  -fstack-protector-strong -fpic -fpie -O2 -D_LARGEFILE_SOURCE -D_FILE_OFFSET_BITS=64 -D_GNU_SOURCE  -Wl,-O1 -pie  -o bcmath.la -export-dynamic -avoid-version -prefer-pic -module -rpath /usr/src/php/ext/bcmath/modules  bcmath.lo libbcmath/src/add.lo libbcmath/src/compare.lo libbcmath/src/convert.lo libbcmath/src/div.lo libbcmath/src/divmod.lo libbcmath/src/doaddsub.lo libbcmath/src/floor_or_ceil.lo libbcmath/src/long2num.lo libbcmath/src/init.lo libbcmath/src/int2num.lo libbcmath/src/nearzero.lo libbcmath/src/neg.lo libbcmath/src/num2long.lo libbcmath/src/num2str.lo libbcmath/src/raise.lo libbcmath/src/raisemod.lo libbcmath/src/recmul.lo libbcmath/src/rmzero.lo libbcmath/src/round.lo libbcmath/src/sqrt.lo libbcmath/src/str2num.lo libbcmath/src/sub.lo libbcmath/src/zero.lo 
#8 129.8 cc -shared  .libs/bcmath.o libbcmath/src/.libs/add.o libbcmath/src/.libs/compare.o libbcmath/src/.libs/convert.o libbcmath/src/.libs/div.o libbcmath/src/.libs/divmod.o libbcmath/src/.libs/doaddsub.o libbcmath/src/.libs/floor_or_ceil.o libbcmath/src/.libs/long2num.o libbcmath/src/.libs/init.o libbcmath/src/.libs/int2num.o libbcmath/src/.libs/nearzero.o libbcmath/src/.libs/neg.o libbcmath/src/.libs/num2long.o libbcmath/src/.libs/num2str.o libbcmath/src/.libs/raise.o libbcmath/src/.libs/raisemod.o libbcmath/src/.libs/recmul.o libbcmath/src/.libs/rmzero.o libbcmath/src/.libs/round.o libbcmath/src/.libs/sqrt.o libbcmath/src/.libs/str2num.o libbcmath/src/.libs/sub.o libbcmath/src/.libs/zero.o   -Wl,-O1 -Wl,-soname -Wl,bcmath.so -o .libs/bcmath.so
#8 129.8 creating bcmath.la
#8 129.9 (cd .libs && rm -f bcmath.la && ln -s ../bcmath.la bcmath.la)
#8 129.9 /bin/bash /usr/src/php/ext/bcmath/libtool --tag=CC --mode=install cp ./bcmath.la /usr/src/php/ext/bcmath/modules
#8 129.9 cp ./.libs/bcmath.so /usr/src/php/ext/bcmath/modules/bcmath.so
#8 130.0 cp ./.libs/bcmath.lai /usr/src/php/ext/bcmath/modules/bcmath.la
#8 130.0 PATH="$PATH:/sbin" ldconfig -n /usr/src/php/ext/bcmath/modules
#8 130.0 ----------------------------------------------------------------------
#8 130.0 Libraries have been installed in:
#8 130.0    /usr/src/php/ext/bcmath/modules
#8 130.0 
#8 130.0 If you ever happen to want to link against installed libraries
#8 130.0 in a given directory, LIBDIR, you must either use libtool, and
#8 130.0 specify the full pathname of the library, or use the `-LLIBDIR'
#8 130.0 flag during linking and do at least one of the following:
#8 130.0    - add LIBDIR to the `LD_LIBRARY_PATH' environment variable
#8 130.0      during execution
#8 130.0    - add LIBDIR to the `LD_RUN_PATH' environment variable
#8 130.0      during linking
#8 130.0    - use the `-Wl,--rpath -Wl,LIBDIR' linker flag
#8 130.0    - have your system administrator add LIBDIR to `/etc/ld.so.conf'
#8 130.0 
#8 130.0 See any operating system documentation about shared libraries for
#8 130.0 more information, such as the ld(1) and ld.so(8) manual pages.
#8 130.0 ----------------------------------------------------------------------
#8 130.0 
#8 130.0 Build complete.
#8 130.0 Don't forget to run 'make test'.
#8 130.0 
#8 130.1 + strip --strip-all modules/bcmath.so
#8 130.2 Installing shared extensions:     /usr/local/lib/php/extensions/no-debug-non-zts-20250925/
#8 130.4 find . -name \*.gcno -o -name \*.gcda | xargs rm -f
#8 130.4 find . -name \*.lo -o -name \*.o -o -name \*.dep | xargs rm -f
#8 130.4 find . -name \*.la -o -name \*.a | xargs rm -f
#8 130.4 find . -name \*.so | xargs rm -f
#8 130.4 find . -name .libs -a -type d|xargs rm -rf
#8 130.5 rm -f libphp.la        modules/* libs/*
#8 130.5 rm -f ext/opcache/jit/ir/gen_ir_fold_hash
#8 130.5 rm -f ext/opcache/jit/ir/minilua
#8 130.5 rm -f ext/opcache/jit/ir/ir_fold_hash.h
#8 130.5 rm -f ext/opcache/jit/ir/ir_emit_x86.h
#8 130.5 rm -f ext/opcache/jit/ir/ir_emit_aarch64.h
#8 130.5 /bin/bash /usr/src/php/ext/gd/libtool --tag=CC --mode=compile cc -I. -I/usr/src/php/ext/gd -I/usr/local/include/php -I/usr/local/include/php/main -I/usr/local/include/php/TSRM -I/usr/local/include/php/Zend -I/usr/local/include/php/ext -I/usr/local/include/php/ext/date/lib -I/usr/include/libpng16 -I/usr/include/freetype2  -fstack-protector-strong -fpic -fpie -O2 -D_LARGEFILE_SOURCE -D_FILE_OFFSET_BITS=64 -DHAVE_CONFIG_H  -fstack-protector-strong -fpic -fpie -O2 -D_LARGEFILE_SOURCE -D_FILE_OFFSET_BITS=64 -D_GNU_SOURCE   -Wno-strict-prototypes -I/usr/src/php/ext/gd/libgd -DZEND_COMPILE_DL_EXT=1 -c /usr/src/php/ext/gd/gd.c -o gd.lo  -MMD -MF gd.dep -MT gd.lo
#8 130.8 mkdir .libs
#8 130.8  cc -I. -I/usr/src/php/ext/gd -I/usr/local/include/php -I/usr/local/include/php/main -I/usr/local/include/php/TSRM -I/usr/local/include/php/Zend -I/usr/local/include/php/ext -I/usr/local/include/php/ext/date/lib -I/usr/include/libpng16 -I/usr/include/freetype2 -fstack-protector-strong -fpic -fpie -O2 -D_LARGEFILE_SOURCE -D_FILE_OFFSET_BITS=64 -DHAVE_CONFIG_H -fstack-protector-strong -fpic -fpie -O2 -D_LARGEFILE_SOURCE -D_FILE_OFFSET_BITS=64 -D_GNU_SOURCE -Wno-strict-prototypes -I/usr/src/php/ext/gd/libgd -DZEND_COMPILE_DL_EXT=1 -c /usr/src/php/ext/gd/gd.c -MMD -MF gd.dep -MT gd.lo  -fPIC -DPIC -o .libs/gd.o
#8 133.6 /bin/bash /usr/src/php/ext/gd/libtool --tag=CC --mode=compile cc -I. -I/usr/src/php/ext/gd -I/usr/local/include/php -I/usr/local/include/php/main -I/usr/local/include/php/TSRM -I/usr/local/include/php/Zend -I/usr/local/include/php/ext -I/usr/local/include/php/ext/date/lib -I/usr/include/libpng16 -I/usr/include/freetype2  -fstack-protector-strong -fpic -fpie -O2 -D_LARGEFILE_SOURCE -D_FILE_OFFSET_BITS=64 -DHAVE_CONFIG_H  -fstack-protector-strong -fpic -fpie -O2 -D_LARGEFILE_SOURCE -D_FILE_OFFSET_BITS=64 -D_GNU_SOURCE   -Wno-strict-prototypes -I/usr/src/php/ext/gd/libgd -DZEND_COMPILE_DL_EXT=1 -c /usr/src/php/ext/gd/libgd/gd_avif.c -o libgd/gd_avif.lo  -MMD -MF libgd/gd_avif.dep -MT libgd/gd_avif.lo
#8 133.9 mkdir libgd/.libs
#8 133.9  cc -I. -I/usr/src/php/ext/gd -I/usr/local/include/php -I/usr/local/include/php/main -I/usr/local/include/php/TSRM -I/usr/local/include/php/Zend -I/usr/local/include/php/ext -I/usr/local/include/php/ext/date/lib -I/usr/include/libpng16 -I/usr/include/freetype2 -fstack-protector-strong -fpic -fpie -O2 -D_LARGEFILE_SOURCE -D_FILE_OFFSET_BITS=64 -DHAVE_CONFIG_H -fstack-protector-strong -fpic -fpie -O2 -D_LARGEFILE_SOURCE -D_FILE_OFFSET_BITS=64 -D_GNU_SOURCE -Wno-strict-prototypes -I/usr/src/php/ext/gd/libgd -DZEND_COMPILE_DL_EXT=1 -c /usr/src/php/ext/gd/libgd/gd_avif.c -MMD -MF libgd/gd_avif.dep -MT libgd/gd_avif.lo  -fPIC -DPIC -o libgd/.libs/gd_avif.o
#8 134.2 /bin/bash /usr/src/php/ext/gd/libtool --tag=CC --mode=compile cc -I. -I/usr/src/php/ext/gd -I/usr/local/include/php -I/usr/local/include/php/main -I/usr/local/include/php/TSRM -I/usr/local/include/php/Zend -I/usr/local/include/php/ext -I/usr/local/include/php/ext/date/lib -I/usr/include/libpng16 -I/usr/include/freetype2  -fstack-protector-strong -fpic -fpie -O2 -D_LARGEFILE_SOURCE -D_FILE_OFFSET_BITS=64 -DHAVE_CONFIG_H  -fstack-protector-strong -fpic -fpie -O2 -D_LARGEFILE_SOURCE -D_FILE_OFFSET_BITS=64 -D_GNU_SOURCE   -Wno-strict-prototypes -I/usr/src/php/ext/gd/libgd -DZEND_COMPILE_DL_EXT=1 -c /usr/src/php/ext/gd/libgd/gd_bmp.c -o libgd/gd_bmp.lo  -MMD -MF libgd/gd_bmp.dep -MT libgd/gd_bmp.lo
#8 134.5  cc -I. -I/usr/src/php/ext/gd -I/usr/local/include/php -I/usr/local/include/php/main -I/usr/local/include/php/TSRM -I/usr/local/include/php/Zend -I/usr/local/include/php/ext -I/usr/local/include/php/ext/date/lib -I/usr/include/libpng16 -I/usr/include/freetype2 -fstack-protector-strong -fpic -fpie -O2 -D_LARGEFILE_SOURCE -D_FILE_OFFSET_BITS=64 -DHAVE_CONFIG_H -fstack-protector-strong -fpic -fpie -O2 -D_LARGEFILE_SOURCE -D_FILE_OFFSET_BITS=64 -D_GNU_SOURCE -Wno-strict-prototypes -I/usr/src/php/ext/gd/libgd -DZEND_COMPILE_DL_EXT=1 -c /usr/src/php/ext/gd/libgd/gd_bmp.c -MMD -MF libgd/gd_bmp.dep -MT libgd/gd_bmp.lo  -fPIC -DPIC -o libgd/.libs/gd_bmp.o
#8 135.2 /bin/bash /usr/src/php/ext/gd/libtool --tag=CC --mode=compile cc -I. -I/usr/src/php/ext/gd -I/usr/local/include/php -I/usr/local/include/php/main -I/usr/local/include/php/TSRM -I/usr/local/include/php/Zend -I/usr/local/include/php/ext -I/usr/local/include/php/ext/date/lib -I/usr/include/libpng16 -I/usr/include/freetype2  -fstack-protector-strong -fpic -fpie -O2 -D_LARGEFILE_SOURCE -D_FILE_OFFSET_BITS=64 -DHAVE_CONFIG_H  -fstack-protector-strong -fpic -fpie -O2 -D_LARGEFILE_SOURCE -D_FILE_OFFSET_BITS=64 -D_GNU_SOURCE   -Wno-strict-prototypes -I/usr/src/php/ext/gd/libgd -DZEND_COMPILE_DL_EXT=1 -c /usr/src/php/ext/gd/libgd/gd_color_match.c -o libgd/gd_color_match.lo  -MMD -MF libgd/gd_color_match.dep -MT libgd/gd_color_match.lo
#8 135.5  cc -I. -I/usr/src/php/ext/gd -I/usr/local/include/php -I/usr/local/include/php/main -I/usr/local/include/php/TSRM -I/usr/local/include/php/Zend -I/usr/local/include/php/ext -I/usr/local/include/php/ext/date/lib -I/usr/include/libpng16 -I/usr/include/freetype2 -fstack-protector-strong -fpic -fpie -O2 -D_LARGEFILE_SOURCE -D_FILE_OFFSET_BITS=64 -DHAVE_CONFIG_H -fstack-protector-strong -fpic -fpie -O2 -D_LARGEFILE_SOURCE -D_FILE_OFFSET_BITS=64 -D_GNU_SOURCE -Wno-strict-prototypes -I/usr/src/php/ext/gd/libgd -DZEND_COMPILE_DL_EXT=1 -c /usr/src/php/ext/gd/libgd/gd_color_match.c -MMD -MF libgd/gd_color_match.dep -MT libgd/gd_color_match.lo  -fPIC -DPIC -o libgd/.libs/gd_color_match.o
#8 135.8 /bin/bash /usr/src/php/ext/gd/libtool --tag=CC --mode=compile cc -I. -I/usr/src/php/ext/gd -I/usr/local/include/php -I/usr/local/include/php/main -I/usr/local/include/php/TSRM -I/usr/local/include/php/Zend -I/usr/local/include/php/ext -I/usr/local/include/php/ext/date/lib -I/usr/include/libpng16 -I/usr/include/freetype2  -fstack-protector-strong -fpic -fpie -O2 -D_LARGEFILE_SOURCE -D_FILE_OFFSET_BITS=64 -DHAVE_CONFIG_H  -fstack-protector-strong -fpic -fpie -O2 -D_LARGEFILE_SOURCE -D_FILE_OFFSET_BITS=64 -D_GNU_SOURCE   -Wno-strict-prototypes -I/usr/src/php/ext/gd/libgd -DZEND_COMPILE_DL_EXT=1 -c /usr/src/php/ext/gd/libgd/gd_crop.c -o libgd/gd_crop.lo  -MMD -MF libgd/gd_crop.dep -MT libgd/gd_crop.lo
#8 136.1  cc -I. -I/usr/src/php/ext/gd -I/usr/local/include/php -I/usr/local/include/php/main -I/usr/local/include/php/TSRM -I/usr/local/include/php/Zend -I/usr/local/include/php/ext -I/usr/local/include/php/ext/date/lib -I/usr/include/libpng16 -I/usr/include/freetype2 -fstack-protector-strong -fpic -fpie -O2 -D_LARGEFILE_SOURCE -D_FILE_OFFSET_BITS=64 -DHAVE_CONFIG_H -fstack-protector-strong -fpic -fpie -O2 -D_LARGEFILE_SOURCE -D_FILE_OFFSET_BITS=64 -D_GNU_SOURCE -Wno-strict-prototypes -I/usr/src/php/ext/gd/libgd -DZEND_COMPILE_DL_EXT=1 -c /usr/src/php/ext/gd/libgd/gd_crop.c -MMD -MF libgd/gd_crop.dep -MT libgd/gd_crop.lo  -fPIC -DPIC -o libgd/.libs/gd_crop.o
#8 136.3 /bin/bash /usr/src/php/ext/gd/libtool --tag=CC --mode=compile cc -I. -I/usr/src/php/ext/gd -I/usr/local/include/php -I/usr/local/include/php/main -I/usr/local/include/php/TSRM -I/usr/local/include/php/Zend -I/usr/local/include/php/ext -I/usr/local/include/php/ext/date/lib -I/usr/include/libpng16 -I/usr/include/freetype2  -fstack-protector-strong -fpic -fpie -O2 -D_LARGEFILE_SOURCE -D_FILE_OFFSET_BITS=64 -DHAVE_CONFIG_H  -fstack-protector-strong -fpic -fpie -O2 -D_LARGEFILE_SOURCE -D_FILE_OFFSET_BITS=64 -D_GNU_SOURCE   -Wno-strict-prototypes -I/usr/src/php/ext/gd/libgd -DZEND_COMPILE_DL_EXT=1 -c /usr/src/php/ext/gd/libgd/gd_filter.c -o libgd/gd_filter.lo  -MMD -MF libgd/gd_filter.dep -MT libgd/gd_filter.lo
#8 136.7  cc -I. -I/usr/src/php/ext/gd -I/usr/local/include/php -I/usr/local/include/php/main -I/usr/local/include/php/TSRM -I/usr/local/include/php/Zend -I/usr/local/include/php/ext -I/usr/local/include/php/ext/date/lib -I/usr/include/libpng16 -I/usr/include/freetype2 -fstack-protector-strong -fpic -fpie -O2 -D_LARGEFILE_SOURCE -D_FILE_OFFSET_BITS=64 -DHAVE_CONFIG_H -fstack-protector-strong -fpic -fpie -O2 -D_LARGEFILE_SOURCE -D_FILE_OFFSET_BITS=64 -D_GNU_SOURCE -Wno-strict-prototypes -I/usr/src/php/ext/gd/libgd -DZEND_COMPILE_DL_EXT=1 -c /usr/src/php/ext/gd/libgd/gd_filter.c -MMD -MF libgd/gd_filter.dep -MT libgd/gd_filter.lo  -fPIC -DPIC -o libgd/.libs/gd_filter.o
#8 137.2 /bin/bash /usr/src/php/ext/gd/libtool --tag=CC --mode=compile cc -I. -I/usr/src/php/ext/gd -I/usr/local/include/php -I/usr/local/include/php/main -I/usr/local/include/php/TSRM -I/usr/local/include/php/Zend -I/usr/local/include/php/ext -I/usr/local/include/php/ext/date/lib -I/usr/include/libpng16 -I/usr/include/freetype2  -fstack-protector-strong -fpic -fpie -O2 -D_LARGEFILE_SOURCE -D_FILE_OFFSET_BITS=64 -DHAVE_CONFIG_H  -fstack-protector-strong -fpic -fpie -O2 -D_LARGEFILE_SOURCE -D_FILE_OFFSET_BITS=64 -D_GNU_SOURCE   -Wno-strict-prototypes -I/usr/src/php/ext/gd/libgd -DZEND_COMPILE_DL_EXT=1 -c /usr/src/php/ext/gd/libgd/gd_gd.c -o libgd/gd_gd.lo  -MMD -MF libgd/gd_gd.dep -MT libgd/gd_gd.lo
#8 137.5  cc -I. -I/usr/src/php/ext/gd -I/usr/local/include/php -I/usr/local/include/php/main -I/usr/local/include/php/TSRM -I/usr/local/include/php/Zend -I/usr/local/include/php/ext -I/usr/local/include/php/ext/date/lib -I/usr/include/libpng16 -I/usr/include/freetype2 -fstack-protector-strong -fpic -fpie -O2 -D_LARGEFILE_SOURCE -D_FILE_OFFSET_BITS=64 -DHAVE_CONFIG_H -fstack-protector-strong -fpic -fpie -O2 -D_LARGEFILE_SOURCE -D_FILE_OFFSET_BITS=64 -D_GNU_SOURCE -Wno-strict-prototypes -I/usr/src/php/ext/gd/libgd -DZEND_COMPILE_DL_EXT=1 -c /usr/src/php/ext/gd/libgd/gd_gd.c -MMD -MF libgd/gd_gd.dep -MT libgd/gd_gd.lo  -fPIC -DPIC -o libgd/.libs/gd_gd.o
#8 137.6 /bin/bash /usr/src/php/ext/gd/libtool --tag=CC --mode=compile cc -I. -I/usr/src/php/ext/gd -I/usr/local/include/php -I/usr/local/include/php/main -I/usr/local/include/php/TSRM -I/usr/local/include/php/Zend -I/usr/local/include/php/ext -I/usr/local/include/php/ext/date/lib -I/usr/include/libpng16 -I/usr/include/freetype2  -fstack-protector-strong -fpic -fpie -O2 -D_LARGEFILE_SOURCE -D_FILE_OFFSET_BITS=64 -DHAVE_CONFIG_H  -fstack-protector-strong -fpic -fpie -O2 -D_LARGEFILE_SOURCE -D_FILE_OFFSET_BITS=64 -D_GNU_SOURCE   -Wno-strict-prototypes -I/usr/src/php/ext/gd/libgd -DZEND_COMPILE_DL_EXT=1 -c /usr/src/php/ext/gd/libgd/gd_gd2.c -o libgd/gd_gd2.lo  -MMD -MF libgd/gd_gd2.dep -MT libgd/gd_gd2.lo
#8 138.0  cc -I. -I/usr/src/php/ext/gd -I/usr/local/include/php -I/usr/local/include/php/main -I/usr/local/include/php/TSRM -I/usr/local/include/php/Zend -I/usr/local/include/php/ext -I/usr/local/include/php/ext/date/lib -I/usr/include/libpng16 -I/usr/include/freetype2 -fstack-protector-strong -fpic -fpie -O2 -D_LARGEFILE_SOURCE -D_FILE_OFFSET_BITS=64 -DHAVE_CONFIG_H -fstack-protector-strong -fpic -fpie -O2 -D_LARGEFILE_SOURCE -D_FILE_OFFSET_BITS=64 -D_GNU_SOURCE -Wno-strict-prototypes -I/usr/src/php/ext/gd/libgd -DZEND_COMPILE_DL_EXT=1 -c /usr/src/php/ext/gd/libgd/gd_gd2.c -MMD -MF libgd/gd_gd2.dep -MT libgd/gd_gd2.lo  -fPIC -DPIC -o libgd/.libs/gd_gd2.o
#8 138.7 /bin/bash /usr/src/php/ext/gd/libtool --tag=CC --mode=compile cc -I. -I/usr/src/php/ext/gd -I/usr/local/include/php -I/usr/local/include/php/main -I/usr/local/include/php/TSRM -I/usr/local/include/php/Zend -I/usr/local/include/php/ext -I/usr/local/include/php/ext/date/lib -I/usr/include/libpng16 -I/usr/include/freetype2  -fstack-protector-strong -fpic -fpie -O2 -D_LARGEFILE_SOURCE -D_FILE_OFFSET_BITS=64 -DHAVE_CONFIG_H  -fstack-protector-strong -fpic -fpie -O2 -D_LARGEFILE_SOURCE -D_FILE_OFFSET_BITS=64 -D_GNU_SOURCE   -Wno-strict-prototypes -I/usr/src/php/ext/gd/libgd -DZEND_COMPILE_DL_EXT=1 -c /usr/src/php/ext/gd/libgd/gd_gif_in.c -o libgd/gd_gif_in.lo  -MMD -MF libgd/gd_gif_in.dep -MT libgd/gd_gif_in.lo
#8 139.0  cc -I. -I/usr/src/php/ext/gd -I/usr/local/include/php -I/usr/local/include/php/main -I/usr/local/include/php/TSRM -I/usr/local/include/php/Zend -I/usr/local/include/php/ext -I/usr/local/include/php/ext/date/lib -I/usr/include/libpng16 -I/usr/include/freetype2 -fstack-protector-strong -fpic -fpie -O2 -D_LARGEFILE_SOURCE -D_FILE_OFFSET_BITS=64 -DHAVE_CONFIG_H -fstack-protector-strong -fpic -fpie -O2 -D_LARGEFILE_SOURCE -D_FILE_OFFSET_BITS=64 -D_GNU_SOURCE -Wno-strict-prototypes -I/usr/src/php/ext/gd/libgd -DZEND_COMPILE_DL_EXT=1 -c /usr/src/php/ext/gd/libgd/gd_gif_in.c -MMD -MF libgd/gd_gif_in.dep -MT libgd/gd_gif_in.lo  -fPIC -DPIC -o libgd/.libs/gd_gif_in.o
#8 139.4 /bin/bash /usr/src/php/ext/gd/libtool --tag=CC --mode=compile cc -I. -I/usr/src/php/ext/gd -I/usr/local/include/php -I/usr/local/include/php/main -I/usr/local/include/php/TSRM -I/usr/local/include/php/Zend -I/usr/local/include/php/ext -I/usr/local/include/php/ext/date/lib -I/usr/include/libpng16 -I/usr/include/freetype2  -fstack-protector-strong -fpic -fpie -O2 -D_LARGEFILE_SOURCE -D_FILE_OFFSET_BITS=64 -DHAVE_CONFIG_H  -fstack-protector-strong -fpic -fpie -O2 -D_LARGEFILE_SOURCE -D_FILE_OFFSET_BITS=64 -D_GNU_SOURCE   -Wno-strict-prototypes -I/usr/src/php/ext/gd/libgd -DZEND_COMPILE_DL_EXT=1 -c /usr/src/php/ext/gd/libgd/gd_gif_out.c -o libgd/gd_gif_out.lo  -MMD -MF libgd/gd_gif_out.dep -MT libgd/gd_gif_out.lo
#8 139.7  cc -I. -I/usr/src/php/ext/gd -I/usr/local/include/php -I/usr/local/include/php/main -I/usr/local/include/php/TSRM -I/usr/local/include/php/Zend -I/usr/local/include/php/ext -I/usr/local/include/php/ext/date/lib -I/usr/include/libpng16 -I/usr/include/freetype2 -fstack-protector-strong -fpic -fpie -O2 -D_LARGEFILE_SOURCE -D_FILE_OFFSET_BITS=64 -DHAVE_CONFIG_H -fstack-protector-strong -fpic -fpie -O2 -D_LARGEFILE_SOURCE -D_FILE_OFFSET_BITS=64 -D_GNU_SOURCE -Wno-strict-prototypes -I/usr/src/php/ext/gd/libgd -DZEND_COMPILE_DL_EXT=1 -c /usr/src/php/ext/gd/libgd/gd_gif_out.c -MMD -MF libgd/gd_gif_out.dep -MT libgd/gd_gif_out.lo  -fPIC -DPIC -o libgd/.libs/gd_gif_out.o
#8 140.0 /bin/bash /usr/src/php/ext/gd/libtool --tag=CC --mode=compile cc -I. -I/usr/src/php/ext/gd -I/usr/local/include/php -I/usr/local/include/php/main -I/usr/local/include/php/TSRM -I/usr/local/include/php/Zend -I/usr/local/include/php/ext -I/usr/local/include/php/ext/date/lib -I/usr/include/libpng16 -I/usr/include/freetype2  -fstack-protector-strong -fpic -fpie -O2 -D_LARGEFILE_SOURCE -D_FILE_OFFSET_BITS=64 -DHAVE_CONFIG_H  -fstack-protector-strong -fpic -fpie -O2 -D_LARGEFILE_SOURCE -D_FILE_OFFSET_BITS=64 -D_GNU_SOURCE   -Wno-strict-prototypes -I/usr/src/php/ext/gd/libgd -DZEND_COMPILE_DL_EXT=1 -c /usr/src/php/ext/gd/libgd/gd_interpolation.c -o libgd/gd_interpolation.lo  -MMD -MF libgd/gd_interpolation.dep -MT libgd/gd_interpolation.lo
#8 140.3  cc -I. -I/usr/src/php/ext/gd -I/usr/local/include/php -I/usr/local/include/php/main -I/usr/local/include/php/TSRM -I/usr/local/include/php/Zend -I/usr/local/include/php/ext -I/usr/local/include/php/ext/date/lib -I/usr/include/libpng16 -I/usr/include/freetype2 -fstack-protector-strong -fpic -fpie -O2 -D_LARGEFILE_SOURCE -D_FILE_OFFSET_BITS=64 -DHAVE_CONFIG_H -fstack-protector-strong -fpic -fpie -O2 -D_LARGEFILE_SOURCE -D_FILE_OFFSET_BITS=64 -D_GNU_SOURCE -Wno-strict-prototypes -I/usr/src/php/ext/gd/libgd -DZEND_COMPILE_DL_EXT=1 -c /usr/src/php/ext/gd/libgd/gd_interpolation.c -MMD -MF libgd/gd_interpolation.dep -MT libgd/gd_interpolation.lo  -fPIC -DPIC -o libgd/.libs/gd_interpolation.o
#8 141.6 /bin/bash /usr/src/php/ext/gd/libtool --tag=CC --mode=compile cc -I. -I/usr/src/php/ext/gd -I/usr/local/include/php -I/usr/local/include/php/main -I/usr/local/include/php/TSRM -I/usr/local/include/php/Zend -I/usr/local/include/php/ext -I/usr/local/include/php/ext/date/lib -I/usr/include/libpng16 -I/usr/include/freetype2  -fstack-protector-strong -fpic -fpie -O2 -D_LARGEFILE_SOURCE -D_FILE_OFFSET_BITS=64 -DHAVE_CONFIG_H  -fstack-protector-strong -fpic -fpie -O2 -D_LARGEFILE_SOURCE -D_FILE_OFFSET_BITS=64 -D_GNU_SOURCE   -Wno-strict-prototypes -I/usr/src/php/ext/gd/libgd -DZEND_COMPILE_DL_EXT=1 -c /usr/src/php/ext/gd/libgd/gd_io_dp.c -o libgd/gd_io_dp.lo  -MMD -MF libgd/gd_io_dp.dep -MT libgd/gd_io_dp.lo
#8 141.9  cc -I. -I/usr/src/php/ext/gd -I/usr/local/include/php -I/usr/local/include/php/main -I/usr/local/include/php/TSRM -I/usr/local/include/php/Zend -I/usr/local/include/php/ext -I/usr/local/include/php/ext/date/lib -I/usr/include/libpng16 -I/usr/include/freetype2 -fstack-protector-strong -fpic -fpie -O2 -D_LARGEFILE_SOURCE -D_FILE_OFFSET_BITS=64 -DHAVE_CONFIG_H -fstack-protector-strong -fpic -fpie -O2 -D_LARGEFILE_SOURCE -D_FILE_OFFSET_BITS=64 -D_GNU_SOURCE -Wno-strict-prototypes -I/usr/src/php/ext/gd/libgd -DZEND_COMPILE_DL_EXT=1 -c /usr/src/php/ext/gd/libgd/gd_io_dp.c -MMD -MF libgd/gd_io_dp.dep -MT libgd/gd_io_dp.lo  -fPIC -DPIC -o libgd/.libs/gd_io_dp.o
#8 142.2 /bin/bash /usr/src/php/ext/gd/libtool --tag=CC --mode=compile cc -I. -I/usr/src/php/ext/gd -I/usr/local/include/php -I/usr/local/include/php/main -I/usr/local/include/php/TSRM -I/usr/local/include/php/Zend -I/usr/local/include/php/ext -I/usr/local/include/php/ext/date/lib -I/usr/include/libpng16 -I/usr/include/freetype2  -fstack-protector-strong -fpic -fpie -O2 -D_LARGEFILE_SOURCE -D_FILE_OFFSET_BITS=64 -DHAVE_CONFIG_H  -fstack-protector-strong -fpic -fpie -O2 -D_LARGEFILE_SOURCE -D_FILE_OFFSET_BITS=64 -D_GNU_SOURCE   -Wno-strict-prototypes -I/usr/src/php/ext/gd/libgd -DZEND_COMPILE_DL_EXT=1 -c /usr/src/php/ext/gd/libgd/gd_io_file.c -o libgd/gd_io_file.lo  -MMD -MF libgd/gd_io_file.dep -MT libgd/gd_io_file.lo
#8 142.5  cc -I. -I/usr/src/php/ext/gd -I/usr/local/include/php -I/usr/local/include/php/main -I/usr/local/include/php/TSRM -I/usr/local/include/php/Zend -I/usr/local/include/php/ext -I/usr/local/include/php/ext/date/lib -I/usr/include/libpng16 -I/usr/include/freetype2 -fstack-protector-strong -fpic -fpie -O2 -D_LARGEFILE_SOURCE -D_FILE_OFFSET_BITS=64 -DHAVE_CONFIG_H -fstack-protector-strong -fpic -fpie -O2 -D_LARGEFILE_SOURCE -D_FILE_OFFSET_BITS=64 -D_GNU_SOURCE -Wno-strict-prototypes -I/usr/src/php/ext/gd/libgd -DZEND_COMPILE_DL_EXT=1 -c /usr/src/php/ext/gd/libgd/gd_io_file.c -MMD -MF libgd/gd_io_file.dep -MT libgd/gd_io_file.lo  -fPIC -DPIC -o libgd/.libs/gd_io_file.o
#8 142.8 /bin/bash /usr/src/php/ext/gd/libtool --tag=CC --mode=compile cc -I. -I/usr/src/php/ext/gd -I/usr/local/include/php -I/usr/local/include/php/main -I/usr/local/include/php/TSRM -I/usr/local/include/php/Zend -I/usr/local/include/php/ext -I/usr/local/include/php/ext/date/lib -I/usr/include/libpng16 -I/usr/include/freetype2  -fstack-protector-strong -fpic -fpie -O2 -D_LARGEFILE_SOURCE -D_FILE_OFFSET_BITS=64 -DHAVE_CONFIG_H  -fstack-protector-strong -fpic -fpie -O2 -D_LARGEFILE_SOURCE -D_FILE_OFFSET_BITS=64 -D_GNU_SOURCE   -Wno-strict-prototypes -I/usr/src/php/ext/gd/libgd -DZEND_COMPILE_DL_EXT=1 -c /usr/src/php/ext/gd/libgd/gd_io_ss.c -o libgd/gd_io_ss.lo  -MMD -MF libgd/gd_io_ss.dep -MT libgd/gd_io_ss.lo
#8 143.1  cc -I. -I/usr/src/php/ext/gd -I/usr/local/include/php -I/usr/local/include/php/main -I/usr/local/include/php/TSRM -I/usr/local/include/php/Zend -I/usr/local/include/php/ext -I/usr/local/include/php/ext/date/lib -I/usr/include/libpng16 -I/usr/include/freetype2 -fstack-protector-strong -fpic -fpie -O2 -D_LARGEFILE_SOURCE -D_FILE_OFFSET_BITS=64 -DHAVE_CONFIG_H -fstack-protector-strong -fpic -fpie -O2 -D_LARGEFILE_SOURCE -D_FILE_OFFSET_BITS=64 -D_GNU_SOURCE -Wno-strict-prototypes -I/usr/src/php/ext/gd/libgd -DZEND_COMPILE_DL_EXT=1 -c /usr/src/php/ext/gd/libgd/gd_io_ss.c -MMD -MF libgd/gd_io_ss.dep -MT libgd/gd_io_ss.lo  -fPIC -DPIC -o libgd/.libs/gd_io_ss.o
#8 143.4 /bin/bash /usr/src/php/ext/gd/libtool --tag=CC --mode=compile cc -I. -I/usr/src/php/ext/gd -I/usr/local/include/php -I/usr/local/include/php/main -I/usr/local/include/php/TSRM -I/usr/local/include/php/Zend -I/usr/local/include/php/ext -I/usr/local/include/php/ext/date/lib -I/usr/include/libpng16 -I/usr/include/freetype2  -fstack-protector-strong -fpic -fpie -O2 -D_LARGEFILE_SOURCE -D_FILE_OFFSET_BITS=64 -DHAVE_CONFIG_H  -fstack-protector-strong -fpic -fpie -O2 -D_LARGEFILE_SOURCE -D_FILE_OFFSET_BITS=64 -D_GNU_SOURCE   -Wno-strict-prototypes -I/usr/src/php/ext/gd/libgd -DZEND_COMPILE_DL_EXT=1 -c /usr/src/php/ext/gd/libgd/gd_io.c -o libgd/gd_io.lo  -MMD -MF libgd/gd_io.dep -MT libgd/gd_io.lo
#8 143.8  cc -I. -I/usr/src/php/ext/gd -I/usr/local/include/php -I/usr/local/include/php/main -I/usr/local/include/php/TSRM -I/usr/local/include/php/Zend -I/usr/local/include/php/ext -I/usr/local/include/php/ext/date/lib -I/usr/include/libpng16 -I/usr/include/freetype2 -fstack-protector-strong -fpic -fpie -O2 -D_LARGEFILE_SOURCE -D_FILE_OFFSET_BITS=64 -DHAVE_CONFIG_H -fstack-protector-strong -fpic -fpie -O2 -D_LARGEFILE_SOURCE -D_FILE_OFFSET_BITS=64 -D_GNU_SOURCE -Wno-strict-prototypes -I/usr/src/php/ext/gd/libgd -DZEND_COMPILE_DL_EXT=1 -c /usr/src/php/ext/gd/libgd/gd_io.c -MMD -MF libgd/gd_io.dep -MT libgd/gd_io.lo  -fPIC -DPIC -o libgd/.libs/gd_io.o
#8 143.9 /bin/bash /usr/src/php/ext/gd/libtool --tag=CC --mode=compile cc -I. -I/usr/src/php/ext/gd -I/usr/local/include/php -I/usr/local/include/php/main -I/usr/local/include/php/TSRM -I/usr/local/include/php/Zend -I/usr/local/include/php/ext -I/usr/local/include/php/ext/date/lib -I/usr/include/libpng16 -I/usr/include/freetype2  -fstack-protector-strong -fpic -fpie -O2 -D_LARGEFILE_SOURCE -D_FILE_OFFSET_BITS=64 -DHAVE_CONFIG_H  -fstack-protector-strong -fpic -fpie -O2 -D_LARGEFILE_SOURCE -D_FILE_OFFSET_BITS=64 -D_GNU_SOURCE   -Wno-strict-prototypes -I/usr/src/php/ext/gd/libgd -DZEND_COMPILE_DL_EXT=1 -c /usr/src/php/ext/gd/libgd/gd_jpeg.c -o libgd/gd_jpeg.lo  -MMD -MF libgd/gd_jpeg.dep -MT libgd/gd_jpeg.lo
#8 144.2  cc -I. -I/usr/src/php/ext/gd -I/usr/local/include/php -I/usr/local/include/php/main -I/usr/local/include/php/TSRM -I/usr/local/include/php/Zend -I/usr/local/include/php/ext -I/usr/local/include/php/ext/date/lib -I/usr/include/libpng16 -I/usr/include/freetype2 -fstack-protector-strong -fpic -fpie -O2 -D_LARGEFILE_SOURCE -D_FILE_OFFSET_BITS=64 -DHAVE_CONFIG_H -fstack-protector-strong -fpic -fpie -O2 -D_LARGEFILE_SOURCE -D_FILE_OFFSET_BITS=64 -D_GNU_SOURCE -Wno-strict-prototypes -I/usr/src/php/ext/gd/libgd -DZEND_COMPILE_DL_EXT=1 -c /usr/src/php/ext/gd/libgd/gd_jpeg.c -MMD -MF libgd/gd_jpeg.dep -MT libgd/gd_jpeg.lo  -fPIC -DPIC -o libgd/.libs/gd_jpeg.o
#8 144.7 /bin/bash /usr/src/php/ext/gd/libtool --tag=CC --mode=compile cc -I. -I/usr/src/php/ext/gd -I/usr/local/include/php -I/usr/local/include/php/main -I/usr/local/include/php/TSRM -I/usr/local/include/php/Zend -I/usr/local/include/php/ext -I/usr/local/include/php/ext/date/lib -I/usr/include/libpng16 -I/usr/include/freetype2  -fstack-protector-strong -fpic -fpie -O2 -D_LARGEFILE_SOURCE -D_FILE_OFFSET_BITS=64 -DHAVE_CONFIG_H  -fstack-protector-strong -fpic -fpie -O2 -D_LARGEFILE_SOURCE -D_FILE_OFFSET_BITS=64 -D_GNU_SOURCE   -Wno-strict-prototypes -I/usr/src/php/ext/gd/libgd -DZEND_COMPILE_DL_EXT=1 -c /usr/src/php/ext/gd/libgd/gd_matrix.c -o libgd/gd_matrix.lo  -MMD -MF libgd/gd_matrix.dep -MT libgd/gd_matrix.lo
#8 145.0  cc -I. -I/usr/src/php/ext/gd -I/usr/local/include/php -I/usr/local/include/php/main -I/usr/local/include/php/TSRM -I/usr/local/include/php/Zend -I/usr/local/include/php/ext -I/usr/local/include/php/ext/date/lib -I/usr/include/libpng16 -I/usr/include/freetype2 -fstack-protector-strong -fpic -fpie -O2 -D_LARGEFILE_SOURCE -D_FILE_OFFSET_BITS=64 -DHAVE_CONFIG_H -fstack-protector-strong -fpic -fpie -O2 -D_LARGEFILE_SOURCE -D_FILE_OFFSET_BITS=64 -D_GNU_SOURCE -Wno-strict-prototypes -I/usr/src/php/ext/gd/libgd -DZEND_COMPILE_DL_EXT=1 -c /usr/src/php/ext/gd/libgd/gd_matrix.c -MMD -MF libgd/gd_matrix.dep -MT libgd/gd_matrix.lo  -fPIC -DPIC -o libgd/.libs/gd_matrix.o
#8 145.3 /bin/bash /usr/src/php/ext/gd/libtool --tag=CC --mode=compile cc -I. -I/usr/src/php/ext/gd -I/usr/local/include/php -I/usr/local/include/php/main -I/usr/local/include/php/TSRM -I/usr/local/include/php/Zend -I/usr/local/include/php/ext -I/usr/local/include/php/ext/date/lib -I/usr/include/libpng16 -I/usr/include/freetype2  -fstack-protector-strong -fpic -fpie -O2 -D_LARGEFILE_SOURCE -D_FILE_OFFSET_BITS=64 -DHAVE_CONFIG_H  -fstack-protector-strong -fpic -fpie -O2 -D_LARGEFILE_SOURCE -D_FILE_OFFSET_BITS=64 -D_GNU_SOURCE   -Wno-strict-prototypes -I/usr/src/php/ext/gd/libgd -DZEND_COMPILE_DL_EXT=1 -c /usr/src/php/ext/gd/libgd/gd_png.c -o libgd/gd_png.lo  -MMD -MF libgd/gd_png.dep -MT libgd/gd_png.lo
#8 145.8  cc -I. -I/usr/src/php/ext/gd -I/usr/local/include/php -I/usr/local/include/php/main -I/usr/local/include/php/TSRM -I/usr/local/include/php/Zend -I/usr/local/include/php/ext -I/usr/local/include/php/ext/date/lib -I/usr/include/libpng16 -I/usr/include/freetype2 -fstack-protector-strong -fpic -fpie -O2 -D_LARGEFILE_SOURCE -D_FILE_OFFSET_BITS=64 -DHAVE_CONFIG_H -fstack-protector-strong -fpic -fpie -O2 -D_LARGEFILE_SOURCE -D_FILE_OFFSET_BITS=64 -D_GNU_SOURCE -Wno-strict-prototypes -I/usr/src/php/ext/gd/libgd -DZEND_COMPILE_DL_EXT=1 -c /usr/src/php/ext/gd/libgd/gd_png.c -MMD -MF libgd/gd_png.dep -MT libgd/gd_png.lo  -fPIC -DPIC -o libgd/.libs/gd_png.o
#8 146.4 /bin/bash /usr/src/php/ext/gd/libtool --tag=CC --mode=compile cc -I. -I/usr/src/php/ext/gd -I/usr/local/include/php -I/usr/local/include/php/main -I/usr/local/include/php/TSRM -I/usr/local/include/php/Zend -I/usr/local/include/php/ext -I/usr/local/include/php/ext/date/lib -I/usr/include/libpng16 -I/usr/include/freetype2  -fstack-protector-strong -fpic -fpie -O2 -D_LARGEFILE_SOURCE -D_FILE_OFFSET_BITS=64 -DHAVE_CONFIG_H  -fstack-protector-strong -fpic -fpie -O2 -D_LARGEFILE_SOURCE -D_FILE_OFFSET_BITS=64 -D_GNU_SOURCE   -Wno-strict-prototypes -I/usr/src/php/ext/gd/libgd -DZEND_COMPILE_DL_EXT=1 -c /usr/src/php/ext/gd/libgd/gd_rotate.c -o libgd/gd_rotate.lo  -MMD -MF libgd/gd_rotate.dep -MT libgd/gd_rotate.lo
#8 146.7  cc -I. -I/usr/src/php/ext/gd -I/usr/local/include/php -I/usr/local/include/php/main -I/usr/local/include/php/TSRM -I/usr/local/include/php/Zend -I/usr/local/include/php/ext -I/usr/local/include/php/ext/date/lib -I/usr/include/libpng16 -I/usr/include/freetype2 -fstack-protector-strong -fpic -fpie -O2 -D_LARGEFILE_SOURCE -D_FILE_OFFSET_BITS=64 -DHAVE_CONFIG_H -fstack-protector-strong -fpic -fpie -O2 -D_LARGEFILE_SOURCE -D_FILE_OFFSET_BITS=64 -D_GNU_SOURCE -Wno-strict-prototypes -I/usr/src/php/ext/gd/libgd -DZEND_COMPILE_DL_EXT=1 -c /usr/src/php/ext/gd/libgd/gd_rotate.c -MMD -MF libgd/gd_rotate.dep -MT libgd/gd_rotate.lo  -fPIC -DPIC -o libgd/.libs/gd_rotate.o
#8 147.0 /bin/bash /usr/src/php/ext/gd/libtool --tag=CC --mode=compile cc -I. -I/usr/src/php/ext/gd -I/usr/local/include/php -I/usr/local/include/php/main -I/usr/local/include/php/TSRM -I/usr/local/include/php/Zend -I/usr/local/include/php/ext -I/usr/local/include/php/ext/date/lib -I/usr/include/libpng16 -I/usr/include/freetype2  -fstack-protector-strong -fpic -fpie -O2 -D_LARGEFILE_SOURCE -D_FILE_OFFSET_BITS=64 -DHAVE_CONFIG_H  -fstack-protector-strong -fpic -fpie -O2 -D_LARGEFILE_SOURCE -D_FILE_OFFSET_BITS=64 -D_GNU_SOURCE   -Wno-strict-prototypes -I/usr/src/php/ext/gd/libgd -DZEND_COMPILE_DL_EXT=1 -c /usr/src/php/ext/gd/libgd/gd_security.c -o libgd/gd_security.lo  -MMD -MF libgd/gd_security.dep -MT libgd/gd_security.lo
#8 147.3  cc -I. -I/usr/src/php/ext/gd -I/usr/local/include/php -I/usr/local/include/php/main -I/usr/local/include/php/TSRM -I/usr/local/include/php/Zend -I/usr/local/include/php/ext -I/usr/local/include/php/ext/date/lib -I/usr/include/libpng16 -I/usr/include/freetype2 -fstack-protector-strong -fpic -fpie -O2 -D_LARGEFILE_SOURCE -D_FILE_OFFSET_BITS=64 -DHAVE_CONFIG_H -fstack-protector-strong -fpic -fpie -O2 -D_LARGEFILE_SOURCE -D_FILE_OFFSET_BITS=64 -D_GNU_SOURCE -Wno-strict-prototypes -I/usr/src/php/ext/gd/libgd -DZEND_COMPILE_DL_EXT=1 -c /usr/src/php/ext/gd/libgd/gd_security.c -MMD -MF libgd/gd_security.dep -MT libgd/gd_security.lo  -fPIC -DPIC -o libgd/.libs/gd_security.o
#8 147.4 /bin/bash /usr/src/php/ext/gd/libtool --tag=CC --mode=compile cc -I. -I/usr/src/php/ext/gd -I/usr/local/include/php -I/usr/local/include/php/main -I/usr/local/include/php/TSRM -I/usr/local/include/php/Zend -I/usr/local/include/php/ext -I/usr/local/include/php/ext/date/lib -I/usr/include/libpng16 -I/usr/include/freetype2  -fstack-protector-strong -fpic -fpie -O2 -D_LARGEFILE_SOURCE -D_FILE_OFFSET_BITS=64 -DHAVE_CONFIG_H  -fstack-protector-strong -fpic -fpie -O2 -D_LARGEFILE_SOURCE -D_FILE_OFFSET_BITS=64 -D_GNU_SOURCE   -Wno-strict-prototypes -I/usr/src/php/ext/gd/libgd -DZEND_COMPILE_DL_EXT=1 -c /usr/src/php/ext/gd/libgd/gd_ss.c -o libgd/gd_ss.lo  -MMD -MF libgd/gd_ss.dep -MT libgd/gd_ss.lo
#8 147.7  cc -I. -I/usr/src/php/ext/gd -I/usr/local/include/php -I/usr/local/include/php/main -I/usr/local/include/php/TSRM -I/usr/local/include/php/Zend -I/usr/local/include/php/ext -I/usr/local/include/php/ext/date/lib -I/usr/include/libpng16 -I/usr/include/freetype2 -fstack-protector-strong -fpic -fpie -O2 -D_LARGEFILE_SOURCE -D_FILE_OFFSET_BITS=64 -DHAVE_CONFIG_H -fstack-protector-strong -fpic -fpie -O2 -D_LARGEFILE_SOURCE -D_FILE_OFFSET_BITS=64 -D_GNU_SOURCE -Wno-strict-prototypes -I/usr/src/php/ext/gd/libgd -DZEND_COMPILE_DL_EXT=1 -c /usr/src/php/ext/gd/libgd/gd_ss.c -MMD -MF libgd/gd_ss.dep -MT libgd/gd_ss.lo  -fPIC -DPIC -o libgd/.libs/gd_ss.o
#8 147.8 /bin/bash /usr/src/php/ext/gd/libtool --tag=CC --mode=compile cc -I. -I/usr/src/php/ext/gd -I/usr/local/include/php -I/usr/local/include/php/main -I/usr/local/include/php/TSRM -I/usr/local/include/php/Zend -I/usr/local/include/php/ext -I/usr/local/include/php/ext/date/lib -I/usr/include/libpng16 -I/usr/include/freetype2  -fstack-protector-strong -fpic -fpie -O2 -D_LARGEFILE_SOURCE -D_FILE_OFFSET_BITS=64 -DHAVE_CONFIG_H  -fstack-protector-strong -fpic -fpie -O2 -D_LARGEFILE_SOURCE -D_FILE_OFFSET_BITS=64 -D_GNU_SOURCE   -Wno-strict-prototypes -I/usr/src/php/ext/gd/libgd -DZEND_COMPILE_DL_EXT=1 -c /usr/src/php/ext/gd/libgd/gd_tga.c -o libgd/gd_tga.lo  -MMD -MF libgd/gd_tga.dep -MT libgd/gd_tga.lo
#8 148.1  cc -I. -I/usr/src/php/ext/gd -I/usr/local/include/php -I/usr/local/include/php/main -I/usr/local/include/php/TSRM -I/usr/local/include/php/Zend -I/usr/local/include/php/ext -I/usr/local/include/php/ext/date/lib -I/usr/include/libpng16 -I/usr/include/freetype2 -fstack-protector-strong -fpic -fpie -O2 -D_LARGEFILE_SOURCE -D_FILE_OFFSET_BITS=64 -DHAVE_CONFIG_H -fstack-protector-strong -fpic -fpie -O2 -D_LARGEFILE_SOURCE -D_FILE_OFFSET_BITS=64 -D_GNU_SOURCE -Wno-strict-prototypes -I/usr/src/php/ext/gd/libgd -DZEND_COMPILE_DL_EXT=1 -c /usr/src/php/ext/gd/libgd/gd_tga.c -MMD -MF libgd/gd_tga.dep -MT libgd/gd_tga.lo  -fPIC -DPIC -o libgd/.libs/gd_tga.o
#8 148.6 /bin/bash /usr/src/php/ext/gd/libtool --tag=CC --mode=compile cc -I. -I/usr/src/php/ext/gd -I/usr/local/include/php -I/usr/local/include/php/main -I/usr/local/include/php/TSRM -I/usr/local/include/php/Zend -I/usr/local/include/php/ext -I/usr/local/include/php/ext/date/lib -I/usr/include/libpng16 -I/usr/include/freetype2  -fstack-protector-strong -fpic -fpie -O2 -D_LARGEFILE_SOURCE -D_FILE_OFFSET_BITS=64 -DHAVE_CONFIG_H  -fstack-protector-strong -fpic -fpie -O2 -D_LARGEFILE_SOURCE -D_FILE_OFFSET_BITS=64 -D_GNU_SOURCE   -Wno-strict-prototypes -I/usr/src/php/ext/gd/libgd -DZEND_COMPILE_DL_EXT=1 -c /usr/src/php/ext/gd/libgd/gd_topal.c -o libgd/gd_topal.lo  -MMD -MF libgd/gd_topal.dep -MT libgd/gd_topal.lo
#8 148.9  cc -I. -I/usr/src/php/ext/gd -I/usr/local/include/php -I/usr/local/include/php/main -I/usr/local/include/php/TSRM -I/usr/local/include/php/Zend -I/usr/local/include/php/ext -I/usr/local/include/php/ext/date/lib -I/usr/include/libpng16 -I/usr/include/freetype2 -fstack-protector-strong -fpic -fpie -O2 -D_LARGEFILE_SOURCE -D_FILE_OFFSET_BITS=64 -DHAVE_CONFIG_H -fstack-protector-strong -fpic -fpie -O2 -D_LARGEFILE_SOURCE -D_FILE_OFFSET_BITS=64 -D_GNU_SOURCE -Wno-strict-prototypes -I/usr/src/php/ext/gd/libgd -DZEND_COMPILE_DL_EXT=1 -c /usr/src/php/ext/gd/libgd/gd_topal.c -MMD -MF libgd/gd_topal.dep -MT libgd/gd_topal.lo  -fPIC -DPIC -o libgd/.libs/gd_topal.o
#8 149.5 /bin/bash /usr/src/php/ext/gd/libtool --tag=CC --mode=compile cc -I. -I/usr/src/php/ext/gd -I/usr/local/include/php -I/usr/local/include/php/main -I/usr/local/include/php/TSRM -I/usr/local/include/php/Zend -I/usr/local/include/php/ext -I/usr/local/include/php/ext/date/lib -I/usr/include/libpng16 -I/usr/include/freetype2  -fstack-protector-strong -fpic -fpie -O2 -D_LARGEFILE_SOURCE -D_FILE_OFFSET_BITS=64 -DHAVE_CONFIG_H  -fstack-protector-strong -fpic -fpie -O2 -D_LARGEFILE_SOURCE -D_FILE_OFFSET_BITS=64 -D_GNU_SOURCE   -Wno-strict-prototypes -I/usr/src/php/ext/gd/libgd -DZEND_COMPILE_DL_EXT=1 -c /usr/src/php/ext/gd/libgd/gd_transform.c -o libgd/gd_transform.lo  -MMD -MF libgd/gd_transform.dep -MT libgd/gd_transform.lo
#8 149.9  cc -I. -I/usr/src/php/ext/gd -I/usr/local/include/php -I/usr/local/include/php/main -I/usr/local/include/php/TSRM -I/usr/local/include/php/Zend -I/usr/local/include/php/ext -I/usr/local/include/php/ext/date/lib -I/usr/include/libpng16 -I/usr/include/freetype2 -fstack-protector-strong -fpic -fpie -O2 -D_LARGEFILE_SOURCE -D_FILE_OFFSET_BITS=64 -DHAVE_CONFIG_H -fstack-protector-strong -fpic -fpie -O2 -D_LARGEFILE_SOURCE -D_FILE_OFFSET_BITS=64 -D_GNU_SOURCE -Wno-strict-prototypes -I/usr/src/php/ext/gd/libgd -DZEND_COMPILE_DL_EXT=1 -c /usr/src/php/ext/gd/libgd/gd_transform.c -MMD -MF libgd/gd_transform.dep -MT libgd/gd_transform.lo  -fPIC -DPIC -o libgd/.libs/gd_transform.o
#8 150.0 /bin/bash /usr/src/php/ext/gd/libtool --tag=CC --mode=compile cc -I. -I/usr/src/php/ext/gd -I/usr/local/include/php -I/usr/local/include/php/main -I/usr/local/include/php/TSRM -I/usr/local/include/php/Zend -I/usr/local/include/php/ext -I/usr/local/include/php/ext/date/lib -I/usr/include/libpng16 -I/usr/include/freetype2  -fstack-protector-strong -fpic -fpie -O2 -D_LARGEFILE_SOURCE -D_FILE_OFFSET_BITS=64 -DHAVE_CONFIG_H  -fstack-protector-strong -fpic -fpie -O2 -D_LARGEFILE_SOURCE -D_FILE_OFFSET_BITS=64 -D_GNU_SOURCE   -Wno-strict-prototypes -I/usr/src/php/ext/gd/libgd -DZEND_COMPILE_DL_EXT=1 -c /usr/src/php/ext/gd/libgd/gd_wbmp.c -o libgd/gd_wbmp.lo  -MMD -MF libgd/gd_wbmp.dep -MT libgd/gd_wbmp.lo
#8 150.3  cc -I. -I/usr/src/php/ext/gd -I/usr/local/include/php -I/usr/local/include/php/main -I/usr/local/include/php/TSRM -I/usr/local/include/php/Zend -I/usr/local/include/php/ext -I/usr/local/include/php/ext/date/lib -I/usr/include/libpng16 -I/usr/include/freetype2 -fstack-protector-strong -fpic -fpie -O2 -D_LARGEFILE_SOURCE -D_FILE_OFFSET_BITS=64 -DHAVE_CONFIG_H -fstack-protector-strong -fpic -fpie -O2 -D_LARGEFILE_SOURCE -D_FILE_OFFSET_BITS=64 -D_GNU_SOURCE -Wno-strict-prototypes -I/usr/src/php/ext/gd/libgd -DZEND_COMPILE_DL_EXT=1 -c /usr/src/php/ext/gd/libgd/gd_wbmp.c -MMD -MF libgd/gd_wbmp.dep -MT libgd/gd_wbmp.lo  -fPIC -DPIC -o libgd/.libs/gd_wbmp.o
#8 150.5 /bin/bash /usr/src/php/ext/gd/libtool --tag=CC --mode=compile cc -I. -I/usr/src/php/ext/gd -I/usr/local/include/php -I/usr/local/include/php/main -I/usr/local/include/php/TSRM -I/usr/local/include/php/Zend -I/usr/local/include/php/ext -I/usr/local/include/php/ext/date/lib -I/usr/include/libpng16 -I/usr/include/freetype2  -fstack-protector-strong -fpic -fpie -O2 -D_LARGEFILE_SOURCE -D_FILE_OFFSET_BITS=64 -DHAVE_CONFIG_H  -fstack-protector-strong -fpic -fpie -O2 -D_LARGEFILE_SOURCE -D_FILE_OFFSET_BITS=64 -D_GNU_SOURCE   -Wno-strict-prototypes -I/usr/src/php/ext/gd/libgd -DZEND_COMPILE_DL_EXT=1 -c /usr/src/php/ext/gd/libgd/gd_webp.c -o libgd/gd_webp.lo  -MMD -MF libgd/gd_webp.dep -MT libgd/gd_webp.lo
#8 150.8  cc -I. -I/usr/src/php/ext/gd -I/usr/local/include/php -I/usr/local/include/php/main -I/usr/local/include/php/TSRM -I/usr/local/include/php/Zend -I/usr/local/include/php/ext -I/usr/local/include/php/ext/date/lib -I/usr/include/libpng16 -I/usr/include/freetype2 -fstack-protector-strong -fpic -fpie -O2 -D_LARGEFILE_SOURCE -D_FILE_OFFSET_BITS=64 -DHAVE_CONFIG_H -fstack-protector-strong -fpic -fpie -O2 -D_LARGEFILE_SOURCE -D_FILE_OFFSET_BITS=64 -D_GNU_SOURCE -Wno-strict-prototypes -I/usr/src/php/ext/gd/libgd -DZEND_COMPILE_DL_EXT=1 -c /usr/src/php/ext/gd/libgd/gd_webp.c -MMD -MF libgd/gd_webp.dep -MT libgd/gd_webp.lo  -fPIC -DPIC -o libgd/.libs/gd_webp.o
#8 151.1 /bin/bash /usr/src/php/ext/gd/libtool --tag=CC --mode=compile cc -I. -I/usr/src/php/ext/gd -I/usr/local/include/php -I/usr/local/include/php/main -I/usr/local/include/php/TSRM -I/usr/local/include/php/Zend -I/usr/local/include/php/ext -I/usr/local/include/php/ext/date/lib -I/usr/include/libpng16 -I/usr/include/freetype2  -fstack-protector-strong -fpic -fpie -O2 -D_LARGEFILE_SOURCE -D_FILE_OFFSET_BITS=64 -DHAVE_CONFIG_H  -fstack-protector-strong -fpic -fpie -O2 -D_LARGEFILE_SOURCE -D_FILE_OFFSET_BITS=64 -D_GNU_SOURCE   -Wno-strict-prototypes -I/usr/src/php/ext/gd/libgd -DZEND_COMPILE_DL_EXT=1 -c /usr/src/php/ext/gd/libgd/gd_xbm.c -o libgd/gd_xbm.lo  -MMD -MF libgd/gd_xbm.dep -MT libgd/gd_xbm.lo
#8 151.3  cc -I. -I/usr/src/php/ext/gd -I/usr/local/include/php -I/usr/local/include/php/main -I/usr/local/include/php/TSRM -I/usr/local/include/php/Zend -I/usr/local/include/php/ext -I/usr/local/include/php/ext/date/lib -I/usr/include/libpng16 -I/usr/include/freetype2 -fstack-protector-strong -fpic -fpie -O2 -D_LARGEFILE_SOURCE -D_FILE_OFFSET_BITS=64 -DHAVE_CONFIG_H -fstack-protector-strong -fpic -fpie -O2 -D_LARGEFILE_SOURCE -D_FILE_OFFSET_BITS=64 -D_GNU_SOURCE -Wno-strict-prototypes -I/usr/src/php/ext/gd/libgd -DZEND_COMPILE_DL_EXT=1 -c /usr/src/php/ext/gd/libgd/gd_xbm.c -MMD -MF libgd/gd_xbm.dep -MT libgd/gd_xbm.lo  -fPIC -DPIC -o libgd/.libs/gd_xbm.o
#8 151.7 /bin/bash /usr/src/php/ext/gd/libtool --tag=CC --mode=compile cc -I. -I/usr/src/php/ext/gd -I/usr/local/include/php -I/usr/local/include/php/main -I/usr/local/include/php/TSRM -I/usr/local/include/php/Zend -I/usr/local/include/php/ext -I/usr/local/include/php/ext/date/lib -I/usr/include/libpng16 -I/usr/include/freetype2  -fstack-protector-strong -fpic -fpie -O2 -D_LARGEFILE_SOURCE -D_FILE_OFFSET_BITS=64 -DHAVE_CONFIG_H  -fstack-protector-strong -fpic -fpie -O2 -D_LARGEFILE_SOURCE -D_FILE_OFFSET_BITS=64 -D_GNU_SOURCE   -Wno-strict-prototypes -I/usr/src/php/ext/gd/libgd -DZEND_COMPILE_DL_EXT=1 -c /usr/src/php/ext/gd/libgd/gd.c -o libgd/gd.lo  -MMD -MF libgd/gd.dep -MT libgd/gd.lo
#8 152.0  cc -I. -I/usr/src/php/ext/gd -I/usr/local/include/php -I/usr/local/include/php/main -I/usr/local/include/php/TSRM -I/usr/local/include/php/Zend -I/usr/local/include/php/ext -I/usr/local/include/php/ext/date/lib -I/usr/include/libpng16 -I/usr/include/freetype2 -fstack-protector-strong -fpic -fpie -O2 -D_LARGEFILE_SOURCE -D_FILE_OFFSET_BITS=64 -DHAVE_CONFIG_H -fstack-protector-strong -fpic -fpie -O2 -D_LARGEFILE_SOURCE -D_FILE_OFFSET_BITS=64 -D_GNU_SOURCE -Wno-strict-prototypes -I/usr/src/php/ext/gd/libgd -DZEND_COMPILE_DL_EXT=1 -c /usr/src/php/ext/gd/libgd/gd.c -MMD -MF libgd/gd.dep -MT libgd/gd.lo  -fPIC -DPIC -o libgd/.libs/gd.o
#8 153.7 /bin/bash /usr/src/php/ext/gd/libtool --tag=CC --mode=compile cc -I. -I/usr/src/php/ext/gd -I/usr/local/include/php -I/usr/local/include/php/main -I/usr/local/include/php/TSRM -I/usr/local/include/php/Zend -I/usr/local/include/php/ext -I/usr/local/include/php/ext/date/lib -I/usr/include/libpng16 -I/usr/include/freetype2  -fstack-protector-strong -fpic -fpie -O2 -D_LARGEFILE_SOURCE -D_FILE_OFFSET_BITS=64 -DHAVE_CONFIG_H  -fstack-protector-strong -fpic -fpie -O2 -D_LARGEFILE_SOURCE -D_FILE_OFFSET_BITS=64 -D_GNU_SOURCE   -Wno-strict-prototypes -I/usr/src/php/ext/gd/libgd -DZEND_COMPILE_DL_EXT=1 -c /usr/src/php/ext/gd/libgd/gdcache.c -o libgd/gdcache.lo  -MMD -MF libgd/gdcache.dep -MT libgd/gdcache.lo
#8 154.1  cc -I. -I/usr/src/php/ext/gd -I/usr/local/include/php -I/usr/local/include/php/main -I/usr/local/include/php/TSRM -I/usr/local/include/php/Zend -I/usr/local/include/php/ext -I/usr/local/include/php/ext/date/lib -I/usr/include/libpng16 -I/usr/include/freetype2 -fstack-protector-strong -fpic -fpie -O2 -D_LARGEFILE_SOURCE -D_FILE_OFFSET_BITS=64 -DHAVE_CONFIG_H -fstack-protector-strong -fpic -fpie -O2 -D_LARGEFILE_SOURCE -D_FILE_OFFSET_BITS=64 -D_GNU_SOURCE -Wno-strict-prototypes -I/usr/src/php/ext/gd/libgd -DZEND_COMPILE_DL_EXT=1 -c /usr/src/php/ext/gd/libgd/gdcache.c -MMD -MF libgd/gdcache.dep -MT libgd/gdcache.lo  -fPIC -DPIC -o libgd/.libs/gdcache.o
#8 154.4 /bin/bash /usr/src/php/ext/gd/libtool --tag=CC --mode=compile cc -I. -I/usr/src/php/ext/gd -I/usr/local/include/php -I/usr/local/include/php/main -I/usr/local/include/php/TSRM -I/usr/local/include/php/Zend -I/usr/local/include/php/ext -I/usr/local/include/php/ext/date/lib -I/usr/include/libpng16 -I/usr/include/freetype2  -fstack-protector-strong -fpic -fpie -O2 -D_LARGEFILE_SOURCE -D_FILE_OFFSET_BITS=64 -DHAVE_CONFIG_H  -fstack-protector-strong -fpic -fpie -O2 -D_LARGEFILE_SOURCE -D_FILE_OFFSET_BITS=64 -D_GNU_SOURCE   -Wno-strict-prototypes -I/usr/src/php/ext/gd/libgd -DZEND_COMPILE_DL_EXT=1 -c /usr/src/php/ext/gd/libgd/gdfontg.c -o libgd/gdfontg.lo  -MMD -MF libgd/gdfontg.dep -MT libgd/gdfontg.lo
#8 154.7  cc -I. -I/usr/src/php/ext/gd -I/usr/local/include/php -I/usr/local/include/php/main -I/usr/local/include/php/TSRM -I/usr/local/include/php/Zend -I/usr/local/include/php/ext -I/usr/local/include/php/ext/date/lib -I/usr/include/libpng16 -I/usr/include/freetype2 -fstack-protector-strong -fpic -fpie -O2 -D_LARGEFILE_SOURCE -D_FILE_OFFSET_BITS=64 -DHAVE_CONFIG_H -fstack-protector-strong -fpic -fpie -O2 -D_LARGEFILE_SOURCE -D_FILE_OFFSET_BITS=64 -D_GNU_SOURCE -Wno-strict-prototypes -I/usr/src/php/ext/gd/libgd -DZEND_COMPILE_DL_EXT=1 -c /usr/src/php/ext/gd/libgd/gdfontg.c -MMD -MF libgd/gdfontg.dep -MT libgd/gdfontg.lo  -fPIC -DPIC -o libgd/.libs/gdfontg.o
#8 154.8 /bin/bash /usr/src/php/ext/gd/libtool --tag=CC --mode=compile cc -I. -I/usr/src/php/ext/gd -I/usr/local/include/php -I/usr/local/include/php/main -I/usr/local/include/php/TSRM -I/usr/local/include/php/Zend -I/usr/local/include/php/ext -I/usr/local/include/php/ext/date/lib -I/usr/include/libpng16 -I/usr/include/freetype2  -fstack-protector-strong -fpic -fpie -O2 -D_LARGEFILE_SOURCE -D_FILE_OFFSET_BITS=64 -DHAVE_CONFIG_H  -fstack-protector-strong -fpic -fpie -O2 -D_LARGEFILE_SOURCE -D_FILE_OFFSET_BITS=64 -D_GNU_SOURCE   -Wno-strict-prototypes -I/usr/src/php/ext/gd/libgd -DZEND_COMPILE_DL_EXT=1 -c /usr/src/php/ext/gd/libgd/gdfontl.c -o libgd/gdfontl.lo  -MMD -MF libgd/gdfontl.dep -MT libgd/gdfontl.lo
#8 155.1  cc -I. -I/usr/src/php/ext/gd -I/usr/local/include/php -I/usr/local/include/php/main -I/usr/local/include/php/TSRM -I/usr/local/include/php/Zend -I/usr/local/include/php/ext -I/usr/local/include/php/ext/date/lib -I/usr/include/libpng16 -I/usr/include/freetype2 -fstack-protector-strong -fpic -fpie -O2 -D_LARGEFILE_SOURCE -D_FILE_OFFSET_BITS=64 -DHAVE_CONFIG_H -fstack-protector-strong -fpic -fpie -O2 -D_LARGEFILE_SOURCE -D_FILE_OFFSET_BITS=64 -D_GNU_SOURCE -Wno-strict-prototypes -I/usr/src/php/ext/gd/libgd -DZEND_COMPILE_DL_EXT=1 -c /usr/src/php/ext/gd/libgd/gdfontl.c -MMD -MF libgd/gdfontl.dep -MT libgd/gdfontl.lo  -fPIC -DPIC -o libgd/.libs/gdfontl.o
#8 155.3 /bin/bash /usr/src/php/ext/gd/libtool --tag=CC --mode=compile cc -I. -I/usr/src/php/ext/gd -I/usr/local/include/php -I/usr/local/include/php/main -I/usr/local/include/php/TSRM -I/usr/local/include/php/Zend -I/usr/local/include/php/ext -I/usr/local/include/php/ext/date/lib -I/usr/include/libpng16 -I/usr/include/freetype2  -fstack-protector-strong -fpic -fpie -O2 -D_LARGEFILE_SOURCE -D_FILE_OFFSET_BITS=64 -DHAVE_CONFIG_H  -fstack-protector-strong -fpic -fpie -O2 -D_LARGEFILE_SOURCE -D_FILE_OFFSET_BITS=64 -D_GNU_SOURCE   -Wno-strict-prototypes -I/usr/src/php/ext/gd/libgd -DZEND_COMPILE_DL_EXT=1 -c /usr/src/php/ext/gd/libgd/gdfontmb.c -o libgd/gdfontmb.lo  -MMD -MF libgd/gdfontmb.dep -MT libgd/gdfontmb.lo
#8 155.6  cc -I. -I/usr/src/php/ext/gd -I/usr/local/include/php -I/usr/local/include/php/main -I/usr/local/include/php/TSRM -I/usr/local/include/php/Zend -I/usr/local/include/php/ext -I/usr/local/include/php/ext/date/lib -I/usr/include/libpng16 -I/usr/include/freetype2 -fstack-protector-strong -fpic -fpie -O2 -D_LARGEFILE_SOURCE -D_FILE_OFFSET_BITS=64 -DHAVE_CONFIG_H -fstack-protector-strong -fpic -fpie -O2 -D_LARGEFILE_SOURCE -D_FILE_OFFSET_BITS=64 -D_GNU_SOURCE -Wno-strict-prototypes -I/usr/src/php/ext/gd/libgd -DZEND_COMPILE_DL_EXT=1 -c /usr/src/php/ext/gd/libgd/gdfontmb.c -MMD -MF libgd/gdfontmb.dep -MT libgd/gdfontmb.lo  -fPIC -DPIC -o libgd/.libs/gdfontmb.o
#8 155.8 /bin/bash /usr/src/php/ext/gd/libtool --tag=CC --mode=compile cc -I. -I/usr/src/php/ext/gd -I/usr/local/include/php -I/usr/local/include/php/main -I/usr/local/include/php/TSRM -I/usr/local/include/php/Zend -I/usr/local/include/php/ext -I/usr/local/include/php/ext/date/lib -I/usr/include/libpng16 -I/usr/include/freetype2  -fstack-protector-strong -fpic -fpie -O2 -D_LARGEFILE_SOURCE -D_FILE_OFFSET_BITS=64 -DHAVE_CONFIG_H  -fstack-protector-strong -fpic -fpie -O2 -D_LARGEFILE_SOURCE -D_FILE_OFFSET_BITS=64 -D_GNU_SOURCE   -Wno-strict-prototypes -I/usr/src/php/ext/gd/libgd -DZEND_COMPILE_DL_EXT=1 -c /usr/src/php/ext/gd/libgd/gdfonts.c -o libgd/gdfonts.lo  -MMD -MF libgd/gdfonts.dep -MT libgd/gdfonts.lo
#8 156.2  cc -I. -I/usr/src/php/ext/gd -I/usr/local/include/php -I/usr/local/include/php/main -I/usr/local/include/php/TSRM -I/usr/local/include/php/Zend -I/usr/local/include/php/ext -I/usr/local/include/php/ext/date/lib -I/usr/include/libpng16 -I/usr/include/freetype2 -fstack-protector-strong -fpic -fpie -O2 -D_LARGEFILE_SOURCE -D_FILE_OFFSET_BITS=64 -DHAVE_CONFIG_H -fstack-protector-strong -fpic -fpie -O2 -D_LARGEFILE_SOURCE -D_FILE_OFFSET_BITS=64 -D_GNU_SOURCE -Wno-strict-prototypes -I/usr/src/php/ext/gd/libgd -DZEND_COMPILE_DL_EXT=1 -c /usr/src/php/ext/gd/libgd/gdfonts.c -MMD -MF libgd/gdfonts.dep -MT libgd/gdfonts.lo  -fPIC -DPIC -o libgd/.libs/gdfonts.o
#8 156.3 /bin/bash /usr/src/php/ext/gd/libtool --tag=CC --mode=compile cc -I. -I/usr/src/php/ext/gd -I/usr/local/include/php -I/usr/local/include/php/main -I/usr/local/include/php/TSRM -I/usr/local/include/php/Zend -I/usr/local/include/php/ext -I/usr/local/include/php/ext/date/lib -I/usr/include/libpng16 -I/usr/include/freetype2  -fstack-protector-strong -fpic -fpie -O2 -D_LARGEFILE_SOURCE -D_FILE_OFFSET_BITS=64 -DHAVE_CONFIG_H  -fstack-protector-strong -fpic -fpie -O2 -D_LARGEFILE_SOURCE -D_FILE_OFFSET_BITS=64 -D_GNU_SOURCE   -Wno-strict-prototypes -I/usr/src/php/ext/gd/libgd -DZEND_COMPILE_DL_EXT=1 -c /usr/src/php/ext/gd/libgd/gdfontt.c -o libgd/gdfontt.lo  -MMD -MF libgd/gdfontt.dep -MT libgd/gdfontt.lo
#8 156.7  cc -I. -I/usr/src/php/ext/gd -I/usr/local/include/php -I/usr/local/include/php/main -I/usr/local/include/php/TSRM -I/usr/local/include/php/Zend -I/usr/local/include/php/ext -I/usr/local/include/php/ext/date/lib -I/usr/include/libpng16 -I/usr/include/freetype2 -fstack-protector-strong -fpic -fpie -O2 -D_LARGEFILE_SOURCE -D_FILE_OFFSET_BITS=64 -DHAVE_CONFIG_H -fstack-protector-strong -fpic -fpie -O2 -D_LARGEFILE_SOURCE -D_FILE_OFFSET_BITS=64 -D_GNU_SOURCE -Wno-strict-prototypes -I/usr/src/php/ext/gd/libgd -DZEND_COMPILE_DL_EXT=1 -c /usr/src/php/ext/gd/libgd/gdfontt.c -MMD -MF libgd/gdfontt.dep -MT libgd/gdfontt.lo  -fPIC -DPIC -o libgd/.libs/gdfontt.o
#8 156.8 /bin/bash /usr/src/php/ext/gd/libtool --tag=CC --mode=compile cc -I. -I/usr/src/php/ext/gd -I/usr/local/include/php -I/usr/local/include/php/main -I/usr/local/include/php/TSRM -I/usr/local/include/php/Zend -I/usr/local/include/php/ext -I/usr/local/include/php/ext/date/lib -I/usr/include/libpng16 -I/usr/include/freetype2  -fstack-protector-strong -fpic -fpie -O2 -D_LARGEFILE_SOURCE -D_FILE_OFFSET_BITS=64 -DHAVE_CONFIG_H  -fstack-protector-strong -fpic -fpie -O2 -D_LARGEFILE_SOURCE -D_FILE_OFFSET_BITS=64 -D_GNU_SOURCE   -Wno-strict-prototypes -I/usr/src/php/ext/gd/libgd -DZEND_COMPILE_DL_EXT=1 -c /usr/src/php/ext/gd/libgd/gdft.c -o libgd/gdft.lo  -MMD -MF libgd/gdft.dep -MT libgd/gdft.lo
#8 157.1  cc -I. -I/usr/src/php/ext/gd -I/usr/local/include/php -I/usr/local/include/php/main -I/usr/local/include/php/TSRM -I/usr/local/include/php/Zend -I/usr/local/include/php/ext -I/usr/local/include/php/ext/date/lib -I/usr/include/libpng16 -I/usr/include/freetype2 -fstack-protector-strong -fpic -fpie -O2 -D_LARGEFILE_SOURCE -D_FILE_OFFSET_BITS=64 -DHAVE_CONFIG_H -fstack-protector-strong -fpic -fpie -O2 -D_LARGEFILE_SOURCE -D_FILE_OFFSET_BITS=64 -D_GNU_SOURCE -Wno-strict-prototypes -I/usr/src/php/ext/gd/libgd -DZEND_COMPILE_DL_EXT=1 -c /usr/src/php/ext/gd/libgd/gdft.c -MMD -MF libgd/gdft.dep -MT libgd/gdft.lo  -fPIC -DPIC -o libgd/.libs/gdft.o
#8 157.8 /bin/bash /usr/src/php/ext/gd/libtool --tag=CC --mode=compile cc -I. -I/usr/src/php/ext/gd -I/usr/local/include/php -I/usr/local/include/php/main -I/usr/local/include/php/TSRM -I/usr/local/include/php/Zend -I/usr/local/include/php/ext -I/usr/local/include/php/ext/date/lib -I/usr/include/libpng16 -I/usr/include/freetype2  -fstack-protector-strong -fpic -fpie -O2 -D_LARGEFILE_SOURCE -D_FILE_OFFSET_BITS=64 -DHAVE_CONFIG_H  -fstack-protector-strong -fpic -fpie -O2 -D_LARGEFILE_SOURCE -D_FILE_OFFSET_BITS=64 -D_GNU_SOURCE   -Wno-strict-prototypes -I/usr/src/php/ext/gd/libgd -DZEND_COMPILE_DL_EXT=1 -c /usr/src/php/ext/gd/libgd/gdhelpers.c -o libgd/gdhelpers.lo  -MMD -MF libgd/gdhelpers.dep -MT libgd/gdhelpers.lo
#8 158.1  cc -I. -I/usr/src/php/ext/gd -I/usr/local/include/php -I/usr/local/include/php/main -I/usr/local/include/php/TSRM -I/usr/local/include/php/Zend -I/usr/local/include/php/ext -I/usr/local/include/php/ext/date/lib -I/usr/include/libpng16 -I/usr/include/freetype2 -fstack-protector-strong -fpic -fpie -O2 -D_LARGEFILE_SOURCE -D_FILE_OFFSET_BITS=64 -DHAVE_CONFIG_H -fstack-protector-strong -fpic -fpie -O2 -D_LARGEFILE_SOURCE -D_FILE_OFFSET_BITS=64 -D_GNU_SOURCE -Wno-strict-prototypes -I/usr/src/php/ext/gd/libgd -DZEND_COMPILE_DL_EXT=1 -c /usr/src/php/ext/gd/libgd/gdhelpers.c -MMD -MF libgd/gdhelpers.dep -MT libgd/gdhelpers.lo  -fPIC -DPIC -o libgd/.libs/gdhelpers.o
#8 158.3 /bin/bash /usr/src/php/ext/gd/libtool --tag=CC --mode=compile cc -I. -I/usr/src/php/ext/gd -I/usr/local/include/php -I/usr/local/include/php/main -I/usr/local/include/php/TSRM -I/usr/local/include/php/Zend -I/usr/local/include/php/ext -I/usr/local/include/php/ext/date/lib -I/usr/include/libpng16 -I/usr/include/freetype2  -fstack-protector-strong -fpic -fpie -O2 -D_LARGEFILE_SOURCE -D_FILE_OFFSET_BITS=64 -DHAVE_CONFIG_H  -fstack-protector-strong -fpic -fpie -O2 -D_LARGEFILE_SOURCE -D_FILE_OFFSET_BITS=64 -D_GNU_SOURCE   -Wno-strict-prototypes -I/usr/src/php/ext/gd/libgd -DZEND_COMPILE_DL_EXT=1 -c /usr/src/php/ext/gd/libgd/gdkanji.c -o libgd/gdkanji.lo  -MMD -MF libgd/gdkanji.dep -MT libgd/gdkanji.lo
#8 158.6  cc -I. -I/usr/src/php/ext/gd -I/usr/local/include/php -I/usr/local/include/php/main -I/usr/local/include/php/TSRM -I/usr/local/include/php/Zend -I/usr/local/include/php/ext -I/usr/local/include/php/ext/date/lib -I/usr/include/libpng16 -I/usr/include/freetype2 -fstack-protector-strong -fpic -fpie -O2 -D_LARGEFILE_SOURCE -D_FILE_OFFSET_BITS=64 -DHAVE_CONFIG_H -fstack-protector-strong -fpic -fpie -O2 -D_LARGEFILE_SOURCE -D_FILE_OFFSET_BITS=64 -D_GNU_SOURCE -Wno-strict-prototypes -I/usr/src/php/ext/gd/libgd -DZEND_COMPILE_DL_EXT=1 -c /usr/src/php/ext/gd/libgd/gdkanji.c -MMD -MF libgd/gdkanji.dep -MT libgd/gdkanji.lo  -fPIC -DPIC -o libgd/.libs/gdkanji.o
#8 159.1 /bin/bash /usr/src/php/ext/gd/libtool --tag=CC --mode=compile cc -I. -I/usr/src/php/ext/gd -I/usr/local/include/php -I/usr/local/include/php/main -I/usr/local/include/php/TSRM -I/usr/local/include/php/Zend -I/usr/local/include/php/ext -I/usr/local/include/php/ext/date/lib -I/usr/include/libpng16 -I/usr/include/freetype2  -fstack-protector-strong -fpic -fpie -O2 -D_LARGEFILE_SOURCE -D_FILE_OFFSET_BITS=64 -DHAVE_CONFIG_H  -fstack-protector-strong -fpic -fpie -O2 -D_LARGEFILE_SOURCE -D_FILE_OFFSET_BITS=64 -D_GNU_SOURCE   -Wno-strict-prototypes -I/usr/src/php/ext/gd/libgd -DZEND_COMPILE_DL_EXT=1 -c /usr/src/php/ext/gd/libgd/gdtables.c -o libgd/gdtables.lo  -MMD -MF libgd/gdtables.dep -MT libgd/gdtables.lo
#8 159.5  cc -I. -I/usr/src/php/ext/gd -I/usr/local/include/php -I/usr/local/include/php/main -I/usr/local/include/php/TSRM -I/usr/local/include/php/Zend -I/usr/local/include/php/ext -I/usr/local/include/php/ext/date/lib -I/usr/include/libpng16 -I/usr/include/freetype2 -fstack-protector-strong -fpic -fpie -O2 -D_LARGEFILE_SOURCE -D_FILE_OFFSET_BITS=64 -DHAVE_CONFIG_H -fstack-protector-strong -fpic -fpie -O2 -D_LARGEFILE_SOURCE -D_FILE_OFFSET_BITS=64 -D_GNU_SOURCE -Wno-strict-prototypes -I/usr/src/php/ext/gd/libgd -DZEND_COMPILE_DL_EXT=1 -c /usr/src/php/ext/gd/libgd/gdtables.c -MMD -MF libgd/gdtables.dep -MT libgd/gdtables.lo  -fPIC -DPIC -o libgd/.libs/gdtables.o
#8 159.5 /bin/bash /usr/src/php/ext/gd/libtool --tag=CC --mode=compile cc -I. -I/usr/src/php/ext/gd -I/usr/local/include/php -I/usr/local/include/php/main -I/usr/local/include/php/TSRM -I/usr/local/include/php/Zend -I/usr/local/include/php/ext -I/usr/local/include/php/ext/date/lib -I/usr/include/libpng16 -I/usr/include/freetype2  -fstack-protector-strong -fpic -fpie -O2 -D_LARGEFILE_SOURCE -D_FILE_OFFSET_BITS=64 -DHAVE_CONFIG_H  -fstack-protector-strong -fpic -fpie -O2 -D_LARGEFILE_SOURCE -D_FILE_OFFSET_BITS=64 -D_GNU_SOURCE   -Wno-strict-prototypes -I/usr/src/php/ext/gd/libgd -DZEND_COMPILE_DL_EXT=1 -c /usr/src/php/ext/gd/libgd/gdxpm.c -o libgd/gdxpm.lo  -MMD -MF libgd/gdxpm.dep -MT libgd/gdxpm.lo
#8 159.8  cc -I. -I/usr/src/php/ext/gd -I/usr/local/include/php -I/usr/local/include/php/main -I/usr/local/include/php/TSRM -I/usr/local/include/php/Zend -I/usr/local/include/php/ext -I/usr/local/include/php/ext/date/lib -I/usr/include/libpng16 -I/usr/include/freetype2 -fstack-protector-strong -fpic -fpie -O2 -D_LARGEFILE_SOURCE -D_FILE_OFFSET_BITS=64 -DHAVE_CONFIG_H -fstack-protector-strong -fpic -fpie -O2 -D_LARGEFILE_SOURCE -D_FILE_OFFSET_BITS=64 -D_GNU_SOURCE -Wno-strict-prototypes -I/usr/src/php/ext/gd/libgd -DZEND_COMPILE_DL_EXT=1 -c /usr/src/php/ext/gd/libgd/gdxpm.c -MMD -MF libgd/gdxpm.dep -MT libgd/gdxpm.lo  -fPIC -DPIC -o libgd/.libs/gdxpm.o
#8 160.1 /bin/bash /usr/src/php/ext/gd/libtool --tag=CC --mode=compile cc -I. -I/usr/src/php/ext/gd -I/usr/local/include/php -I/usr/local/include/php/main -I/usr/local/include/php/TSRM -I/usr/local/include/php/Zend -I/usr/local/include/php/ext -I/usr/local/include/php/ext/date/lib -I/usr/include/libpng16 -I/usr/include/freetype2  -fstack-protector-strong -fpic -fpie -O2 -D_LARGEFILE_SOURCE -D_FILE_OFFSET_BITS=64 -DHAVE_CONFIG_H  -fstack-protector-strong -fpic -fpie -O2 -D_LARGEFILE_SOURCE -D_FILE_OFFSET_BITS=64 -D_GNU_SOURCE   -Wno-strict-prototypes -I/usr/src/php/ext/gd/libgd -DZEND_COMPILE_DL_EXT=1 -c /usr/src/php/ext/gd/libgd/wbmp.c -o libgd/wbmp.lo  -MMD -MF libgd/wbmp.dep -MT libgd/wbmp.lo
#8 160.4  cc -I. -I/usr/src/php/ext/gd -I/usr/local/include/php -I/usr/local/include/php/main -I/usr/local/include/php/TSRM -I/usr/local/include/php/Zend -I/usr/local/include/php/ext -I/usr/local/include/php/ext/date/lib -I/usr/include/libpng16 -I/usr/include/freetype2 -fstack-protector-strong -fpic -fpie -O2 -D_LARGEFILE_SOURCE -D_FILE_OFFSET_BITS=64 -DHAVE_CONFIG_H -fstack-protector-strong -fpic -fpie -O2 -D_LARGEFILE_SOURCE -D_FILE_OFFSET_BITS=64 -D_GNU_SOURCE -Wno-strict-prototypes -I/usr/src/php/ext/gd/libgd -DZEND_COMPILE_DL_EXT=1 -c /usr/src/php/ext/gd/libgd/wbmp.c -MMD -MF libgd/wbmp.dep -MT libgd/wbmp.lo  -fPIC -DPIC -o libgd/.libs/wbmp.o
#8 160.8 /bin/bash /usr/src/php/ext/gd/libtool --tag=CC --mode=link cc -shared -I/usr/local/include/php -I/usr/local/include/php/main -I/usr/local/include/php/TSRM -I/usr/local/include/php/Zend -I/usr/local/include/php/ext -I/usr/local/include/php/ext/date/lib -I/usr/include/libpng16 -I/usr/include/freetype2  -fstack-protector-strong -fpic -fpie -O2 -D_LARGEFILE_SOURCE -D_FILE_OFFSET_BITS=64 -DHAVE_CONFIG_H  -fstack-protector-strong -fpic -fpie -O2 -D_LARGEFILE_SOURCE -D_FILE_OFFSET_BITS=64 -D_GNU_SOURCE  -Wl,-O1 -pie  -o gd.la -export-dynamic -avoid-version -prefer-pic -module -rpath /usr/src/php/ext/gd/modules  gd.lo libgd/gd_avif.lo libgd/gd_bmp.lo libgd/gd_color_match.lo libgd/gd_crop.lo libgd/gd_filter.lo libgd/gd_gd.lo libgd/gd_gd2.lo libgd/gd_gif_in.lo libgd/gd_gif_out.lo libgd/gd_interpolation.lo libgd/gd_io_dp.lo libgd/gd_io_file.lo libgd/gd_io_ss.lo libgd/gd_io.lo libgd/gd_jpeg.lo libgd/gd_matrix.lo libgd/gd_png.lo libgd/gd_rotate.lo libgd/gd_security.lo libgd/gd_ss.lo libgd/gd_tga.lo libgd/gd_topal.lo libgd/gd_transform.lo libgd/gd_wbmp.lo libgd/gd_webp.lo libgd/gd_xbm.lo libgd/gd.lo libgd/gdcache.lo libgd/gdfontg.lo libgd/gdfontl.lo libgd/gdfontmb.lo libgd/gdfonts.lo libgd/gdfontt.lo libgd/gdft.lo libgd/gdhelpers.lo libgd/gdkanji.lo libgd/gdtables.lo libgd/gdxpm.lo libgd/wbmp.lo -lz -lpng16 -ljpeg -lfreetype
#8 161.7 cc -shared  .libs/gd.o libgd/.libs/gd_avif.o libgd/.libs/gd_bmp.o libgd/.libs/gd_color_match.o libgd/.libs/gd_crop.o libgd/.libs/gd_filter.o libgd/.libs/gd_gd.o libgd/.libs/gd_gd2.o libgd/.libs/gd_gif_in.o libgd/.libs/gd_gif_out.o libgd/.libs/gd_interpolation.o libgd/.libs/gd_io_dp.o libgd/.libs/gd_io_file.o libgd/.libs/gd_io_ss.o libgd/.libs/gd_io.o libgd/.libs/gd_jpeg.o libgd/.libs/gd_matrix.o libgd/.libs/gd_png.o libgd/.libs/gd_rotate.o libgd/.libs/gd_security.o libgd/.libs/gd_ss.o libgd/.libs/gd_tga.o libgd/.libs/gd_topal.o libgd/.libs/gd_transform.o libgd/.libs/gd_wbmp.o libgd/.libs/gd_webp.o libgd/.libs/gd_xbm.o libgd/.libs/gd.o libgd/.libs/gdcache.o libgd/.libs/gdfontg.o libgd/.libs/gdfontl.o libgd/.libs/gdfontmb.o libgd/.libs/gdfonts.o libgd/.libs/gdfontt.o libgd/.libs/gdft.o libgd/.libs/gdhelpers.o libgd/.libs/gdkanji.o libgd/.libs/gdtables.o libgd/.libs/gdxpm.o libgd/.libs/wbmp.o  -lz -lpng16 -ljpeg -lfreetype  -Wl,-O1 -Wl,-soname -Wl,gd.so -o .libs/gd.so
#8 161.7 creating gd.la
#8 161.8 (cd .libs && rm -f gd.la && ln -s ../gd.la gd.la)
#8 161.8 /bin/bash /usr/src/php/ext/gd/libtool --tag=CC --mode=install cp ./gd.la /usr/src/php/ext/gd/modules
#8 161.9 cp ./.libs/gd.so /usr/src/php/ext/gd/modules/gd.so
#8 161.9 cp ./.libs/gd.lai /usr/src/php/ext/gd/modules/gd.la
#8 161.9 PATH="$PATH:/sbin" ldconfig -n /usr/src/php/ext/gd/modules
#8 161.9 ----------------------------------------------------------------------
#8 161.9 Libraries have been installed in:
#8 161.9    /usr/src/php/ext/gd/modules
#8 161.9 
#8 161.9 If you ever happen to want to link against installed libraries
#8 161.9 in a given directory, LIBDIR, you must either use libtool, and
#8 161.9 specify the full pathname of the library, or use the `-LLIBDIR'
#8 161.9 flag during linking and do at least one of the following:
#8 161.9    - add LIBDIR to the `LD_LIBRARY_PATH' environment variable
#8 161.9      during execution
#8 161.9    - add LIBDIR to the `LD_RUN_PATH' environment variable
#8 161.9      during linking
#8 161.9    - use the `-Wl,--rpath -Wl,LIBDIR' linker flag
#8 161.9    - have your system administrator add LIBDIR to `/etc/ld.so.conf'
#8 161.9 
#8 161.9 See any operating system documentation about shared libraries for
#8 161.9 more information, such as the ld(1) and ld.so(8) manual pages.
#8 161.9 ----------------------------------------------------------------------
#8 161.9 
#8 161.9 Build complete.
#8 161.9 Don't forget to run 'make test'.
#8 161.9 
#8 162.0 + strip --strip-all modules/gd.so
#8 162.1 Installing shared extensions:     /usr/local/lib/php/extensions/no-debug-non-zts-20250925/
#8 162.4 Installing header files:          /usr/local/include/php/
#8 163.5 find . -name \*.gcno -o -name \*.gcda | xargs rm -f
#8 163.5 find . -name \*.lo -o -name \*.o -o -name \*.dep | xargs rm -f
#8 163.5 find . -name \*.la -o -name \*.a | xargs rm -f
#8 163.5 find . -name \*.so | xargs rm -f
#8 163.5 find . -name .libs -a -type d|xargs rm -rf
#8 163.5 rm -f libphp.la        modules/* libs/*
#8 163.5 rm -f ext/opcache/jit/ir/gen_ir_fold_hash
#8 163.5 rm -f ext/opcache/jit/ir/minilua
#8 163.5 rm -f ext/opcache/jit/ir/ir_fold_hash.h
#8 163.6 rm -f ext/opcache/jit/ir/ir_emit_x86.h
#8 163.6 rm -f ext/opcache/jit/ir/ir_emit_aarch64.h
#8 163.6 Configuring for:
#8 163.6 PHP Version:             8.5
#8 163.6 PHP Api Version:         20250925
#8 163.6 Zend Module Api No:      20250925
#8 163.6 Zend Extension Api No:   420250925
#8 165.1 checking for grep that handles long lines and -e... /usr/bin/grep
#8 165.1 checking for egrep... /usr/bin/grep -E
#8 165.2 checking for a sed that does not truncate output... /usr/bin/sed
#8 165.3 checking build system type... x86_64-pc-linux-gnu
#8 165.3 checking host system type... x86_64-pc-linux-gnu
#8 165.3 checking target system type... x86_64-pc-linux-gnu
#8 165.4 shtool:echo:Warning: unable to determine terminal sequence for bold mode
#8 165.6 shtool:echo:Warning: unable to determine terminal sequence for bold mode
#8 165.6 checking for gawk... no
#8 165.6 checking for nawk... nawk
#8 165.6 checking if nawk is broken... no
#8 165.6 checking for pkg-config... /usr/bin/pkg-config
#8 165.6 checking pkg-config is at least version 0.9.0... yes
#8 165.6 checking for cc... cc
#8 165.7 checking whether the C compiler works... yes
#8 165.8 checking for C compiler default output file name... a.out
#8 165.8 checking for suffix of executables... 
#8 165.9 checking whether we are cross compiling... no
#8 166.0 checking for suffix of object files... o
#8 166.1 checking whether the compiler supports GNU C... yes
#8 166.2 checking whether cc accepts -g... yes
#8 166.2 checking for cc option to enable C11 features... none needed
#8 166.3 checking how to run the C preprocessor... cc -E
#8 166.5 checking for egrep -e... (cached) /usr/bin/grep -E
#8 166.5 checking for icc... no
#8 166.5 checking for suncc... no
#8 166.6 checking for system library directory... lib
#8 166.6 checking if compiler supports -Wl,-rpath,... yes
#8 166.8 checking for PHP prefix... /usr/local
#8 166.8 checking for PHP includes... -I/usr/local/include/php -I/usr/local/include/php/main -I/usr/local/include/php/TSRM -I/usr/local/include/php/Zend -I/usr/local/include/php/ext -I/usr/local/include/php/ext/date/lib
#8 166.8 checking for PHP extension directory... /usr/local/lib/php/extensions/no-debug-non-zts-20250925
#8 166.8 checking for PHP installed headers prefix... /usr/local/include/php
#8 166.8 checking if debugging is enabled... no
#8 166.8 checking if PHP is built with thread safety (ZTS)... no
#8 166.9 
#8 166.9 Configuring extension
#8 166.9 checking for zip archive read/write support... yes, shared
#8 166.9 checking for libzip >= 0.11 libzip != 1.3.1 libzip != 1.7.0... yes
#8 166.9 checking for zip_file_set_mtime in -lzip... yes
#8 167.1 checking for zip_file_set_encryption in -lzip... yes
#8 167.2 checking for zip_libzip_version in -lzip... yes
#8 167.4 checking for zip_register_progress_callback_with_state in -lzip... yes
#8 167.5 checking for zip_register_cancel_callback_with_state in -lzip... yes
#8 167.6 checking for zip_compression_method_supported in -lzip... yes
#8 167.8 
#8 167.8 Configuring libtool
#8 167.8 checking for a sed that does not truncate output... /usr/bin/sed
#8 167.8 checking for ld used by cc... /usr/bin/ld
#8 167.8 checking if the linker (/usr/bin/ld) is GNU ld... yes
#8 167.8 checking for /usr/bin/ld option to reload object files... -r
#8 167.8 checking for BSD-compatible nm... /usr/bin/nm -B
#8 167.9 checking whether ln -s works... yes
#8 167.9 checking how to recognize dependent libraries... pass_all
#8 167.9 checking for stdio.h... yes
#8 168.0 checking for stdlib.h... yes
#8 168.0 checking for string.h... yes
#8 168.1 checking for inttypes.h... yes
#8 168.2 checking for stdint.h... yes
#8 168.3 checking for strings.h... yes
#8 168.4 checking for sys/stat.h... yes
#8 168.4 checking for sys/types.h... yes
#8 168.5 checking for unistd.h... yes
#8 168.6 checking for dlfcn.h... yes
#8 168.6 checking the maximum length of command line arguments... 1572864
#8 168.7 checking command to parse /usr/bin/nm -B output from cc object... ok
#8 168.9 checking for objdir... .libs
#8 168.9 checking for ar... ar
#8 168.9 checking for ranlib... ranlib
#8 168.9 checking for strip... strip
#8 169.0 checking if cc supports -fno-rtti -fno-exceptions... no
#8 169.1 checking for cc option to produce PIC... -fPIC
#8 169.1 checking if cc PIC flag -fPIC works... yes
#8 169.2 checking if cc static flag -static works... yes
#8 169.6 checking if cc supports -c -o file.o... yes
#8 169.6 checking whether the cc linker (/usr/bin/ld -m elf_x86_64) supports shared libraries... yes
#8 169.7 checking whether -lc should be explicitly linked in... no
#8 169.8 checking dynamic linker characteristics... GNU/Linux ld.so
#8 169.9 checking how to hardcode library paths into programs... immediate
#8 169.9 checking whether stripping libraries is possible... yes
#8 169.9 checking if libtool supports shared libraries... yes
#8 169.9 checking whether to build shared libraries... yes
#8 169.9 checking whether to build static libraries... no
#8 170.4 
#8 170.4 creating libtool
#8 170.5 appending configuration tag "CXX" to libtool
#8 170.5 
#8 170.5 Generating files
#8 170.6 configure: creating build directories
#8 170.7 configure: creating Makefile
#8 170.7 configure: patching config.h.in
#8 170.7 configure: creating ./config.status
#8 170.9 config.status: creating config.h
#8 171.0 /bin/bash /usr/src/php/ext/zip/libtool --tag=CC --mode=compile cc -I. -I/usr/src/php/ext/zip -I/usr/local/include/php -I/usr/local/include/php/main -I/usr/local/include/php/TSRM -I/usr/local/include/php/Zend -I/usr/local/include/php/ext -I/usr/local/include/php/ext/date/lib  -fstack-protector-strong -fpic -fpie -O2 -D_LARGEFILE_SOURCE -D_FILE_OFFSET_BITS=64 -DHAVE_CONFIG_H  -fstack-protector-strong -fpic -fpie -O2 -D_LARGEFILE_SOURCE -D_FILE_OFFSET_BITS=64 -D_GNU_SOURCE    -DZEND_COMPILE_DL_EXT=1 -c /usr/src/php/ext/zip/php_zip.c -o php_zip.lo  -MMD -MF php_zip.dep -MT php_zip.lo
#8 171.3 mkdir .libs
#8 171.3  cc -I. -I/usr/src/php/ext/zip -I/usr/local/include/php -I/usr/local/include/php/main -I/usr/local/include/php/TSRM -I/usr/local/include/php/Zend -I/usr/local/include/php/ext -I/usr/local/include/php/ext/date/lib -fstack-protector-strong -fpic -fpie -O2 -D_LARGEFILE_SOURCE -D_FILE_OFFSET_BITS=64 -DHAVE_CONFIG_H -fstack-protector-strong -fpic -fpie -O2 -D_LARGEFILE_SOURCE -D_FILE_OFFSET_BITS=64 -D_GNU_SOURCE -DZEND_COMPILE_DL_EXT=1 -c /usr/src/php/ext/zip/php_zip.c -MMD -MF php_zip.dep -MT php_zip.lo  -fPIC -DPIC -o .libs/php_zip.o
#8 174.5 /bin/bash /usr/src/php/ext/zip/libtool --tag=CC --mode=compile cc -I. -I/usr/src/php/ext/zip -I/usr/local/include/php -I/usr/local/include/php/main -I/usr/local/include/php/TSRM -I/usr/local/include/php/Zend -I/usr/local/include/php/ext -I/usr/local/include/php/ext/date/lib  -fstack-protector-strong -fpic -fpie -O2 -D_LARGEFILE_SOURCE -D_FILE_OFFSET_BITS=64 -DHAVE_CONFIG_H  -fstack-protector-strong -fpic -fpie -O2 -D_LARGEFILE_SOURCE -D_FILE_OFFSET_BITS=64 -D_GNU_SOURCE    -DZEND_COMPILE_DL_EXT=1 -c /usr/src/php/ext/zip/zip_stream.c -o zip_stream.lo  -MMD -MF zip_stream.dep -MT zip_stream.lo
#8 174.8  cc -I. -I/usr/src/php/ext/zip -I/usr/local/include/php -I/usr/local/include/php/main -I/usr/local/include/php/TSRM -I/usr/local/include/php/Zend -I/usr/local/include/php/ext -I/usr/local/include/php/ext/date/lib -fstack-protector-strong -fpic -fpie -O2 -D_LARGEFILE_SOURCE -D_FILE_OFFSET_BITS=64 -DHAVE_CONFIG_H -fstack-protector-strong -fpic -fpie -O2 -D_LARGEFILE_SOURCE -D_FILE_OFFSET_BITS=64 -D_GNU_SOURCE -DZEND_COMPILE_DL_EXT=1 -c /usr/src/php/ext/zip/zip_stream.c -MMD -MF zip_stream.dep -MT zip_stream.lo  -fPIC -DPIC -o .libs/zip_stream.o
#8 175.2 /bin/bash /usr/src/php/ext/zip/libtool --tag=CC --mode=link cc -shared -I/usr/local/include/php -I/usr/local/include/php/main -I/usr/local/include/php/TSRM -I/usr/local/include/php/Zend -I/usr/local/include/php/ext -I/usr/local/include/php/ext/date/lib  -fstack-protector-strong -fpic -fpie -O2 -D_LARGEFILE_SOURCE -D_FILE_OFFSET_BITS=64 -DHAVE_CONFIG_H  -fstack-protector-strong -fpic -fpie -O2 -D_LARGEFILE_SOURCE -D_FILE_OFFSET_BITS=64 -D_GNU_SOURCE  -Wl,-O1 -pie  -o zip.la -export-dynamic -avoid-version -prefer-pic -module -rpath /usr/src/php/ext/zip/modules  php_zip.lo zip_stream.lo -lzip
#8 175.5 cc -shared  .libs/php_zip.o .libs/zip_stream.o  -lzip  -Wl,-O1 -Wl,-soname -Wl,zip.so -o .libs/zip.so
#8 175.6 creating zip.la
#8 175.6 (cd .libs && rm -f zip.la && ln -s ../zip.la zip.la)
#8 175.6 /bin/bash /usr/src/php/ext/zip/libtool --tag=CC --mode=install cp ./zip.la /usr/src/php/ext/zip/modules
#8 175.7 cp ./.libs/zip.so /usr/src/php/ext/zip/modules/zip.so
#8 175.7 cp ./.libs/zip.lai /usr/src/php/ext/zip/modules/zip.la
#8 175.7 PATH="$PATH:/sbin" ldconfig -n /usr/src/php/ext/zip/modules
#8 175.7 ----------------------------------------------------------------------
#8 175.7 Libraries have been installed in:
#8 175.7    /usr/src/php/ext/zip/modules
#8 175.7 
#8 175.7 If you ever happen to want to link against installed libraries
#8 175.7 in a given directory, LIBDIR, you must either use libtool, and
#8 175.7 specify the full pathname of the library, or use the `-LLIBDIR'
#8 175.7 flag during linking and do at least one of the following:
#8 175.7    - add LIBDIR to the `LD_LIBRARY_PATH' environment variable
#8 175.7      during execution
#8 175.7    - add LIBDIR to the `LD_RUN_PATH' environment variable
#8 175.7      during linking
#8 175.7    - use the `-Wl,--rpath -Wl,LIBDIR' linker flag
#8 175.7    - have your system administrator add LIBDIR to `/etc/ld.so.conf'
#8 175.7 
#8 175.7 See any operating system documentation about shared libraries for
#8 175.7 more information, such as the ld(1) and ld.so(8) manual pages.
#8 175.7 ----------------------------------------------------------------------
#8 175.8 
#8 175.8 Build complete.
#8 175.8 Don't forget to run 'make test'.
#8 175.8 
#8 175.8 + strip --strip-all modules/zip.so
#8 175.9 Installing shared extensions:     /usr/local/lib/php/extensions/no-debug-non-zts-20250925/
#8 176.1 find . -name \*.gcno -o -name \*.gcda | xargs rm -f
#8 176.1 find . -name \*.lo -o -name \*.o -o -name \*.dep | xargs rm -f
#8 176.1 find . -name \*.la -o -name \*.a | xargs rm -f
#8 176.2 find . -name \*.so | xargs rm -f
#8 176.2 find . -name .libs -a -type d|xargs rm -rf
#8 176.2 rm -f libphp.la        modules/* libs/*
#8 176.2 rm -f ext/opcache/jit/ir/gen_ir_fold_hash
#8 176.2 rm -f ext/opcache/jit/ir/minilua
#8 176.2 rm -f ext/opcache/jit/ir/ir_fold_hash.h
#8 176.2 rm -f ext/opcache/jit/ir/ir_emit_x86.h
#8 176.2 rm -f ext/opcache/jit/ir/ir_emit_aarch64.h
#8 176.3 Configuring for:
#8 176.3 PHP Version:             8.5
#8 176.3 PHP Api Version:         20250925
#8 176.3 Zend Module Api No:      20250925
#8 176.3 Zend Extension Api No:   420250925
#8 177.8 checking for grep that handles long lines and -e... /usr/bin/grep
#8 177.8 checking for egrep... /usr/bin/grep -E
#8 177.8 checking for a sed that does not truncate output... /usr/bin/sed
#8 177.9 checking build system type... x86_64-pc-linux-gnu
#8 178.0 checking host system type... x86_64-pc-linux-gnu
#8 178.0 checking target system type... x86_64-pc-linux-gnu
#8 178.0 shtool:echo:Warning: unable to determine terminal sequence for bold mode
#8 178.2 shtool:echo:Warning: unable to determine terminal sequence for bold mode
#8 178.2 checking for gawk... no
#8 178.2 checking for nawk... nawk
#8 178.2 checking if nawk is broken... no
#8 178.2 checking for pkg-config... /usr/bin/pkg-config
#8 178.2 checking pkg-config is at least version 0.9.0... yes
#8 178.2 checking for cc... cc
#8 178.3 checking whether the C compiler works... yes
#8 178.4 checking for C compiler default output file name... a.out
#8 178.4 checking for suffix of executables... 
#8 178.6 checking whether we are cross compiling... no
#8 178.7 checking for suffix of object files... o
#8 178.7 checking whether the compiler supports GNU C... yes
#8 178.8 checking whether cc accepts -g... yes
#8 178.8 checking for cc option to enable C11 features... none needed
#8 178.9 checking how to run the C preprocessor... cc -E
#8 179.1 checking for egrep -e... (cached) /usr/bin/grep -E
#8 179.1 checking for icc... no
#8 179.1 checking for suncc... no
#8 179.2 checking for system library directory... lib
#8 179.2 checking if compiler supports -Wl,-rpath,... yes
#8 179.3 checking for PHP prefix... /usr/local
#8 179.3 checking for PHP includes... -I/usr/local/include/php -I/usr/local/include/php/main -I/usr/local/include/php/TSRM -I/usr/local/include/php/Zend -I/usr/local/include/php/ext -I/usr/local/include/php/ext/date/lib
#8 179.3 checking for PHP extension directory... /usr/local/lib/php/extensions/no-debug-non-zts-20250925
#8 179.3 checking for PHP installed headers prefix... /usr/local/include/php
#8 179.3 checking if debugging is enabled... no
#8 179.4 checking if PHP is built with thread safety (ZTS)... no
#8 179.4 
#8 179.4 Configuring extension
#8 179.4 checking whether to enable internationalization support... yes, shared
#8 179.4 checking for icu-uc >= 57.1 icu-io icu-i18n... yes
#8 179.6 checking for g++... g++
#8 179.6 checking whether the compiler supports GNU C++... yes
#8 179.7 checking whether g++ accepts -g... yes
#8 179.7 checking for g++ option to enable C++11 features... none needed
#8 179.9 checking how to run the C++ preprocessor... g++ -E
#8 180.1 checking if intl requires -std=gnu++17... yes
#8 180.1 checking whether g++ supports C++17 features with -std=c++17... yes
#8 180.4 
#8 180.4 Configuring libtool
#8 180.4 checking for a sed that does not truncate output... /usr/bin/sed
#8 180.4 checking for ld used by cc... /usr/bin/ld
#8 180.4 checking if the linker (/usr/bin/ld) is GNU ld... yes
#8 180.4 checking for /usr/bin/ld option to reload object files... -r
#8 180.4 checking for BSD-compatible nm... /usr/bin/nm -B
#8 180.4 checking whether ln -s works... yes
#8 180.4 checking how to recognize dependent libraries... pass_all
#8 180.5 checking for stdio.h... yes
#8 180.5 checking for stdlib.h... yes
#8 180.6 checking for string.h... yes
#8 180.7 checking for inttypes.h... yes
#8 180.7 checking for stdint.h... yes
#8 180.8 checking for strings.h... yes
#8 180.9 checking for sys/stat.h... yes
#8 180.9 checking for sys/types.h... yes
#8 181.0 checking for unistd.h... yes
#8 181.1 checking for dlfcn.h... yes
#8 181.2 checking how to run the C++ preprocessor... g++ -E
#8 181.2 checking the maximum length of command line arguments... 1572864
#8 181.3 checking command to parse /usr/bin/nm -B output from cc object... ok
#8 181.5 checking for objdir... .libs
#8 181.5 checking for ar... ar
#8 181.5 checking for ranlib... ranlib
#8 181.5 checking for strip... strip
#8 181.6 checking if cc supports -fno-rtti -fno-exceptions... no
#8 181.7 checking for cc option to produce PIC... -fPIC
#8 181.7 checking if cc PIC flag -fPIC works... yes
#8 181.7 checking if cc static flag -static works... yes
#8 181.9 checking if cc supports -c -o file.o... yes
#8 182.0 checking whether the cc linker (/usr/bin/ld -m elf_x86_64) supports shared libraries... yes
#8 182.0 checking whether -lc should be explicitly linked in... no
#8 182.1 checking dynamic linker characteristics... GNU/Linux ld.so
#8 182.1 checking how to hardcode library paths into programs... immediate
#8 182.1 checking whether stripping libraries is possible... yes
#8 182.1 checking if libtool supports shared libraries... yes
#8 182.1 checking whether to build shared libraries... yes
#8 182.1 checking whether to build static libraries... no
#8 182.6 
#8 182.6 creating libtool
#8 182.7 appending configuration tag "CXX" to libtool
#8 182.9 checking for ld used by g++... /usr/bin/ld -m elf_x86_64
#8 182.9 checking if the linker (/usr/bin/ld -m elf_x86_64) is GNU ld... yes
#8 182.9 checking whether the g++ linker (/usr/bin/ld -m elf_x86_64) supports shared libraries... yes
#8 183.0 checking for g++ option to produce PIC... -fPIC
#8 183.0 checking if g++ PIC flag -fPIC works... yes
#8 183.1 checking if g++ static flag -static works... yes
#8 183.2 checking if g++ supports -c -o file.o... yes
#8 183.3 checking whether the g++ linker (/usr/bin/ld -m elf_x86_64) supports shared libraries... yes
#8 183.3 checking dynamic linker characteristics... GNU/Linux ld.so
#8 183.3 (cached) (cached) checking how to hardcode library paths into programs... immediate
#8 183.8 
#8 183.8 Generating files
#8 183.9 configure: creating build directories
#8 183.9 configure: creating Makefile
#8 184.0 configure: patching config.h.in
#8 184.0 configure: creating ./config.status
#8 184.1 config.status: creating config.h
#8 184.3 /bin/bash /usr/src/php/ext/intl/libtool --tag=CC --mode=compile cc -I. -I/usr/src/php/ext/intl -I/usr/local/include/php -I/usr/local/include/php/main -I/usr/local/include/php/TSRM -I/usr/local/include/php/Zend -I/usr/local/include/php/ext -I/usr/local/include/php/ext/date/lib  -fstack-protector-strong -fpic -fpie -O2 -D_LARGEFILE_SOURCE -D_FILE_OFFSET_BITS=64 -DHAVE_CONFIG_H  -fstack-protector-strong -fpic -fpie -O2 -D_LARGEFILE_SOURCE -D_FILE_OFFSET_BITS=64 -D_GNU_SOURCE    -DU_NO_DEFAULT_INCLUDE_UTF_HEADERS=1 -DU_HIDE_OBSOLETE_UTF_OLD_H=1 -Wno-write-strings -D__STDC_LIMIT_MACROS -D__STDC_CONSTANT_MACROS -D__STDC_FORMAT_MACROS -DZEND_ENABLE_STATIC_TSRMLS_CACHE=1 -DZEND_COMPILE_DL_EXT=1 -c /usr/src/php/ext/intl/collator/collator_attr.c -o collator/collator_attr.lo  -MMD -MF collator/collator_attr.dep -MT collator/collator_attr.lo
#8 184.6 mkdir collator/.libs
#8 184.6  cc -I. -I/usr/src/php/ext/intl -I/usr/local/include/php -I/usr/local/include/php/main -I/usr/local/include/php/TSRM -I/usr/local/include/php/Zend -I/usr/local/include/php/ext -I/usr/local/include/php/ext/date/lib -fstack-protector-strong -fpic -fpie -O2 -D_LARGEFILE_SOURCE -D_FILE_OFFSET_BITS=64 -DHAVE_CONFIG_H -fstack-protector-strong -fpic -fpie -O2 -D_LARGEFILE_SOURCE -D_FILE_OFFSET_BITS=64 -D_GNU_SOURCE -DU_NO_DEFAULT_INCLUDE_UTF_HEADERS=1 -DU_HIDE_OBSOLETE_UTF_OLD_H=1 -Wno-write-strings -D__STDC_LIMIT_MACROS -D__STDC_CONSTANT_MACROS -D__STDC_FORMAT_MACROS -DZEND_ENABLE_STATIC_TSRMLS_CACHE=1 -DZEND_COMPILE_DL_EXT=1 -c /usr/src/php/ext/intl/collator/collator_attr.c -MMD -MF collator/collator_attr.dep -MT collator/collator_attr.lo  -fPIC -DPIC -o collator/.libs/collator_attr.o
#8 184.9 /bin/bash /usr/src/php/ext/intl/libtool --tag=CC --mode=compile cc -I. -I/usr/src/php/ext/intl -I/usr/local/include/php -I/usr/local/include/php/main -I/usr/local/include/php/TSRM -I/usr/local/include/php/Zend -I/usr/local/include/php/ext -I/usr/local/include/php/ext/date/lib  -fstack-protector-strong -fpic -fpie -O2 -D_LARGEFILE_SOURCE -D_FILE_OFFSET_BITS=64 -DHAVE_CONFIG_H  -fstack-protector-strong -fpic -fpie -O2 -D_LARGEFILE_SOURCE -D_FILE_OFFSET_BITS=64 -D_GNU_SOURCE    -DU_NO_DEFAULT_INCLUDE_UTF_HEADERS=1 -DU_HIDE_OBSOLETE_UTF_OLD_H=1 -Wno-write-strings -D__STDC_LIMIT_MACROS -D__STDC_CONSTANT_MACROS -D__STDC_FORMAT_MACROS -DZEND_ENABLE_STATIC_TSRMLS_CACHE=1 -DZEND_COMPILE_DL_EXT=1 -c /usr/src/php/ext/intl/collator/collator_class.c -o collator/collator_class.lo  -MMD -MF collator/collator_class.dep -MT collator/collator_class.lo
#8 185.2  cc -I. -I/usr/src/php/ext/intl -I/usr/local/include/php -I/usr/local/include/php/main -I/usr/local/include/php/TSRM -I/usr/local/include/php/Zend -I/usr/local/include/php/ext -I/usr/local/include/php/ext/date/lib -fstack-protector-strong -fpic -fpie -O2 -D_LARGEFILE_SOURCE -D_FILE_OFFSET_BITS=64 -DHAVE_CONFIG_H -fstack-protector-strong -fpic -fpie -O2 -D_LARGEFILE_SOURCE -D_FILE_OFFSET_BITS=64 -D_GNU_SOURCE -DU_NO_DEFAULT_INCLUDE_UTF_HEADERS=1 -DU_HIDE_OBSOLETE_UTF_OLD_H=1 -Wno-write-strings -D__STDC_LIMIT_MACROS -D__STDC_CONSTANT_MACROS -D__STDC_FORMAT_MACROS -DZEND_ENABLE_STATIC_TSRMLS_CACHE=1 -DZEND_COMPILE_DL_EXT=1 -c /usr/src/php/ext/intl/collator/collator_class.c -MMD -MF collator/collator_class.dep -MT collator/collator_class.lo  -fPIC -DPIC -o collator/.libs/collator_class.o
#8 185.7 /bin/bash /usr/src/php/ext/intl/libtool --tag=CC --mode=compile cc -I. -I/usr/src/php/ext/intl -I/usr/local/include/php -I/usr/local/include/php/main -I/usr/local/include/php/TSRM -I/usr/local/include/php/Zend -I/usr/local/include/php/ext -I/usr/local/include/php/ext/date/lib  -fstack-protector-strong -fpic -fpie -O2 -D_LARGEFILE_SOURCE -D_FILE_OFFSET_BITS=64 -DHAVE_CONFIG_H  -fstack-protector-strong -fpic -fpie -O2 -D_LARGEFILE_SOURCE -D_FILE_OFFSET_BITS=64 -D_GNU_SOURCE    -DU_NO_DEFAULT_INCLUDE_UTF_HEADERS=1 -DU_HIDE_OBSOLETE_UTF_OLD_H=1 -Wno-write-strings -D__STDC_LIMIT_MACROS -D__STDC_CONSTANT_MACROS -D__STDC_FORMAT_MACROS -DZEND_ENABLE_STATIC_TSRMLS_CACHE=1 -DZEND_COMPILE_DL_EXT=1 -c /usr/src/php/ext/intl/collator/collator_compare.c -o collator/collator_compare.lo  -MMD -MF collator/collator_compare.dep -MT collator/collator_compare.lo
#8 186.0  cc -I. -I/usr/src/php/ext/intl -I/usr/local/include/php -I/usr/local/include/php/main -I/usr/local/include/php/TSRM -I/usr/local/include/php/Zend -I/usr/local/include/php/ext -I/usr/local/include/php/ext/date/lib -fstack-protector-strong -fpic -fpie -O2 -D_LARGEFILE_SOURCE -D_FILE_OFFSET_BITS=64 -DHAVE_CONFIG_H -fstack-protector-strong -fpic -fpie -O2 -D_LARGEFILE_SOURCE -D_FILE_OFFSET_BITS=64 -D_GNU_SOURCE -DU_NO_DEFAULT_INCLUDE_UTF_HEADERS=1 -DU_HIDE_OBSOLETE_UTF_OLD_H=1 -Wno-write-strings -D__STDC_LIMIT_MACROS -D__STDC_CONSTANT_MACROS -D__STDC_FORMAT_MACROS -DZEND_ENABLE_STATIC_TSRMLS_CACHE=1 -DZEND_COMPILE_DL_EXT=1 -c /usr/src/php/ext/intl/collator/collator_compare.c -MMD -MF collator/collator_compare.dep -MT collator/collator_compare.lo  -fPIC -DPIC -o collator/.libs/collator_compare.o
#8 186.5 /bin/bash /usr/src/php/ext/intl/libtool --tag=CC --mode=compile cc -I. -I/usr/src/php/ext/intl -I/usr/local/include/php -I/usr/local/include/php/main -I/usr/local/include/php/TSRM -I/usr/local/include/php/Zend -I/usr/local/include/php/ext -I/usr/local/include/php/ext/date/lib  -fstack-protector-strong -fpic -fpie -O2 -D_LARGEFILE_SOURCE -D_FILE_OFFSET_BITS=64 -DHAVE_CONFIG_H  -fstack-protector-strong -fpic -fpie -O2 -D_LARGEFILE_SOURCE -D_FILE_OFFSET_BITS=64 -D_GNU_SOURCE    -DU_NO_DEFAULT_INCLUDE_UTF_HEADERS=1 -DU_HIDE_OBSOLETE_UTF_OLD_H=1 -Wno-write-strings -D__STDC_LIMIT_MACROS -D__STDC_CONSTANT_MACROS -D__STDC_FORMAT_MACROS -DZEND_ENABLE_STATIC_TSRMLS_CACHE=1 -DZEND_COMPILE_DL_EXT=1 -c /usr/src/php/ext/intl/collator/collator_convert.c -o collator/collator_convert.lo  -MMD -MF collator/collator_convert.dep -MT collator/collator_convert.lo
#8 186.8  cc -I. -I/usr/src/php/ext/intl -I/usr/local/include/php -I/usr/local/include/php/main -I/usr/local/include/php/TSRM -I/usr/local/include/php/Zend -I/usr/local/include/php/ext -I/usr/local/include/php/ext/date/lib -fstack-protector-strong -fpic -fpie -O2 -D_LARGEFILE_SOURCE -D_FILE_OFFSET_BITS=64 -DHAVE_CONFIG_H -fstack-protector-strong -fpic -fpie -O2 -D_LARGEFILE_SOURCE -D_FILE_OFFSET_BITS=64 -D_GNU_SOURCE -DU_NO_DEFAULT_INCLUDE_UTF_HEADERS=1 -DU_HIDE_OBSOLETE_UTF_OLD_H=1 -Wno-write-strings -D__STDC_LIMIT_MACROS -D__STDC_CONSTANT_MACROS -D__STDC_FORMAT_MACROS -DZEND_ENABLE_STATIC_TSRMLS_CACHE=1 -DZEND_COMPILE_DL_EXT=1 -c /usr/src/php/ext/intl/collator/collator_convert.c -MMD -MF collator/collator_convert.dep -MT collator/collator_convert.lo  -fPIC -DPIC -o collator/.libs/collator_convert.o
#8 187.2 /bin/bash /usr/src/php/ext/intl/libtool --tag=CC --mode=compile cc -I. -I/usr/src/php/ext/intl -I/usr/local/include/php -I/usr/local/include/php/main -I/usr/local/include/php/TSRM -I/usr/local/include/php/Zend -I/usr/local/include/php/ext -I/usr/local/include/php/ext/date/lib  -fstack-protector-strong -fpic -fpie -O2 -D_LARGEFILE_SOURCE -D_FILE_OFFSET_BITS=64 -DHAVE_CONFIG_H  -fstack-protector-strong -fpic -fpie -O2 -D_LARGEFILE_SOURCE -D_FILE_OFFSET_BITS=64 -D_GNU_SOURCE    -DU_NO_DEFAULT_INCLUDE_UTF_HEADERS=1 -DU_HIDE_OBSOLETE_UTF_OLD_H=1 -Wno-write-strings -D__STDC_LIMIT_MACROS -D__STDC_CONSTANT_MACROS -D__STDC_FORMAT_MACROS -DZEND_ENABLE_STATIC_TSRMLS_CACHE=1 -DZEND_COMPILE_DL_EXT=1 -c /usr/src/php/ext/intl/collator/collator_create.c -o collator/collator_create.lo  -MMD -MF collator/collator_create.dep -MT collator/collator_create.lo
#8 187.5  cc -I. -I/usr/src/php/ext/intl -I/usr/local/include/php -I/usr/local/include/php/main -I/usr/local/include/php/TSRM -I/usr/local/include/php/Zend -I/usr/local/include/php/ext -I/usr/local/include/php/ext/date/lib -fstack-protector-strong -fpic -fpie -O2 -D_LARGEFILE_SOURCE -D_FILE_OFFSET_BITS=64 -DHAVE_CONFIG_H -fstack-protector-strong -fpic -fpie -O2 -D_LARGEFILE_SOURCE -D_FILE_OFFSET_BITS=64 -D_GNU_SOURCE -DU_NO_DEFAULT_INCLUDE_UTF_HEADERS=1 -DU_HIDE_OBSOLETE_UTF_OLD_H=1 -Wno-write-strings -D__STDC_LIMIT_MACROS -D__STDC_CONSTANT_MACROS -D__STDC_FORMAT_MACROS -DZEND_ENABLE_STATIC_TSRMLS_CACHE=1 -DZEND_COMPILE_DL_EXT=1 -c /usr/src/php/ext/intl/collator/collator_create.c -MMD -MF collator/collator_create.dep -MT collator/collator_create.lo  -fPIC -DPIC -o collator/.libs/collator_create.o
#8 187.9 /bin/bash /usr/src/php/ext/intl/libtool --tag=CC --mode=compile cc -I. -I/usr/src/php/ext/intl -I/usr/local/include/php -I/usr/local/include/php/main -I/usr/local/include/php/TSRM -I/usr/local/include/php/Zend -I/usr/local/include/php/ext -I/usr/local/include/php/ext/date/lib  -fstack-protector-strong -fpic -fpie -O2 -D_LARGEFILE_SOURCE -D_FILE_OFFSET_BITS=64 -DHAVE_CONFIG_H  -fstack-protector-strong -fpic -fpie -O2 -D_LARGEFILE_SOURCE -D_FILE_OFFSET_BITS=64 -D_GNU_SOURCE    -DU_NO_DEFAULT_INCLUDE_UTF_HEADERS=1 -DU_HIDE_OBSOLETE_UTF_OLD_H=1 -Wno-write-strings -D__STDC_LIMIT_MACROS -D__STDC_CONSTANT_MACROS -D__STDC_FORMAT_MACROS -DZEND_ENABLE_STATIC_TSRMLS_CACHE=1 -DZEND_COMPILE_DL_EXT=1 -c /usr/src/php/ext/intl/collator/collator_error.c -o collator/collator_error.lo  -MMD -MF collator/collator_error.dep -MT collator/collator_error.lo
#8 188.2  cc -I. -I/usr/src/php/ext/intl -I/usr/local/include/php -I/usr/local/include/php/main -I/usr/local/include/php/TSRM -I/usr/local/include/php/Zend -I/usr/local/include/php/ext -I/usr/local/include/php/ext/date/lib -fstack-protector-strong -fpic -fpie -O2 -D_LARGEFILE_SOURCE -D_FILE_OFFSET_BITS=64 -DHAVE_CONFIG_H -fstack-protector-strong -fpic -fpie -O2 -D_LARGEFILE_SOURCE -D_FILE_OFFSET_BITS=64 -D_GNU_SOURCE -DU_NO_DEFAULT_INCLUDE_UTF_HEADERS=1 -DU_HIDE_OBSOLETE_UTF_OLD_H=1 -Wno-write-strings -D__STDC_LIMIT_MACROS -D__STDC_CONSTANT_MACROS -D__STDC_FORMAT_MACROS -DZEND_ENABLE_STATIC_TSRMLS_CACHE=1 -DZEND_COMPILE_DL_EXT=1 -c /usr/src/php/ext/intl/collator/collator_error.c -MMD -MF collator/collator_error.dep -MT collator/collator_error.lo  -fPIC -DPIC -o collator/.libs/collator_error.o
#8 188.4 /bin/bash /usr/src/php/ext/intl/libtool --tag=CC --mode=compile cc -I. -I/usr/src/php/ext/intl -I/usr/local/include/php -I/usr/local/include/php/main -I/usr/local/include/php/TSRM -I/usr/local/include/php/Zend -I/usr/local/include/php/ext -I/usr/local/include/php/ext/date/lib  -fstack-protector-strong -fpic -fpie -O2 -D_LARGEFILE_SOURCE -D_FILE_OFFSET_BITS=64 -DHAVE_CONFIG_H  -fstack-protector-strong -fpic -fpie -O2 -D_LARGEFILE_SOURCE -D_FILE_OFFSET_BITS=64 -D_GNU_SOURCE    -DU_NO_DEFAULT_INCLUDE_UTF_HEADERS=1 -DU_HIDE_OBSOLETE_UTF_OLD_H=1 -Wno-write-strings -D__STDC_LIMIT_MACROS -D__STDC_CONSTANT_MACROS -D__STDC_FORMAT_MACROS -DZEND_ENABLE_STATIC_TSRMLS_CACHE=1 -DZEND_COMPILE_DL_EXT=1 -c /usr/src/php/ext/intl/collator/collator_is_numeric.c -o collator/collator_is_numeric.lo  -MMD -MF collator/collator_is_numeric.dep -MT collator/collator_is_numeric.lo
#8 188.7  cc -I. -I/usr/src/php/ext/intl -I/usr/local/include/php -I/usr/local/include/php/main -I/usr/local/include/php/TSRM -I/usr/local/include/php/Zend -I/usr/local/include/php/ext -I/usr/local/include/php/ext/date/lib -fstack-protector-strong -fpic -fpie -O2 -D_LARGEFILE_SOURCE -D_FILE_OFFSET_BITS=64 -DHAVE_CONFIG_H -fstack-protector-strong -fpic -fpie -O2 -D_LARGEFILE_SOURCE -D_FILE_OFFSET_BITS=64 -D_GNU_SOURCE -DU_NO_DEFAULT_INCLUDE_UTF_HEADERS=1 -DU_HIDE_OBSOLETE_UTF_OLD_H=1 -Wno-write-strings -D__STDC_LIMIT_MACROS -D__STDC_CONSTANT_MACROS -D__STDC_FORMAT_MACROS -DZEND_ENABLE_STATIC_TSRMLS_CACHE=1 -DZEND_COMPILE_DL_EXT=1 -c /usr/src/php/ext/intl/collator/collator_is_numeric.c -MMD -MF collator/collator_is_numeric.dep -MT collator/collator_is_numeric.lo  -fPIC -DPIC -o collator/.libs/collator_is_numeric.o
#8 189.1 /bin/bash /usr/src/php/ext/intl/libtool --tag=CC --mode=compile cc -I. -I/usr/src/php/ext/intl -I/usr/local/include/php -I/usr/local/include/php/main -I/usr/local/include/php/TSRM -I/usr/local/include/php/Zend -I/usr/local/include/php/ext -I/usr/local/include/php/ext/date/lib  -fstack-protector-strong -fpic -fpie -O2 -D_LARGEFILE_SOURCE -D_FILE_OFFSET_BITS=64 -DHAVE_CONFIG_H  -fstack-protector-strong -fpic -fpie -O2 -D_LARGEFILE_SOURCE -D_FILE_OFFSET_BITS=64 -D_GNU_SOURCE    -DU_NO_DEFAULT_INCLUDE_UTF_HEADERS=1 -DU_HIDE_OBSOLETE_UTF_OLD_H=1 -Wno-write-strings -D__STDC_LIMIT_MACROS -D__STDC_CONSTANT_MACROS -D__STDC_FORMAT_MACROS -DZEND_ENABLE_STATIC_TSRMLS_CACHE=1 -DZEND_COMPILE_DL_EXT=1 -c /usr/src/php/ext/intl/collator/collator_locale.c -o collator/collator_locale.lo  -MMD -MF collator/collator_locale.dep -MT collator/collator_locale.lo
#8 189.5  cc -I. -I/usr/src/php/ext/intl -I/usr/local/include/php -I/usr/local/include/php/main -I/usr/local/include/php/TSRM -I/usr/local/include/php/Zend -I/usr/local/include/php/ext -I/usr/local/include/php/ext/date/lib -fstack-protector-strong -fpic -fpie -O2 -D_LARGEFILE_SOURCE -D_FILE_OFFSET_BITS=64 -DHAVE_CONFIG_H -fstack-protector-strong -fpic -fpie -O2 -D_LARGEFILE_SOURCE -D_FILE_OFFSET_BITS=64 -D_GNU_SOURCE -DU_NO_DEFAULT_INCLUDE_UTF_HEADERS=1 -DU_HIDE_OBSOLETE_UTF_OLD_H=1 -Wno-write-strings -D__STDC_LIMIT_MACROS -D__STDC_CONSTANT_MACROS -D__STDC_FORMAT_MACROS -DZEND_ENABLE_STATIC_TSRMLS_CACHE=1 -DZEND_COMPILE_DL_EXT=1 -c /usr/src/php/ext/intl/collator/collator_locale.c -MMD -MF collator/collator_locale.dep -MT collator/collator_locale.lo  -fPIC -DPIC -o collator/.libs/collator_locale.o
#8 189.9 /bin/bash /usr/src/php/ext/intl/libtool --tag=CC --mode=compile cc -I. -I/usr/src/php/ext/intl -I/usr/local/include/php -I/usr/local/include/php/main -I/usr/local/include/php/TSRM -I/usr/local/include/php/Zend -I/usr/local/include/php/ext -I/usr/local/include/php/ext/date/lib  -fstack-protector-strong -fpic -fpie -O2 -D_LARGEFILE_SOURCE -D_FILE_OFFSET_BITS=64 -DHAVE_CONFIG_H  -fstack-protector-strong -fpic -fpie -O2 -D_LARGEFILE_SOURCE -D_FILE_OFFSET_BITS=64 -D_GNU_SOURCE    -DU_NO_DEFAULT_INCLUDE_UTF_HEADERS=1 -DU_HIDE_OBSOLETE_UTF_OLD_H=1 -Wno-write-strings -D__STDC_LIMIT_MACROS -D__STDC_CONSTANT_MACROS -D__STDC_FORMAT_MACROS -DZEND_ENABLE_STATIC_TSRMLS_CACHE=1 -DZEND_COMPILE_DL_EXT=1 -c /usr/src/php/ext/intl/collator/collator_sort.c -o collator/collator_sort.lo  -MMD -MF collator/collator_sort.dep -MT collator/collator_sort.lo
#8 190.2  cc -I. -I/usr/src/php/ext/intl -I/usr/local/include/php -I/usr/local/include/php/main -I/usr/local/include/php/TSRM -I/usr/local/include/php/Zend -I/usr/local/include/php/ext -I/usr/local/include/php/ext/date/lib -fstack-protector-strong -fpic -fpie -O2 -D_LARGEFILE_SOURCE -D_FILE_OFFSET_BITS=64 -DHAVE_CONFIG_H -fstack-protector-strong -fpic -fpie -O2 -D_LARGEFILE_SOURCE -D_FILE_OFFSET_BITS=64 -D_GNU_SOURCE -DU_NO_DEFAULT_INCLUDE_UTF_HEADERS=1 -DU_HIDE_OBSOLETE_UTF_OLD_H=1 -Wno-write-strings -D__STDC_LIMIT_MACROS -D__STDC_CONSTANT_MACROS -D__STDC_FORMAT_MACROS -DZEND_ENABLE_STATIC_TSRMLS_CACHE=1 -DZEND_COMPILE_DL_EXT=1 -c /usr/src/php/ext/intl/collator/collator_sort.c -MMD -MF collator/collator_sort.dep -MT collator/collator_sort.lo  -fPIC -DPIC -o collator/.libs/collator_sort.o
#8 190.9 /bin/bash /usr/src/php/ext/intl/libtool --tag=CC --mode=compile cc -I. -I/usr/src/php/ext/intl -I/usr/local/include/php -I/usr/local/include/php/main -I/usr/local/include/php/TSRM -I/usr/local/include/php/Zend -I/usr/local/include/php/ext -I/usr/local/include/php/ext/date/lib  -fstack-protector-strong -fpic -fpie -O2 -D_LARGEFILE_SOURCE -D_FILE_OFFSET_BITS=64 -DHAVE_CONFIG_H  -fstack-protector-strong -fpic -fpie -O2 -D_LARGEFILE_SOURCE -D_FILE_OFFSET_BITS=64 -D_GNU_SOURCE    -DU_NO_DEFAULT_INCLUDE_UTF_HEADERS=1 -DU_HIDE_OBSOLETE_UTF_OLD_H=1 -Wno-write-strings -D__STDC_LIMIT_MACROS -D__STDC_CONSTANT_MACROS -D__STDC_FORMAT_MACROS -DZEND_ENABLE_STATIC_TSRMLS_CACHE=1 -DZEND_COMPILE_DL_EXT=1 -c /usr/src/php/ext/intl/common/common_error.c -o common/common_error.lo  -MMD -MF common/common_error.dep -MT common/common_error.lo
#8 191.2 mkdir common/.libs
#8 191.2  cc -I. -I/usr/src/php/ext/intl -I/usr/local/include/php -I/usr/local/include/php/main -I/usr/local/include/php/TSRM -I/usr/local/include/php/Zend -I/usr/local/include/php/ext -I/usr/local/include/php/ext/date/lib -fstack-protector-strong -fpic -fpie -O2 -D_LARGEFILE_SOURCE -D_FILE_OFFSET_BITS=64 -DHAVE_CONFIG_H -fstack-protector-strong -fpic -fpie -O2 -D_LARGEFILE_SOURCE -D_FILE_OFFSET_BITS=64 -D_GNU_SOURCE -DU_NO_DEFAULT_INCLUDE_UTF_HEADERS=1 -DU_HIDE_OBSOLETE_UTF_OLD_H=1 -Wno-write-strings -D__STDC_LIMIT_MACROS -D__STDC_CONSTANT_MACROS -D__STDC_FORMAT_MACROS -DZEND_ENABLE_STATIC_TSRMLS_CACHE=1 -DZEND_COMPILE_DL_EXT=1 -c /usr/src/php/ext/intl/common/common_error.c -MMD -MF common/common_error.dep -MT common/common_error.lo  -fPIC -DPIC -o common/.libs/common_error.o
#8 191.7 /bin/bash /usr/src/php/ext/intl/libtool --tag=CC --mode=compile cc -I. -I/usr/src/php/ext/intl -I/usr/local/include/php -I/usr/local/include/php/main -I/usr/local/include/php/TSRM -I/usr/local/include/php/Zend -I/usr/local/include/php/ext -I/usr/local/include/php/ext/date/lib  -fstack-protector-strong -fpic -fpie -O2 -D_LARGEFILE_SOURCE -D_FILE_OFFSET_BITS=64 -DHAVE_CONFIG_H  -fstack-protector-strong -fpic -fpie -O2 -D_LARGEFILE_SOURCE -D_FILE_OFFSET_BITS=64 -D_GNU_SOURCE    -DU_NO_DEFAULT_INCLUDE_UTF_HEADERS=1 -DU_HIDE_OBSOLETE_UTF_OLD_H=1 -Wno-write-strings -D__STDC_LIMIT_MACROS -D__STDC_CONSTANT_MACROS -D__STDC_FORMAT_MACROS -DZEND_ENABLE_STATIC_TSRMLS_CACHE=1 -DZEND_COMPILE_DL_EXT=1 -c /usr/src/php/ext/intl/converter/converter.c -o converter/converter.lo  -MMD -MF converter/converter.dep -MT converter/converter.lo
#8 192.0 mkdir converter/.libs
#8 192.0  cc -I. -I/usr/src/php/ext/intl -I/usr/local/include/php -I/usr/local/include/php/main -I/usr/local/include/php/TSRM -I/usr/local/include/php/Zend -I/usr/local/include/php/ext -I/usr/local/include/php/ext/date/lib -fstack-protector-strong -fpic -fpie -O2 -D_LARGEFILE_SOURCE -D_FILE_OFFSET_BITS=64 -DHAVE_CONFIG_H -fstack-protector-strong -fpic -fpie -O2 -D_LARGEFILE_SOURCE -D_FILE_OFFSET_BITS=64 -D_GNU_SOURCE -DU_NO_DEFAULT_INCLUDE_UTF_HEADERS=1 -DU_HIDE_OBSOLETE_UTF_OLD_H=1 -Wno-write-strings -D__STDC_LIMIT_MACROS -D__STDC_CONSTANT_MACROS -D__STDC_FORMAT_MACROS -DZEND_ENABLE_STATIC_TSRMLS_CACHE=1 -DZEND_COMPILE_DL_EXT=1 -c /usr/src/php/ext/intl/converter/converter.c -MMD -MF converter/converter.dep -MT converter/converter.lo  -fPIC -DPIC -o converter/.libs/converter.o
#8 193.4 /bin/bash /usr/src/php/ext/intl/libtool --tag=CC --mode=compile cc -I. -I/usr/src/php/ext/intl -I/usr/local/include/php -I/usr/local/include/php/main -I/usr/local/include/php/TSRM -I/usr/local/include/php/Zend -I/usr/local/include/php/ext -I/usr/local/include/php/ext/date/lib  -fstack-protector-strong -fpic -fpie -O2 -D_LARGEFILE_SOURCE -D_FILE_OFFSET_BITS=64 -DHAVE_CONFIG_H  -fstack-protector-strong -fpic -fpie -O2 -D_LARGEFILE_SOURCE -D_FILE_OFFSET_BITS=64 -D_GNU_SOURCE    -DU_NO_DEFAULT_INCLUDE_UTF_HEADERS=1 -DU_HIDE_OBSOLETE_UTF_OLD_H=1 -Wno-write-strings -D__STDC_LIMIT_MACROS -D__STDC_CONSTANT_MACROS -D__STDC_FORMAT_MACROS -DZEND_ENABLE_STATIC_TSRMLS_CACHE=1 -DZEND_COMPILE_DL_EXT=1 -c /usr/src/php/ext/intl/dateformat/dateformat_attr.c -o dateformat/dateformat_attr.lo  -MMD -MF dateformat/dateformat_attr.dep -MT dateformat/dateformat_attr.lo
#8 193.7 mkdir dateformat/.libs
#8 193.7  cc -I. -I/usr/src/php/ext/intl -I/usr/local/include/php -I/usr/local/include/php/main -I/usr/local/include/php/TSRM -I/usr/local/include/php/Zend -I/usr/local/include/php/ext -I/usr/local/include/php/ext/date/lib -fstack-protector-strong -fpic -fpie -O2 -D_LARGEFILE_SOURCE -D_FILE_OFFSET_BITS=64 -DHAVE_CONFIG_H -fstack-protector-strong -fpic -fpie -O2 -D_LARGEFILE_SOURCE -D_FILE_OFFSET_BITS=64 -D_GNU_SOURCE -DU_NO_DEFAULT_INCLUDE_UTF_HEADERS=1 -DU_HIDE_OBSOLETE_UTF_OLD_H=1 -Wno-write-strings -D__STDC_LIMIT_MACROS -D__STDC_CONSTANT_MACROS -D__STDC_FORMAT_MACROS -DZEND_ENABLE_STATIC_TSRMLS_CACHE=1 -DZEND_COMPILE_DL_EXT=1 -c /usr/src/php/ext/intl/dateformat/dateformat_attr.c -MMD -MF dateformat/dateformat_attr.dep -MT dateformat/dateformat_attr.lo  -fPIC -DPIC -o dateformat/.libs/dateformat_attr.o
#8 194.1 /bin/bash /usr/src/php/ext/intl/libtool --tag=CC --mode=compile cc -I. -I/usr/src/php/ext/intl -I/usr/local/include/php -I/usr/local/include/php/main -I/usr/local/include/php/TSRM -I/usr/local/include/php/Zend -I/usr/local/include/php/ext -I/usr/local/include/php/ext/date/lib  -fstack-protector-strong -fpic -fpie -O2 -D_LARGEFILE_SOURCE -D_FILE_OFFSET_BITS=64 -DHAVE_CONFIG_H  -fstack-protector-strong -fpic -fpie -O2 -D_LARGEFILE_SOURCE -D_FILE_OFFSET_BITS=64 -D_GNU_SOURCE    -DU_NO_DEFAULT_INCLUDE_UTF_HEADERS=1 -DU_HIDE_OBSOLETE_UTF_OLD_H=1 -Wno-write-strings -D__STDC_LIMIT_MACROS -D__STDC_CONSTANT_MACROS -D__STDC_FORMAT_MACROS -DZEND_ENABLE_STATIC_TSRMLS_CACHE=1 -DZEND_COMPILE_DL_EXT=1 -c /usr/src/php/ext/intl/dateformat/dateformat_class.c -o dateformat/dateformat_class.lo  -MMD -MF dateformat/dateformat_class.dep -MT dateformat/dateformat_class.lo
#8 194.4  cc -I. -I/usr/src/php/ext/intl -I/usr/local/include/php -I/usr/local/include/php/main -I/usr/local/include/php/TSRM -I/usr/local/include/php/Zend -I/usr/local/include/php/ext -I/usr/local/include/php/ext/date/lib -fstack-protector-strong -fpic -fpie -O2 -D_LARGEFILE_SOURCE -D_FILE_OFFSET_BITS=64 -DHAVE_CONFIG_H -fstack-protector-strong -fpic -fpie -O2 -D_LARGEFILE_SOURCE -D_FILE_OFFSET_BITS=64 -D_GNU_SOURCE -DU_NO_DEFAULT_INCLUDE_UTF_HEADERS=1 -DU_HIDE_OBSOLETE_UTF_OLD_H=1 -Wno-write-strings -D__STDC_LIMIT_MACROS -D__STDC_CONSTANT_MACROS -D__STDC_FORMAT_MACROS -DZEND_ENABLE_STATIC_TSRMLS_CACHE=1 -DZEND_COMPILE_DL_EXT=1 -c /usr/src/php/ext/intl/dateformat/dateformat_class.c -MMD -MF dateformat/dateformat_class.dep -MT dateformat/dateformat_class.lo  -fPIC -DPIC -o dateformat/.libs/dateformat_class.o
#8 194.9 /bin/bash /usr/src/php/ext/intl/libtool --tag=CC --mode=compile cc -I. -I/usr/src/php/ext/intl -I/usr/local/include/php -I/usr/local/include/php/main -I/usr/local/include/php/TSRM -I/usr/local/include/php/Zend -I/usr/local/include/php/ext -I/usr/local/include/php/ext/date/lib  -fstack-protector-strong -fpic -fpie -O2 -D_LARGEFILE_SOURCE -D_FILE_OFFSET_BITS=64 -DHAVE_CONFIG_H  -fstack-protector-strong -fpic -fpie -O2 -D_LARGEFILE_SOURCE -D_FILE_OFFSET_BITS=64 -D_GNU_SOURCE    -DU_NO_DEFAULT_INCLUDE_UTF_HEADERS=1 -DU_HIDE_OBSOLETE_UTF_OLD_H=1 -Wno-write-strings -D__STDC_LIMIT_MACROS -D__STDC_CONSTANT_MACROS -D__STDC_FORMAT_MACROS -DZEND_ENABLE_STATIC_TSRMLS_CACHE=1 -DZEND_COMPILE_DL_EXT=1 -c /usr/src/php/ext/intl/dateformat/dateformat_data.c -o dateformat/dateformat_data.lo  -MMD -MF dateformat/dateformat_data.dep -MT dateformat/dateformat_data.lo
#8 195.2  cc -I. -I/usr/src/php/ext/intl -I/usr/local/include/php -I/usr/local/include/php/main -I/usr/local/include/php/TSRM -I/usr/local/include/php/Zend -I/usr/local/include/php/ext -I/usr/local/include/php/ext/date/lib -fstack-protector-strong -fpic -fpie -O2 -D_LARGEFILE_SOURCE -D_FILE_OFFSET_BITS=64 -DHAVE_CONFIG_H -fstack-protector-strong -fpic -fpie -O2 -D_LARGEFILE_SOURCE -D_FILE_OFFSET_BITS=64 -D_GNU_SOURCE -DU_NO_DEFAULT_INCLUDE_UTF_HEADERS=1 -DU_HIDE_OBSOLETE_UTF_OLD_H=1 -Wno-write-strings -D__STDC_LIMIT_MACROS -D__STDC_CONSTANT_MACROS -D__STDC_FORMAT_MACROS -DZEND_ENABLE_STATIC_TSRMLS_CACHE=1 -DZEND_COMPILE_DL_EXT=1 -c /usr/src/php/ext/intl/dateformat/dateformat_data.c -MMD -MF dateformat/dateformat_data.dep -MT dateformat/dateformat_data.lo  -fPIC -DPIC -o dateformat/.libs/dateformat_data.o
#8 195.5 /bin/bash /usr/src/php/ext/intl/libtool --tag=CC --mode=compile cc -I. -I/usr/src/php/ext/intl -I/usr/local/include/php -I/usr/local/include/php/main -I/usr/local/include/php/TSRM -I/usr/local/include/php/Zend -I/usr/local/include/php/ext -I/usr/local/include/php/ext/date/lib  -fstack-protector-strong -fpic -fpie -O2 -D_LARGEFILE_SOURCE -D_FILE_OFFSET_BITS=64 -DHAVE_CONFIG_H  -fstack-protector-strong -fpic -fpie -O2 -D_LARGEFILE_SOURCE -D_FILE_OFFSET_BITS=64 -D_GNU_SOURCE    -DU_NO_DEFAULT_INCLUDE_UTF_HEADERS=1 -DU_HIDE_OBSOLETE_UTF_OLD_H=1 -Wno-write-strings -D__STDC_LIMIT_MACROS -D__STDC_CONSTANT_MACROS -D__STDC_FORMAT_MACROS -DZEND_ENABLE_STATIC_TSRMLS_CACHE=1 -DZEND_COMPILE_DL_EXT=1 -c /usr/src/php/ext/intl/dateformat/dateformat_format.c -o dateformat/dateformat_format.lo  -MMD -MF dateformat/dateformat_format.dep -MT dateformat/dateformat_format.lo
#8 195.8  cc -I. -I/usr/src/php/ext/intl -I/usr/local/include/php -I/usr/local/include/php/main -I/usr/local/include/php/TSRM -I/usr/local/include/php/Zend -I/usr/local/include/php/ext -I/usr/local/include/php/ext/date/lib -fstack-protector-strong -fpic -fpie -O2 -D_LARGEFILE_SOURCE -D_FILE_OFFSET_BITS=64 -DHAVE_CONFIG_H -fstack-protector-strong -fpic -fpie -O2 -D_LARGEFILE_SOURCE -D_FILE_OFFSET_BITS=64 -D_GNU_SOURCE -DU_NO_DEFAULT_INCLUDE_UTF_HEADERS=1 -DU_HIDE_OBSOLETE_UTF_OLD_H=1 -Wno-write-strings -D__STDC_LIMIT_MACROS -D__STDC_CONSTANT_MACROS -D__STDC_FORMAT_MACROS -DZEND_ENABLE_STATIC_TSRMLS_CACHE=1 -DZEND_COMPILE_DL_EXT=1 -c /usr/src/php/ext/intl/dateformat/dateformat_format.c -MMD -MF dateformat/dateformat_format.dep -MT dateformat/dateformat_format.lo  -fPIC -DPIC -o dateformat/.libs/dateformat_format.o
#8 196.2 /bin/bash /usr/src/php/ext/intl/libtool --tag=CC --mode=compile cc -I. -I/usr/src/php/ext/intl -I/usr/local/include/php -I/usr/local/include/php/main -I/usr/local/include/php/TSRM -I/usr/local/include/php/Zend -I/usr/local/include/php/ext -I/usr/local/include/php/ext/date/lib  -fstack-protector-strong -fpic -fpie -O2 -D_LARGEFILE_SOURCE -D_FILE_OFFSET_BITS=64 -DHAVE_CONFIG_H  -fstack-protector-strong -fpic -fpie -O2 -D_LARGEFILE_SOURCE -D_FILE_OFFSET_BITS=64 -D_GNU_SOURCE    -DU_NO_DEFAULT_INCLUDE_UTF_HEADERS=1 -DU_HIDE_OBSOLETE_UTF_OLD_H=1 -Wno-write-strings -D__STDC_LIMIT_MACROS -D__STDC_CONSTANT_MACROS -D__STDC_FORMAT_MACROS -DZEND_ENABLE_STATIC_TSRMLS_CACHE=1 -DZEND_COMPILE_DL_EXT=1 -c /usr/src/php/ext/intl/dateformat/dateformat_parse.c -o dateformat/dateformat_parse.lo  -MMD -MF dateformat/dateformat_parse.dep -MT dateformat/dateformat_parse.lo
#8 196.5  cc -I. -I/usr/src/php/ext/intl -I/usr/local/include/php -I/usr/local/include/php/main -I/usr/local/include/php/TSRM -I/usr/local/include/php/Zend -I/usr/local/include/php/ext -I/usr/local/include/php/ext/date/lib -fstack-protector-strong -fpic -fpie -O2 -D_LARGEFILE_SOURCE -D_FILE_OFFSET_BITS=64 -DHAVE_CONFIG_H -fstack-protector-strong -fpic -fpie -O2 -D_LARGEFILE_SOURCE -D_FILE_OFFSET_BITS=64 -D_GNU_SOURCE -DU_NO_DEFAULT_INCLUDE_UTF_HEADERS=1 -DU_HIDE_OBSOLETE_UTF_OLD_H=1 -Wno-write-strings -D__STDC_LIMIT_MACROS -D__STDC_CONSTANT_MACROS -D__STDC_FORMAT_MACROS -DZEND_ENABLE_STATIC_TSRMLS_CACHE=1 -DZEND_COMPILE_DL_EXT=1 -c /usr/src/php/ext/intl/dateformat/dateformat_parse.c -MMD -MF dateformat/dateformat_parse.dep -MT dateformat/dateformat_parse.lo  -fPIC -DPIC -o dateformat/.libs/dateformat_parse.o
#8 197.0 /bin/bash /usr/src/php/ext/intl/libtool --tag=CC --mode=compile cc -I. -I/usr/src/php/ext/intl -I/usr/local/include/php -I/usr/local/include/php/main -I/usr/local/include/php/TSRM -I/usr/local/include/php/Zend -I/usr/local/include/php/ext -I/usr/local/include/php/ext/date/lib  -fstack-protector-strong -fpic -fpie -O2 -D_LARGEFILE_SOURCE -D_FILE_OFFSET_BITS=64 -DHAVE_CONFIG_H  -fstack-protector-strong -fpic -fpie -O2 -D_LARGEFILE_SOURCE -D_FILE_OFFSET_BITS=64 -D_GNU_SOURCE    -DU_NO_DEFAULT_INCLUDE_UTF_HEADERS=1 -DU_HIDE_OBSOLETE_UTF_OLD_H=1 -Wno-write-strings -D__STDC_LIMIT_MACROS -D__STDC_CONSTANT_MACROS -D__STDC_FORMAT_MACROS -DZEND_ENABLE_STATIC_TSRMLS_CACHE=1 -DZEND_COMPILE_DL_EXT=1 -c /usr/src/php/ext/intl/dateformat/dateformat.c -o dateformat/dateformat.lo  -MMD -MF dateformat/dateformat.dep -MT dateformat/dateformat.lo
#8 197.3  cc -I. -I/usr/src/php/ext/intl -I/usr/local/include/php -I/usr/local/include/php/main -I/usr/local/include/php/TSRM -I/usr/local/include/php/Zend -I/usr/local/include/php/ext -I/usr/local/include/php/ext/date/lib -fstack-protector-strong -fpic -fpie -O2 -D_LARGEFILE_SOURCE -D_FILE_OFFSET_BITS=64 -DHAVE_CONFIG_H -fstack-protector-strong -fpic -fpie -O2 -D_LARGEFILE_SOURCE -D_FILE_OFFSET_BITS=64 -D_GNU_SOURCE -DU_NO_DEFAULT_INCLUDE_UTF_HEADERS=1 -DU_HIDE_OBSOLETE_UTF_OLD_H=1 -Wno-write-strings -D__STDC_LIMIT_MACROS -D__STDC_CONSTANT_MACROS -D__STDC_FORMAT_MACROS -DZEND_ENABLE_STATIC_TSRMLS_CACHE=1 -DZEND_COMPILE_DL_EXT=1 -c /usr/src/php/ext/intl/dateformat/dateformat.c -MMD -MF dateformat/dateformat.dep -MT dateformat/dateformat.lo  -fPIC -DPIC -o dateformat/.libs/dateformat.o
#8 197.6 /bin/bash /usr/src/php/ext/intl/libtool --tag=CC --mode=compile cc -I. -I/usr/src/php/ext/intl -I/usr/local/include/php -I/usr/local/include/php/main -I/usr/local/include/php/TSRM -I/usr/local/include/php/Zend -I/usr/local/include/php/ext -I/usr/local/include/php/ext/date/lib  -fstack-protector-strong -fpic -fpie -O2 -D_LARGEFILE_SOURCE -D_FILE_OFFSET_BITS=64 -DHAVE_CONFIG_H  -fstack-protector-strong -fpic -fpie -O2 -D_LARGEFILE_SOURCE -D_FILE_OFFSET_BITS=64 -D_GNU_SOURCE    -DU_NO_DEFAULT_INCLUDE_UTF_HEADERS=1 -DU_HIDE_OBSOLETE_UTF_OLD_H=1 -Wno-write-strings -D__STDC_LIMIT_MACROS -D__STDC_CONSTANT_MACROS -D__STDC_FORMAT_MACROS -DZEND_ENABLE_STATIC_TSRMLS_CACHE=1 -DZEND_COMPILE_DL_EXT=1 -c /usr/src/php/ext/intl/formatter/formatter_attr.c -o formatter/formatter_attr.lo  -MMD -MF formatter/formatter_attr.dep -MT formatter/formatter_attr.lo
#8 197.9 mkdir formatter/.libs
#8 197.9  cc -I. -I/usr/src/php/ext/intl -I/usr/local/include/php -I/usr/local/include/php/main -I/usr/local/include/php/TSRM -I/usr/local/include/php/Zend -I/usr/local/include/php/ext -I/usr/local/include/php/ext/date/lib -fstack-protector-strong -fpic -fpie -O2 -D_LARGEFILE_SOURCE -D_FILE_OFFSET_BITS=64 -DHAVE_CONFIG_H -fstack-protector-strong -fpic -fpie -O2 -D_LARGEFILE_SOURCE -D_FILE_OFFSET_BITS=64 -D_GNU_SOURCE -DU_NO_DEFAULT_INCLUDE_UTF_HEADERS=1 -DU_HIDE_OBSOLETE_UTF_OLD_H=1 -Wno-write-strings -D__STDC_LIMIT_MACROS -D__STDC_CONSTANT_MACROS -D__STDC_FORMAT_MACROS -DZEND_ENABLE_STATIC_TSRMLS_CACHE=1 -DZEND_COMPILE_DL_EXT=1 -c /usr/src/php/ext/intl/formatter/formatter_attr.c -MMD -MF formatter/formatter_attr.dep -MT formatter/formatter_attr.lo  -fPIC -DPIC -o formatter/.libs/formatter_attr.o
#8 198.5 /bin/bash /usr/src/php/ext/intl/libtool --tag=CC --mode=compile cc -I. -I/usr/src/php/ext/intl -I/usr/local/include/php -I/usr/local/include/php/main -I/usr/local/include/php/TSRM -I/usr/local/include/php/Zend -I/usr/local/include/php/ext -I/usr/local/include/php/ext/date/lib  -fstack-protector-strong -fpic -fpie -O2 -D_LARGEFILE_SOURCE -D_FILE_OFFSET_BITS=64 -DHAVE_CONFIG_H  -fstack-protector-strong -fpic -fpie -O2 -D_LARGEFILE_SOURCE -D_FILE_OFFSET_BITS=64 -D_GNU_SOURCE    -DU_NO_DEFAULT_INCLUDE_UTF_HEADERS=1 -DU_HIDE_OBSOLETE_UTF_OLD_H=1 -Wno-write-strings -D__STDC_LIMIT_MACROS -D__STDC_CONSTANT_MACROS -D__STDC_FORMAT_MACROS -DZEND_ENABLE_STATIC_TSRMLS_CACHE=1 -DZEND_COMPILE_DL_EXT=1 -c /usr/src/php/ext/intl/formatter/formatter_class.c -o formatter/formatter_class.lo  -MMD -MF formatter/formatter_class.dep -MT formatter/formatter_class.lo
#8 198.8  cc -I. -I/usr/src/php/ext/intl -I/usr/local/include/php -I/usr/local/include/php/main -I/usr/local/include/php/TSRM -I/usr/local/include/php/Zend -I/usr/local/include/php/ext -I/usr/local/include/php/ext/date/lib -fstack-protector-strong -fpic -fpie -O2 -D_LARGEFILE_SOURCE -D_FILE_OFFSET_BITS=64 -DHAVE_CONFIG_H -fstack-protector-strong -fpic -fpie -O2 -D_LARGEFILE_SOURCE -D_FILE_OFFSET_BITS=64 -D_GNU_SOURCE -DU_NO_DEFAULT_INCLUDE_UTF_HEADERS=1 -DU_HIDE_OBSOLETE_UTF_OLD_H=1 -Wno-write-strings -D__STDC_LIMIT_MACROS -D__STDC_CONSTANT_MACROS -D__STDC_FORMAT_MACROS -DZEND_ENABLE_STATIC_TSRMLS_CACHE=1 -DZEND_COMPILE_DL_EXT=1 -c /usr/src/php/ext/intl/formatter/formatter_class.c -MMD -MF formatter/formatter_class.dep -MT formatter/formatter_class.lo  -fPIC -DPIC -o formatter/.libs/formatter_class.o
#8 200.5 /bin/bash /usr/src/php/ext/intl/libtool --tag=CC --mode=compile cc -I. -I/usr/src/php/ext/intl -I/usr/local/include/php -I/usr/local/include/php/main -I/usr/local/include/php/TSRM -I/usr/local/include/php/Zend -I/usr/local/include/php/ext -I/usr/local/include/php/ext/date/lib  -fstack-protector-strong -fpic -fpie -O2 -D_LARGEFILE_SOURCE -D_FILE_OFFSET_BITS=64 -DHAVE_CONFIG_H  -fstack-protector-strong -fpic -fpie -O2 -D_LARGEFILE_SOURCE -D_FILE_OFFSET_BITS=64 -D_GNU_SOURCE    -DU_NO_DEFAULT_INCLUDE_UTF_HEADERS=1 -DU_HIDE_OBSOLETE_UTF_OLD_H=1 -Wno-write-strings -D__STDC_LIMIT_MACROS -D__STDC_CONSTANT_MACROS -D__STDC_FORMAT_MACROS -DZEND_ENABLE_STATIC_TSRMLS_CACHE=1 -DZEND_COMPILE_DL_EXT=1 -c /usr/src/php/ext/intl/formatter/formatter_data.c -o formatter/formatter_data.lo  -MMD -MF formatter/formatter_data.dep -MT formatter/formatter_data.lo
#8 201.0  cc -I. -I/usr/src/php/ext/intl -I/usr/local/include/php -I/usr/local/include/php/main -I/usr/local/include/php/TSRM -I/usr/local/include/php/Zend -I/usr/local/include/php/ext -I/usr/local/include/php/ext/date/lib -fstack-protector-strong -fpic -fpie -O2 -D_LARGEFILE_SOURCE -D_FILE_OFFSET_BITS=64 -DHAVE_CONFIG_H -fstack-protector-strong -fpic -fpie -O2 -D_LARGEFILE_SOURCE -D_FILE_OFFSET_BITS=64 -D_GNU_SOURCE -DU_NO_DEFAULT_INCLUDE_UTF_HEADERS=1 -DU_HIDE_OBSOLETE_UTF_OLD_H=1 -Wno-write-strings -D__STDC_LIMIT_MACROS -D__STDC_CONSTANT_MACROS -D__STDC_FORMAT_MACROS -DZEND_ENABLE_STATIC_TSRMLS_CACHE=1 -DZEND_COMPILE_DL_EXT=1 -c /usr/src/php/ext/intl/formatter/formatter_data.c -MMD -MF formatter/formatter_data.dep -MT formatter/formatter_data.lo  -fPIC -DPIC -o formatter/.libs/formatter_data.o
#8 201.4 /bin/bash /usr/src/php/ext/intl/libtool --tag=CC --mode=compile cc -I. -I/usr/src/php/ext/intl -I/usr/local/include/php -I/usr/local/include/php/main -I/usr/local/include/php/TSRM -I/usr/local/include/php/Zend -I/usr/local/include/php/ext -I/usr/local/include/php/ext/date/lib  -fstack-protector-strong -fpic -fpie -O2 -D_LARGEFILE_SOURCE -D_FILE_OFFSET_BITS=64 -DHAVE_CONFIG_H  -fstack-protector-strong -fpic -fpie -O2 -D_LARGEFILE_SOURCE -D_FILE_OFFSET_BITS=64 -D_GNU_SOURCE    -DU_NO_DEFAULT_INCLUDE_UTF_HEADERS=1 -DU_HIDE_OBSOLETE_UTF_OLD_H=1 -Wno-write-strings -D__STDC_LIMIT_MACROS -D__STDC_CONSTANT_MACROS -D__STDC_FORMAT_MACROS -DZEND_ENABLE_STATIC_TSRMLS_CACHE=1 -DZEND_COMPILE_DL_EXT=1 -c /usr/src/php/ext/intl/formatter/formatter_format.c -o formatter/formatter_format.lo  -MMD -MF formatter/formatter_format.dep -MT formatter/formatter_format.lo
#8 201.9  cc -I. -I/usr/src/php/ext/intl -I/usr/local/include/php -I/usr/local/include/php/main -I/usr/local/include/php/TSRM -I/usr/local/include/php/Zend -I/usr/local/include/php/ext -I/usr/local/include/php/ext/date/lib -fstack-protector-strong -fpic -fpie -O2 -D_LARGEFILE_SOURCE -D_FILE_OFFSET_BITS=64 -DHAVE_CONFIG_H -fstack-protector-strong -fpic -fpie -O2 -D_LARGEFILE_SOURCE -D_FILE_OFFSET_BITS=64 -D_GNU_SOURCE -DU_NO_DEFAULT_INCLUDE_UTF_HEADERS=1 -DU_HIDE_OBSOLETE_UTF_OLD_H=1 -Wno-write-strings -D__STDC_LIMIT_MACROS -D__STDC_CONSTANT_MACROS -D__STDC_FORMAT_MACROS -DZEND_ENABLE_STATIC_TSRMLS_CACHE=1 -DZEND_COMPILE_DL_EXT=1 -c /usr/src/php/ext/intl/formatter/formatter_format.c -MMD -MF formatter/formatter_format.dep -MT formatter/formatter_format.lo  -fPIC -DPIC -o formatter/.libs/formatter_format.o
#8 202.4 /bin/bash /usr/src/php/ext/intl/libtool --tag=CC --mode=compile cc -I. -I/usr/src/php/ext/intl -I/usr/local/include/php -I/usr/local/include/php/main -I/usr/local/include/php/TSRM -I/usr/local/include/php/Zend -I/usr/local/include/php/ext -I/usr/local/include/php/ext/date/lib  -fstack-protector-strong -fpic -fpie -O2 -D_LARGEFILE_SOURCE -D_FILE_OFFSET_BITS=64 -DHAVE_CONFIG_H  -fstack-protector-strong -fpic -fpie -O2 -D_LARGEFILE_SOURCE -D_FILE_OFFSET_BITS=64 -D_GNU_SOURCE    -DU_NO_DEFAULT_INCLUDE_UTF_HEADERS=1 -DU_HIDE_OBSOLETE_UTF_OLD_H=1 -Wno-write-strings -D__STDC_LIMIT_MACROS -D__STDC_CONSTANT_MACROS -D__STDC_FORMAT_MACROS -DZEND_ENABLE_STATIC_TSRMLS_CACHE=1 -DZEND_COMPILE_DL_EXT=1 -c /usr/src/php/ext/intl/formatter/formatter_main.c -o formatter/formatter_main.lo  -MMD -MF formatter/formatter_main.dep -MT formatter/formatter_main.lo
#8 202.8  cc -I. -I/usr/src/php/ext/intl -I/usr/local/include/php -I/usr/local/include/php/main -I/usr/local/include/php/TSRM -I/usr/local/include/php/Zend -I/usr/local/include/php/ext -I/usr/local/include/php/ext/date/lib -fstack-protector-strong -fpic -fpie -O2 -D_LARGEFILE_SOURCE -D_FILE_OFFSET_BITS=64 -DHAVE_CONFIG_H -fstack-protector-strong -fpic -fpie -O2 -D_LARGEFILE_SOURCE -D_FILE_OFFSET_BITS=64 -D_GNU_SOURCE -DU_NO_DEFAULT_INCLUDE_UTF_HEADERS=1 -DU_HIDE_OBSOLETE_UTF_OLD_H=1 -Wno-write-strings -D__STDC_LIMIT_MACROS -D__STDC_CONSTANT_MACROS -D__STDC_FORMAT_MACROS -DZEND_ENABLE_STATIC_TSRMLS_CACHE=1 -DZEND_COMPILE_DL_EXT=1 -c /usr/src/php/ext/intl/formatter/formatter_main.c -MMD -MF formatter/formatter_main.dep -MT formatter/formatter_main.lo  -fPIC -DPIC -o formatter/.libs/formatter_main.o
#8 203.1 /bin/bash /usr/src/php/ext/intl/libtool --tag=CC --mode=compile cc -I. -I/usr/src/php/ext/intl -I/usr/local/include/php -I/usr/local/include/php/main -I/usr/local/include/php/TSRM -I/usr/local/include/php/Zend -I/usr/local/include/php/ext -I/usr/local/include/php/ext/date/lib  -fstack-protector-strong -fpic -fpie -O2 -D_LARGEFILE_SOURCE -D_FILE_OFFSET_BITS=64 -DHAVE_CONFIG_H  -fstack-protector-strong -fpic -fpie -O2 -D_LARGEFILE_SOURCE -D_FILE_OFFSET_BITS=64 -D_GNU_SOURCE    -DU_NO_DEFAULT_INCLUDE_UTF_HEADERS=1 -DU_HIDE_OBSOLETE_UTF_OLD_H=1 -Wno-write-strings -D__STDC_LIMIT_MACROS -D__STDC_CONSTANT_MACROS -D__STDC_FORMAT_MACROS -DZEND_ENABLE_STATIC_TSRMLS_CACHE=1 -DZEND_COMPILE_DL_EXT=1 -c /usr/src/php/ext/intl/formatter/formatter_parse.c -o formatter/formatter_parse.lo  -MMD -MF formatter/formatter_parse.dep -MT formatter/formatter_parse.lo
#8 203.4  cc -I. -I/usr/src/php/ext/intl -I/usr/local/include/php -I/usr/local/include/php/main -I/usr/local/include/php/TSRM -I/usr/local/include/php/Zend -I/usr/local/include/php/ext -I/usr/local/include/php/ext/date/lib -fstack-protector-strong -fpic -fpie -O2 -D_LARGEFILE_SOURCE -D_FILE_OFFSET_BITS=64 -DHAVE_CONFIG_H -fstack-protector-strong -fpic -fpie -O2 -D_LARGEFILE_SOURCE -D_FILE_OFFSET_BITS=64 -D_GNU_SOURCE -DU_NO_DEFAULT_INCLUDE_UTF_HEADERS=1 -DU_HIDE_OBSOLETE_UTF_OLD_H=1 -Wno-write-strings -D__STDC_LIMIT_MACROS -D__STDC_CONSTANT_MACROS -D__STDC_FORMAT_MACROS -DZEND_ENABLE_STATIC_TSRMLS_CACHE=1 -DZEND_COMPILE_DL_EXT=1 -c /usr/src/php/ext/intl/formatter/formatter_parse.c -MMD -MF formatter/formatter_parse.dep -MT formatter/formatter_parse.lo  -fPIC -DPIC -o formatter/.libs/formatter_parse.o
#8 203.9 /bin/bash /usr/src/php/ext/intl/libtool --tag=CC --mode=compile cc -I. -I/usr/src/php/ext/intl -I/usr/local/include/php -I/usr/local/include/php/main -I/usr/local/include/php/TSRM -I/usr/local/include/php/Zend -I/usr/local/include/php/ext -I/usr/local/include/php/ext/date/lib  -fstack-protector-strong -fpic -fpie -O2 -D_LARGEFILE_SOURCE -D_FILE_OFFSET_BITS=64 -DHAVE_CONFIG_H  -fstack-protector-strong -fpic -fpie -O2 -D_LARGEFILE_SOURCE -D_FILE_OFFSET_BITS=64 -D_GNU_SOURCE    -DU_NO_DEFAULT_INCLUDE_UTF_HEADERS=1 -DU_HIDE_OBSOLETE_UTF_OLD_H=1 -Wno-write-strings -D__STDC_LIMIT_MACROS -D__STDC_CONSTANT_MACROS -D__STDC_FORMAT_MACROS -DZEND_ENABLE_STATIC_TSRMLS_CACHE=1 -DZEND_COMPILE_DL_EXT=1 -c /usr/src/php/ext/intl/grapheme/grapheme_string.c -o grapheme/grapheme_string.lo  -MMD -MF grapheme/grapheme_string.dep -MT grapheme/grapheme_string.lo
#8 204.2 mkdir grapheme/.libs
#8 204.2  cc -I. -I/usr/src/php/ext/intl -I/usr/local/include/php -I/usr/local/include/php/main -I/usr/local/include/php/TSRM -I/usr/local/include/php/Zend -I/usr/local/include/php/ext -I/usr/local/include/php/ext/date/lib -fstack-protector-strong -fpic -fpie -O2 -D_LARGEFILE_SOURCE -D_FILE_OFFSET_BITS=64 -DHAVE_CONFIG_H -fstack-protector-strong -fpic -fpie -O2 -D_LARGEFILE_SOURCE -D_FILE_OFFSET_BITS=64 -D_GNU_SOURCE -DU_NO_DEFAULT_INCLUDE_UTF_HEADERS=1 -DU_HIDE_OBSOLETE_UTF_OLD_H=1 -Wno-write-strings -D__STDC_LIMIT_MACROS -D__STDC_CONSTANT_MACROS -D__STDC_FORMAT_MACROS -DZEND_ENABLE_STATIC_TSRMLS_CACHE=1 -DZEND_COMPILE_DL_EXT=1 -c /usr/src/php/ext/intl/grapheme/grapheme_string.c -MMD -MF grapheme/grapheme_string.dep -MT grapheme/grapheme_string.lo  -fPIC -DPIC -o grapheme/.libs/grapheme_string.o
#8 205.6 /bin/bash /usr/src/php/ext/intl/libtool --tag=CC --mode=compile cc -I. -I/usr/src/php/ext/intl -I/usr/local/include/php -I/usr/local/include/php/main -I/usr/local/include/php/TSRM -I/usr/local/include/php/Zend -I/usr/local/include/php/ext -I/usr/local/include/php/ext/date/lib  -fstack-protector-strong -fpic -fpie -O2 -D_LARGEFILE_SOURCE -D_FILE_OFFSET_BITS=64 -DHAVE_CONFIG_H  -fstack-protector-strong -fpic -fpie -O2 -D_LARGEFILE_SOURCE -D_FILE_OFFSET_BITS=64 -D_GNU_SOURCE    -DU_NO_DEFAULT_INCLUDE_UTF_HEADERS=1 -DU_HIDE_OBSOLETE_UTF_OLD_H=1 -Wno-write-strings -D__STDC_LIMIT_MACROS -D__STDC_CONSTANT_MACROS -D__STDC_FORMAT_MACROS -DZEND_ENABLE_STATIC_TSRMLS_CACHE=1 -DZEND_COMPILE_DL_EXT=1 -c /usr/src/php/ext/intl/grapheme/grapheme_util.c -o grapheme/grapheme_util.lo  -MMD -MF grapheme/grapheme_util.dep -MT grapheme/grapheme_util.lo
#8 206.1  cc -I. -I/usr/src/php/ext/intl -I/usr/local/include/php -I/usr/local/include/php/main -I/usr/local/include/php/TSRM -I/usr/local/include/php/Zend -I/usr/local/include/php/ext -I/usr/local/include/php/ext/date/lib -fstack-protector-strong -fpic -fpie -O2 -D_LARGEFILE_SOURCE -D_FILE_OFFSET_BITS=64 -DHAVE_CONFIG_H -fstack-protector-strong -fpic -fpie -O2 -D_LARGEFILE_SOURCE -D_FILE_OFFSET_BITS=64 -D_GNU_SOURCE -DU_NO_DEFAULT_INCLUDE_UTF_HEADERS=1 -DU_HIDE_OBSOLETE_UTF_OLD_H=1 -Wno-write-strings -D__STDC_LIMIT_MACROS -D__STDC_CONSTANT_MACROS -D__STDC_FORMAT_MACROS -DZEND_ENABLE_STATIC_TSRMLS_CACHE=1 -DZEND_COMPILE_DL_EXT=1 -c /usr/src/php/ext/intl/grapheme/grapheme_util.c -MMD -MF grapheme/grapheme_util.dep -MT grapheme/grapheme_util.lo  -fPIC -DPIC -o grapheme/.libs/grapheme_util.o
#8 207.1 /bin/bash /usr/src/php/ext/intl/libtool --tag=CC --mode=compile cc -I. -I/usr/src/php/ext/intl -I/usr/local/include/php -I/usr/local/include/php/main -I/usr/local/include/php/TSRM -I/usr/local/include/php/Zend -I/usr/local/include/php/ext -I/usr/local/include/php/ext/date/lib  -fstack-protector-strong -fpic -fpie -O2 -D_LARGEFILE_SOURCE -D_FILE_OFFSET_BITS=64 -DHAVE_CONFIG_H  -fstack-protector-strong -fpic -fpie -O2 -D_LARGEFILE_SOURCE -D_FILE_OFFSET_BITS=64 -D_GNU_SOURCE    -DU_NO_DEFAULT_INCLUDE_UTF_HEADERS=1 -DU_HIDE_OBSOLETE_UTF_OLD_H=1 -Wno-write-strings -D__STDC_LIMIT_MACROS -D__STDC_CONSTANT_MACROS -D__STDC_FORMAT_MACROS -DZEND_ENABLE_STATIC_TSRMLS_CACHE=1 -DZEND_COMPILE_DL_EXT=1 -c /usr/src/php/ext/intl/intl_convert.c -o intl_convert.lo  -MMD -MF intl_convert.dep -MT intl_convert.lo
#8 207.7 mkdir .libs
#8 207.7  cc -I. -I/usr/src/php/ext/intl -I/usr/local/include/php -I/usr/local/include/php/main -I/usr/local/include/php/TSRM -I/usr/local/include/php/Zend -I/usr/local/include/php/ext -I/usr/local/include/php/ext/date/lib -fstack-protector-strong -fpic -fpie -O2 -D_LARGEFILE_SOURCE -D_FILE_OFFSET_BITS=64 -DHAVE_CONFIG_H -fstack-protector-strong -fpic -fpie -O2 -D_LARGEFILE_SOURCE -D_FILE_OFFSET_BITS=64 -D_GNU_SOURCE -DU_NO_DEFAULT_INCLUDE_UTF_HEADERS=1 -DU_HIDE_OBSOLETE_UTF_OLD_H=1 -Wno-write-strings -D__STDC_LIMIT_MACROS -D__STDC_CONSTANT_MACROS -D__STDC_FORMAT_MACROS -DZEND_ENABLE_STATIC_TSRMLS_CACHE=1 -DZEND_COMPILE_DL_EXT=1 -c /usr/src/php/ext/intl/intl_convert.c -MMD -MF intl_convert.dep -MT intl_convert.lo  -fPIC -DPIC -o .libs/intl_convert.o
#8 208.2 /bin/bash /usr/src/php/ext/intl/libtool --tag=CC --mode=compile cc -I. -I/usr/src/php/ext/intl -I/usr/local/include/php -I/usr/local/include/php/main -I/usr/local/include/php/TSRM -I/usr/local/include/php/Zend -I/usr/local/include/php/ext -I/usr/local/include/php/ext/date/lib  -fstack-protector-strong -fpic -fpie -O2 -D_LARGEFILE_SOURCE -D_FILE_OFFSET_BITS=64 -DHAVE_CONFIG_H  -fstack-protector-strong -fpic -fpie -O2 -D_LARGEFILE_SOURCE -D_FILE_OFFSET_BITS=64 -D_GNU_SOURCE    -DU_NO_DEFAULT_INCLUDE_UTF_HEADERS=1 -DU_HIDE_OBSOLETE_UTF_OLD_H=1 -Wno-write-strings -D__STDC_LIMIT_MACROS -D__STDC_CONSTANT_MACROS -D__STDC_FORMAT_MACROS -DZEND_ENABLE_STATIC_TSRMLS_CACHE=1 -DZEND_COMPILE_DL_EXT=1 -c /usr/src/php/ext/intl/intl_error.c -o intl_error.lo  -MMD -MF intl_error.dep -MT intl_error.lo
#8 208.7  cc -I. -I/usr/src/php/ext/intl -I/usr/local/include/php -I/usr/local/include/php/main -I/usr/local/include/php/TSRM -I/usr/local/include/php/Zend -I/usr/local/include/php/ext -I/usr/local/include/php/ext/date/lib -fstack-protector-strong -fpic -fpie -O2 -D_LARGEFILE_SOURCE -D_FILE_OFFSET_BITS=64 -DHAVE_CONFIG_H -fstack-protector-strong -fpic -fpie -O2 -D_LARGEFILE_SOURCE -D_FILE_OFFSET_BITS=64 -D_GNU_SOURCE -DU_NO_DEFAULT_INCLUDE_UTF_HEADERS=1 -DU_HIDE_OBSOLETE_UTF_OLD_H=1 -Wno-write-strings -D__STDC_LIMIT_MACROS -D__STDC_CONSTANT_MACROS -D__STDC_FORMAT_MACROS -DZEND_ENABLE_STATIC_TSRMLS_CACHE=1 -DZEND_COMPILE_DL_EXT=1 -c /usr/src/php/ext/intl/intl_error.c -MMD -MF intl_error.dep -MT intl_error.lo  -fPIC -DPIC -o .libs/intl_error.o
#8 209.3 /bin/bash /usr/src/php/ext/intl/libtool --tag=CC --mode=compile cc -I. -I/usr/src/php/ext/intl -I/usr/local/include/php -I/usr/local/include/php/main -I/usr/local/include/php/TSRM -I/usr/local/include/php/Zend -I/usr/local/include/php/ext -I/usr/local/include/php/ext/date/lib  -fstack-protector-strong -fpic -fpie -O2 -D_LARGEFILE_SOURCE -D_FILE_OFFSET_BITS=64 -DHAVE_CONFIG_H  -fstack-protector-strong -fpic -fpie -O2 -D_LARGEFILE_SOURCE -D_FILE_OFFSET_BITS=64 -D_GNU_SOURCE    -DU_NO_DEFAULT_INCLUDE_UTF_HEADERS=1 -DU_HIDE_OBSOLETE_UTF_OLD_H=1 -Wno-write-strings -D__STDC_LIMIT_MACROS -D__STDC_CONSTANT_MACROS -D__STDC_FORMAT_MACROS -DZEND_ENABLE_STATIC_TSRMLS_CACHE=1 -DZEND_COMPILE_DL_EXT=1 -c /usr/src/php/ext/intl/listformatter/listformatter_class.c -o listformatter/listformatter_class.lo  -MMD -MF listformatter/listformatter_class.dep -MT listformatter/listformatter_class.lo
#8 209.6 mkdir listformatter/.libs
#8 209.6  cc -I. -I/usr/src/php/ext/intl -I/usr/local/include/php -I/usr/local/include/php/main -I/usr/local/include/php/TSRM -I/usr/local/include/php/Zend -I/usr/local/include/php/ext -I/usr/local/include/php/ext/date/lib -fstack-protector-strong -fpic -fpie -O2 -D_LARGEFILE_SOURCE -D_FILE_OFFSET_BITS=64 -DHAVE_CONFIG_H -fstack-protector-strong -fpic -fpie -O2 -D_LARGEFILE_SOURCE -D_FILE_OFFSET_BITS=64 -D_GNU_SOURCE -DU_NO_DEFAULT_INCLUDE_UTF_HEADERS=1 -DU_HIDE_OBSOLETE_UTF_OLD_H=1 -Wno-write-strings -D__STDC_LIMIT_MACROS -D__STDC_CONSTANT_MACROS -D__STDC_FORMAT_MACROS -DZEND_ENABLE_STATIC_TSRMLS_CACHE=1 -DZEND_COMPILE_DL_EXT=1 -c /usr/src/php/ext/intl/listformatter/listformatter_class.c -MMD -MF listformatter/listformatter_class.dep -MT listformatter/listformatter_class.lo  -fPIC -DPIC -o listformatter/.libs/listformatter_class.o
#8 210.1 /bin/bash /usr/src/php/ext/intl/libtool --tag=CC --mode=compile cc -I. -I/usr/src/php/ext/intl -I/usr/local/include/php -I/usr/local/include/php/main -I/usr/local/include/php/TSRM -I/usr/local/include/php/Zend -I/usr/local/include/php/ext -I/usr/local/include/php/ext/date/lib  -fstack-protector-strong -fpic -fpie -O2 -D_LARGEFILE_SOURCE -D_FILE_OFFSET_BITS=64 -DHAVE_CONFIG_H  -fstack-protector-strong -fpic -fpie -O2 -D_LARGEFILE_SOURCE -D_FILE_OFFSET_BITS=64 -D_GNU_SOURCE    -DU_NO_DEFAULT_INCLUDE_UTF_HEADERS=1 -DU_HIDE_OBSOLETE_UTF_OLD_H=1 -Wno-write-strings -D__STDC_LIMIT_MACROS -D__STDC_CONSTANT_MACROS -D__STDC_FORMAT_MACROS -DZEND_ENABLE_STATIC_TSRMLS_CACHE=1 -DZEND_COMPILE_DL_EXT=1 -c /usr/src/php/ext/intl/php_intl.c -o php_intl.lo  -MMD -MF php_intl.dep -MT php_intl.lo
#8 210.5  cc -I. -I/usr/src/php/ext/intl -I/usr/local/include/php -I/usr/local/include/php/main -I/usr/local/include/php/TSRM -I/usr/local/include/php/Zend -I/usr/local/include/php/ext -I/usr/local/include/php/ext/date/lib -fstack-protector-strong -fpic -fpie -O2 -D_LARGEFILE_SOURCE -D_FILE_OFFSET_BITS=64 -DHAVE_CONFIG_H -fstack-protector-strong -fpic -fpie -O2 -D_LARGEFILE_SOURCE -D_FILE_OFFSET_BITS=64 -D_GNU_SOURCE -DU_NO_DEFAULT_INCLUDE_UTF_HEADERS=1 -DU_HIDE_OBSOLETE_UTF_OLD_H=1 -Wno-write-strings -D__STDC_LIMIT_MACROS -D__STDC_CONSTANT_MACROS -D__STDC_FORMAT_MACROS -DZEND_ENABLE_STATIC_TSRMLS_CACHE=1 -DZEND_COMPILE_DL_EXT=1 -c /usr/src/php/ext/intl/php_intl.c -MMD -MF php_intl.dep -MT php_intl.lo  -fPIC -DPIC -o .libs/php_intl.o
#8 211.0 /bin/bash /usr/src/php/ext/intl/libtool --tag=CC --mode=compile cc -I. -I/usr/src/php/ext/intl -I/usr/local/include/php -I/usr/local/include/php/main -I/usr/local/include/php/TSRM -I/usr/local/include/php/Zend -I/usr/local/include/php/ext -I/usr/local/include/php/ext/date/lib  -fstack-protector-strong -fpic -fpie -O2 -D_LARGEFILE_SOURCE -D_FILE_OFFSET_BITS=64 -DHAVE_CONFIG_H  -fstack-protector-strong -fpic -fpie -O2 -D_LARGEFILE_SOURCE -D_FILE_OFFSET_BITS=64 -D_GNU_SOURCE    -DU_NO_DEFAULT_INCLUDE_UTF_HEADERS=1 -DU_HIDE_OBSOLETE_UTF_OLD_H=1 -Wno-write-strings -D__STDC_LIMIT_MACROS -D__STDC_CONSTANT_MACROS -D__STDC_FORMAT_MACROS -DZEND_ENABLE_STATIC_TSRMLS_CACHE=1 -DZEND_COMPILE_DL_EXT=1 -c /usr/src/php/ext/intl/resourcebundle/resourcebundle_class.c -o resourcebundle/resourcebundle_class.lo  -MMD -MF resourcebundle/resourcebundle_class.dep -MT resourcebundle/resourcebundle_class.lo
#8 211.3 mkdir resourcebundle/.libs
#8 211.3  cc -I. -I/usr/src/php/ext/intl -I/usr/local/include/php -I/usr/local/include/php/main -I/usr/local/include/php/TSRM -I/usr/local/include/php/Zend -I/usr/local/include/php/ext -I/usr/local/include/php/ext/date/lib -fstack-protector-strong -fpic -fpie -O2 -D_LARGEFILE_SOURCE -D_FILE_OFFSET_BITS=64 -DHAVE_CONFIG_H -fstack-protector-strong -fpic -fpie -O2 -D_LARGEFILE_SOURCE -D_FILE_OFFSET_BITS=64 -D_GNU_SOURCE -DU_NO_DEFAULT_INCLUDE_UTF_HEADERS=1 -DU_HIDE_OBSOLETE_UTF_OLD_H=1 -Wno-write-strings -D__STDC_LIMIT_MACROS -D__STDC_CONSTANT_MACROS -D__STDC_FORMAT_MACROS -DZEND_ENABLE_STATIC_TSRMLS_CACHE=1 -DZEND_COMPILE_DL_EXT=1 -c /usr/src/php/ext/intl/resourcebundle/resourcebundle_class.c -MMD -MF resourcebundle/resourcebundle_class.dep -MT resourcebundle/resourcebundle_class.lo  -fPIC -DPIC -o resourcebundle/.libs/resourcebundle_class.o
#8 211.8 /bin/bash /usr/src/php/ext/intl/libtool --tag=CC --mode=compile cc -I. -I/usr/src/php/ext/intl -I/usr/local/include/php -I/usr/local/include/php/main -I/usr/local/include/php/TSRM -I/usr/local/include/php/Zend -I/usr/local/include/php/ext -I/usr/local/include/php/ext/date/lib  -fstack-protector-strong -fpic -fpie -O2 -D_LARGEFILE_SOURCE -D_FILE_OFFSET_BITS=64 -DHAVE_CONFIG_H  -fstack-protector-strong -fpic -fpie -O2 -D_LARGEFILE_SOURCE -D_FILE_OFFSET_BITS=64 -D_GNU_SOURCE    -DU_NO_DEFAULT_INCLUDE_UTF_HEADERS=1 -DU_HIDE_OBSOLETE_UTF_OLD_H=1 -Wno-write-strings -D__STDC_LIMIT_MACROS -D__STDC_CONSTANT_MACROS -D__STDC_FORMAT_MACROS -DZEND_ENABLE_STATIC_TSRMLS_CACHE=1 -DZEND_COMPILE_DL_EXT=1 -c /usr/src/php/ext/intl/resourcebundle/resourcebundle_iterator.c -o resourcebundle/resourcebundle_iterator.lo  -MMD -MF resourcebundle/resourcebundle_iterator.dep -MT resourcebundle/resourcebundle_iterator.lo
#8 212.3  cc -I. -I/usr/src/php/ext/intl -I/usr/local/include/php -I/usr/local/include/php/main -I/usr/local/include/php/TSRM -I/usr/local/include/php/Zend -I/usr/local/include/php/ext -I/usr/local/include/php/ext/date/lib -fstack-protector-strong -fpic -fpie -O2 -D_LARGEFILE_SOURCE -D_FILE_OFFSET_BITS=64 -DHAVE_CONFIG_H -fstack-protector-strong -fpic -fpie -O2 -D_LARGEFILE_SOURCE -D_FILE_OFFSET_BITS=64 -D_GNU_SOURCE -DU_NO_DEFAULT_INCLUDE_UTF_HEADERS=1 -DU_HIDE_OBSOLETE_UTF_OLD_H=1 -Wno-write-strings -D__STDC_LIMIT_MACROS -D__STDC_CONSTANT_MACROS -D__STDC_FORMAT_MACROS -DZEND_ENABLE_STATIC_TSRMLS_CACHE=1 -DZEND_COMPILE_DL_EXT=1 -c /usr/src/php/ext/intl/resourcebundle/resourcebundle_iterator.c -MMD -MF resourcebundle/resourcebundle_iterator.dep -MT resourcebundle/resourcebundle_iterator.lo  -fPIC -DPIC -o resourcebundle/.libs/resourcebundle_iterator.o
#8 212.8 /bin/bash /usr/src/php/ext/intl/libtool --tag=CC --mode=compile cc -I. -I/usr/src/php/ext/intl -I/usr/local/include/php -I/usr/local/include/php/main -I/usr/local/include/php/TSRM -I/usr/local/include/php/Zend -I/usr/local/include/php/ext -I/usr/local/include/php/ext/date/lib  -fstack-protector-strong -fpic -fpie -O2 -D_LARGEFILE_SOURCE -D_FILE_OFFSET_BITS=64 -DHAVE_CONFIG_H  -fstack-protector-strong -fpic -fpie -O2 -D_LARGEFILE_SOURCE -D_FILE_OFFSET_BITS=64 -D_GNU_SOURCE    -DU_NO_DEFAULT_INCLUDE_UTF_HEADERS=1 -DU_HIDE_OBSOLETE_UTF_OLD_H=1 -Wno-write-strings -D__STDC_LIMIT_MACROS -D__STDC_CONSTANT_MACROS -D__STDC_FORMAT_MACROS -DZEND_ENABLE_STATIC_TSRMLS_CACHE=1 -DZEND_COMPILE_DL_EXT=1 -c /usr/src/php/ext/intl/resourcebundle/resourcebundle.c -o resourcebundle/resourcebundle.lo  -MMD -MF resourcebundle/resourcebundle.dep -MT resourcebundle/resourcebundle.lo
#8 213.1  cc -I. -I/usr/src/php/ext/intl -I/usr/local/include/php -I/usr/local/include/php/main -I/usr/local/include/php/TSRM -I/usr/local/include/php/Zend -I/usr/local/include/php/ext -I/usr/local/include/php/ext/date/lib -fstack-protector-strong -fpic -fpie -O2 -D_LARGEFILE_SOURCE -D_FILE_OFFSET_BITS=64 -DHAVE_CONFIG_H -fstack-protector-strong -fpic -fpie -O2 -D_LARGEFILE_SOURCE -D_FILE_OFFSET_BITS=64 -D_GNU_SOURCE -DU_NO_DEFAULT_INCLUDE_UTF_HEADERS=1 -DU_HIDE_OBSOLETE_UTF_OLD_H=1 -Wno-write-strings -D__STDC_LIMIT_MACROS -D__STDC_CONSTANT_MACROS -D__STDC_FORMAT_MACROS -DZEND_ENABLE_STATIC_TSRMLS_CACHE=1 -DZEND_COMPILE_DL_EXT=1 -c /usr/src/php/ext/intl/resourcebundle/resourcebundle.c -MMD -MF resourcebundle/resourcebundle.dep -MT resourcebundle/resourcebundle.lo  -fPIC -DPIC -o resourcebundle/.libs/resourcebundle.o
#8 213.6 /bin/bash /usr/src/php/ext/intl/libtool --tag=CC --mode=compile cc -I. -I/usr/src/php/ext/intl -I/usr/local/include/php -I/usr/local/include/php/main -I/usr/local/include/php/TSRM -I/usr/local/include/php/Zend -I/usr/local/include/php/ext -I/usr/local/include/php/ext/date/lib  -fstack-protector-strong -fpic -fpie -O2 -D_LARGEFILE_SOURCE -D_FILE_OFFSET_BITS=64 -DHAVE_CONFIG_H  -fstack-protector-strong -fpic -fpie -O2 -D_LARGEFILE_SOURCE -D_FILE_OFFSET_BITS=64 -D_GNU_SOURCE    -DU_NO_DEFAULT_INCLUDE_UTF_HEADERS=1 -DU_HIDE_OBSOLETE_UTF_OLD_H=1 -Wno-write-strings -D__STDC_LIMIT_MACROS -D__STDC_CONSTANT_MACROS -D__STDC_FORMAT_MACROS -DZEND_ENABLE_STATIC_TSRMLS_CACHE=1 -DZEND_COMPILE_DL_EXT=1 -c /usr/src/php/ext/intl/spoofchecker/spoofchecker_class.c -o spoofchecker/spoofchecker_class.lo  -MMD -MF spoofchecker/spoofchecker_class.dep -MT spoofchecker/spoofchecker_class.lo
#8 214.1 mkdir spoofchecker/.libs
#8 214.1  cc -I. -I/usr/src/php/ext/intl -I/usr/local/include/php -I/usr/local/include/php/main -I/usr/local/include/php/TSRM -I/usr/local/include/php/Zend -I/usr/local/include/php/ext -I/usr/local/include/php/ext/date/lib -fstack-protector-strong -fpic -fpie -O2 -D_LARGEFILE_SOURCE -D_FILE_OFFSET_BITS=64 -DHAVE_CONFIG_H -fstack-protector-strong -fpic -fpie -O2 -D_LARGEFILE_SOURCE -D_FILE_OFFSET_BITS=64 -D_GNU_SOURCE -DU_NO_DEFAULT_INCLUDE_UTF_HEADERS=1 -DU_HIDE_OBSOLETE_UTF_OLD_H=1 -Wno-write-strings -D__STDC_LIMIT_MACROS -D__STDC_CONSTANT_MACROS -D__STDC_FORMAT_MACROS -DZEND_ENABLE_STATIC_TSRMLS_CACHE=1 -DZEND_COMPILE_DL_EXT=1 -c /usr/src/php/ext/intl/spoofchecker/spoofchecker_class.c -MMD -MF spoofchecker/spoofchecker_class.dep -MT spoofchecker/spoofchecker_class.lo  -fPIC -DPIC -o spoofchecker/.libs/spoofchecker_class.o
#8 214.6 /bin/bash /usr/src/php/ext/intl/libtool --tag=CC --mode=compile cc -I. -I/usr/src/php/ext/intl -I/usr/local/include/php -I/usr/local/include/php/main -I/usr/local/include/php/TSRM -I/usr/local/include/php/Zend -I/usr/local/include/php/ext -I/usr/local/include/php/ext/date/lib  -fstack-protector-strong -fpic -fpie -O2 -D_LARGEFILE_SOURCE -D_FILE_OFFSET_BITS=64 -DHAVE_CONFIG_H  -fstack-protector-strong -fpic -fpie -O2 -D_LARGEFILE_SOURCE -D_FILE_OFFSET_BITS=64 -D_GNU_SOURCE    -DU_NO_DEFAULT_INCLUDE_UTF_HEADERS=1 -DU_HIDE_OBSOLETE_UTF_OLD_H=1 -Wno-write-strings -D__STDC_LIMIT_MACROS -D__STDC_CONSTANT_MACROS -D__STDC_FORMAT_MACROS -DZEND_ENABLE_STATIC_TSRMLS_CACHE=1 -DZEND_COMPILE_DL_EXT=1 -c /usr/src/php/ext/intl/spoofchecker/spoofchecker_create.c -o spoofchecker/spoofchecker_create.lo  -MMD -MF spoofchecker/spoofchecker_create.dep -MT spoofchecker/spoofchecker_create.lo
#8 215.0  cc -I. -I/usr/src/php/ext/intl -I/usr/local/include/php -I/usr/local/include/php/main -I/usr/local/include/php/TSRM -I/usr/local/include/php/Zend -I/usr/local/include/php/ext -I/usr/local/include/php/ext/date/lib -fstack-protector-strong -fpic -fpie -O2 -D_LARGEFILE_SOURCE -D_FILE_OFFSET_BITS=64 -DHAVE_CONFIG_H -fstack-protector-strong -fpic -fpie -O2 -D_LARGEFILE_SOURCE -D_FILE_OFFSET_BITS=64 -D_GNU_SOURCE -DU_NO_DEFAULT_INCLUDE_UTF_HEADERS=1 -DU_HIDE_OBSOLETE_UTF_OLD_H=1 -Wno-write-strings -D__STDC_LIMIT_MACROS -D__STDC_CONSTANT_MACROS -D__STDC_FORMAT_MACROS -DZEND_ENABLE_STATIC_TSRMLS_CACHE=1 -DZEND_COMPILE_DL_EXT=1 -c /usr/src/php/ext/intl/spoofchecker/spoofchecker_create.c -MMD -MF spoofchecker/spoofchecker_create.dep -MT spoofchecker/spoofchecker_create.lo  -fPIC -DPIC -o spoofchecker/.libs/spoofchecker_create.o
#8 215.3 /bin/bash /usr/src/php/ext/intl/libtool --tag=CC --mode=compile cc -I. -I/usr/src/php/ext/intl -I/usr/local/include/php -I/usr/local/include/php/main -I/usr/local/include/php/TSRM -I/usr/local/include/php/Zend -I/usr/local/include/php/ext -I/usr/local/include/php/ext/date/lib  -fstack-protector-strong -fpic -fpie -O2 -D_LARGEFILE_SOURCE -D_FILE_OFFSET_BITS=64 -DHAVE_CONFIG_H  -fstack-protector-strong -fpic -fpie -O2 -D_LARGEFILE_SOURCE -D_FILE_OFFSET_BITS=64 -D_GNU_SOURCE    -DU_NO_DEFAULT_INCLUDE_UTF_HEADERS=1 -DU_HIDE_OBSOLETE_UTF_OLD_H=1 -Wno-write-strings -D__STDC_LIMIT_MACROS -D__STDC_CONSTANT_MACROS -D__STDC_FORMAT_MACROS -DZEND_ENABLE_STATIC_TSRMLS_CACHE=1 -DZEND_COMPILE_DL_EXT=1 -c /usr/src/php/ext/intl/spoofchecker/spoofchecker_main.c -o spoofchecker/spoofchecker_main.lo  -MMD -MF spoofchecker/spoofchecker_main.dep -MT spoofchecker/spoofchecker_main.lo
#8 215.6  cc -I. -I/usr/src/php/ext/intl -I/usr/local/include/php -I/usr/local/include/php/main -I/usr/local/include/php/TSRM -I/usr/local/include/php/Zend -I/usr/local/include/php/ext -I/usr/local/include/php/ext/date/lib -fstack-protector-strong -fpic -fpie -O2 -D_LARGEFILE_SOURCE -D_FILE_OFFSET_BITS=64 -DHAVE_CONFIG_H -fstack-protector-strong -fpic -fpie -O2 -D_LARGEFILE_SOURCE -D_FILE_OFFSET_BITS=64 -D_GNU_SOURCE -DU_NO_DEFAULT_INCLUDE_UTF_HEADERS=1 -DU_HIDE_OBSOLETE_UTF_OLD_H=1 -Wno-write-strings -D__STDC_LIMIT_MACROS -D__STDC_CONSTANT_MACROS -D__STDC_FORMAT_MACROS -DZEND_ENABLE_STATIC_TSRMLS_CACHE=1 -DZEND_COMPILE_DL_EXT=1 -c /usr/src/php/ext/intl/spoofchecker/spoofchecker_main.c -MMD -MF spoofchecker/spoofchecker_main.dep -MT spoofchecker/spoofchecker_main.lo  -fPIC -DPIC -o spoofchecker/.libs/spoofchecker_main.o
#8 216.3 /bin/bash /usr/src/php/ext/intl/libtool --tag=CC --mode=compile cc -I. -I/usr/src/php/ext/intl -I/usr/local/include/php -I/usr/local/include/php/main -I/usr/local/include/php/TSRM -I/usr/local/include/php/Zend -I/usr/local/include/php/ext -I/usr/local/include/php/ext/date/lib  -fstack-protector-strong -fpic -fpie -O2 -D_LARGEFILE_SOURCE -D_FILE_OFFSET_BITS=64 -DHAVE_CONFIG_H  -fstack-protector-strong -fpic -fpie -O2 -D_LARGEFILE_SOURCE -D_FILE_OFFSET_BITS=64 -D_GNU_SOURCE    -DU_NO_DEFAULT_INCLUDE_UTF_HEADERS=1 -DU_HIDE_OBSOLETE_UTF_OLD_H=1 -Wno-write-strings -D__STDC_LIMIT_MACROS -D__STDC_CONSTANT_MACROS -D__STDC_FORMAT_MACROS -DZEND_ENABLE_STATIC_TSRMLS_CACHE=1 -DZEND_COMPILE_DL_EXT=1 -c /usr/src/php/ext/intl/transliterator/transliterator_class.c -o transliterator/transliterator_class.lo  -MMD -MF transliterator/transliterator_class.dep -MT transliterator/transliterator_class.lo
#8 216.7 mkdir transliterator/.libs
#8 216.7  cc -I. -I/usr/src/php/ext/intl -I/usr/local/include/php -I/usr/local/include/php/main -I/usr/local/include/php/TSRM -I/usr/local/include/php/Zend -I/usr/local/include/php/ext -I/usr/local/include/php/ext/date/lib -fstack-protector-strong -fpic -fpie -O2 -D_LARGEFILE_SOURCE -D_FILE_OFFSET_BITS=64 -DHAVE_CONFIG_H -fstack-protector-strong -fpic -fpie -O2 -D_LARGEFILE_SOURCE -D_FILE_OFFSET_BITS=64 -D_GNU_SOURCE -DU_NO_DEFAULT_INCLUDE_UTF_HEADERS=1 -DU_HIDE_OBSOLETE_UTF_OLD_H=1 -Wno-write-strings -D__STDC_LIMIT_MACROS -D__STDC_CONSTANT_MACROS -D__STDC_FORMAT_MACROS -DZEND_ENABLE_STATIC_TSRMLS_CACHE=1 -DZEND_COMPILE_DL_EXT=1 -c /usr/src/php/ext/intl/transliterator/transliterator_class.c -MMD -MF transliterator/transliterator_class.dep -MT transliterator/transliterator_class.lo  -fPIC -DPIC -o transliterator/.libs/transliterator_class.o
#8 217.0 /bin/bash /usr/src/php/ext/intl/libtool --tag=CC --mode=compile cc -I. -I/usr/src/php/ext/intl -I/usr/local/include/php -I/usr/local/include/php/main -I/usr/local/include/php/TSRM -I/usr/local/include/php/Zend -I/usr/local/include/php/ext -I/usr/local/include/php/ext/date/lib  -fstack-protector-strong -fpic -fpie -O2 -D_LARGEFILE_SOURCE -D_FILE_OFFSET_BITS=64 -DHAVE_CONFIG_H  -fstack-protector-strong -fpic -fpie -O2 -D_LARGEFILE_SOURCE -D_FILE_OFFSET_BITS=64 -D_GNU_SOURCE    -DU_NO_DEFAULT_INCLUDE_UTF_HEADERS=1 -DU_HIDE_OBSOLETE_UTF_OLD_H=1 -Wno-write-strings -D__STDC_LIMIT_MACROS -D__STDC_CONSTANT_MACROS -D__STDC_FORMAT_MACROS -DZEND_ENABLE_STATIC_TSRMLS_CACHE=1 -DZEND_COMPILE_DL_EXT=1 -c /usr/src/php/ext/intl/transliterator/transliterator_methods.c -o transliterator/transliterator_methods.lo  -MMD -MF transliterator/transliterator_methods.dep -MT transliterator/transliterator_methods.lo
#8 217.4  cc -I. -I/usr/src/php/ext/intl -I/usr/local/include/php -I/usr/local/include/php/main -I/usr/local/include/php/TSRM -I/usr/local/include/php/Zend -I/usr/local/include/php/ext -I/usr/local/include/php/ext/date/lib -fstack-protector-strong -fpic -fpie -O2 -D_LARGEFILE_SOURCE -D_FILE_OFFSET_BITS=64 -DHAVE_CONFIG_H -fstack-protector-strong -fpic -fpie -O2 -D_LARGEFILE_SOURCE -D_FILE_OFFSET_BITS=64 -D_GNU_SOURCE -DU_NO_DEFAULT_INCLUDE_UTF_HEADERS=1 -DU_HIDE_OBSOLETE_UTF_OLD_H=1 -Wno-write-strings -D__STDC_LIMIT_MACROS -D__STDC_CONSTANT_MACROS -D__STDC_FORMAT_MACROS -DZEND_ENABLE_STATIC_TSRMLS_CACHE=1 -DZEND_COMPILE_DL_EXT=1 -c /usr/src/php/ext/intl/transliterator/transliterator_methods.c -MMD -MF transliterator/transliterator_methods.dep -MT transliterator/transliterator_methods.lo  -fPIC -DPIC -o transliterator/.libs/transliterator_methods.o
#8 218.2 /bin/bash /usr/src/php/ext/intl/libtool --tag=CXX --mode=compile g++ -I. -I/usr/src/php/ext/intl -I/usr/local/include/php -I/usr/local/include/php/main -I/usr/local/include/php/TSRM -I/usr/local/include/php/Zend -I/usr/local/include/php/ext -I/usr/local/include/php/ext/date/lib  -fstack-protector-strong -fpic -fpie -O2 -D_LARGEFILE_SOURCE -D_FILE_OFFSET_BITS=64 -DHAVE_CONFIG_H  -g -O2    -DU_NO_DEFAULT_INCLUDE_UTF_HEADERS=1 -DU_HIDE_OBSOLETE_UTF_OLD_H=1 -Wno-write-strings -D__STDC_LIMIT_MACROS -D__STDC_CONSTANT_MACROS -D__STDC_FORMAT_MACROS -DZEND_ENABLE_STATIC_TSRMLS_CACHE=1 -std=c++17  -DUNISTR_FROM_CHAR_EXPLICIT=explicit -DUNISTR_FROM_STRING_EXPLICIT=explicit -c /usr/src/php/ext/intl/intl_convertcpp.cpp -o intl_convertcpp.lo  -MMD -MF intl_convertcpp.dep -MT intl_convertcpp.lo
#8 218.6  g++ -I. -I/usr/src/php/ext/intl -I/usr/local/include/php -I/usr/local/include/php/main -I/usr/local/include/php/TSRM -I/usr/local/include/php/Zend -I/usr/local/include/php/ext -I/usr/local/include/php/ext/date/lib -fstack-protector-strong -fpic -fpie -O2 -D_LARGEFILE_SOURCE -D_FILE_OFFSET_BITS=64 -DHAVE_CONFIG_H -g -O2 -DU_NO_DEFAULT_INCLUDE_UTF_HEADERS=1 -DU_HIDE_OBSOLETE_UTF_OLD_H=1 -Wno-write-strings -D__STDC_LIMIT_MACROS -D__STDC_CONSTANT_MACROS -D__STDC_FORMAT_MACROS -DZEND_ENABLE_STATIC_TSRMLS_CACHE=1 -std=c++17 -DUNISTR_FROM_CHAR_EXPLICIT=explicit -DUNISTR_FROM_STRING_EXPLICIT=explicit -c /usr/src/php/ext/intl/intl_convertcpp.cpp -MMD -MF intl_convertcpp.dep -MT intl_convertcpp.lo  -fPIC -DPIC -o .libs/intl_convertcpp.o
#8 219.6 /bin/bash /usr/src/php/ext/intl/libtool --tag=CXX --mode=compile g++ -I. -I/usr/src/php/ext/intl -I/usr/local/include/php -I/usr/local/include/php/main -I/usr/local/include/php/TSRM -I/usr/local/include/php/Zend -I/usr/local/include/php/ext -I/usr/local/include/php/ext/date/lib  -fstack-protector-strong -fpic -fpie -O2 -D_LARGEFILE_SOURCE -D_FILE_OFFSET_BITS=64 -DHAVE_CONFIG_H  -g -O2    -DU_NO_DEFAULT_INCLUDE_UTF_HEADERS=1 -DU_HIDE_OBSOLETE_UTF_OLD_H=1 -Wno-write-strings -D__STDC_LIMIT_MACROS -D__STDC_CONSTANT_MACROS -D__STDC_FORMAT_MACROS -DZEND_ENABLE_STATIC_TSRMLS_CACHE=1 -std=c++17  -DUNISTR_FROM_CHAR_EXPLICIT=explicit -DUNISTR_FROM_STRING_EXPLICIT=explicit -c /usr/src/php/ext/intl/common/common_enum.cpp -o common/common_enum.lo  -MMD -MF common/common_enum.dep -MT common/common_enum.lo
#8 219.9  g++ -I. -I/usr/src/php/ext/intl -I/usr/local/include/php -I/usr/local/include/php/main -I/usr/local/include/php/TSRM -I/usr/local/include/php/Zend -I/usr/local/include/php/ext -I/usr/local/include/php/ext/date/lib -fstack-protector-strong -fpic -fpie -O2 -D_LARGEFILE_SOURCE -D_FILE_OFFSET_BITS=64 -DHAVE_CONFIG_H -g -O2 -DU_NO_DEFAULT_INCLUDE_UTF_HEADERS=1 -DU_HIDE_OBSOLETE_UTF_OLD_H=1 -Wno-write-strings -D__STDC_LIMIT_MACROS -D__STDC_CONSTANT_MACROS -D__STDC_FORMAT_MACROS -DZEND_ENABLE_STATIC_TSRMLS_CACHE=1 -std=c++17 -DUNISTR_FROM_CHAR_EXPLICIT=explicit -DUNISTR_FROM_STRING_EXPLICIT=explicit -c /usr/src/php/ext/intl/common/common_enum.cpp -MMD -MF common/common_enum.dep -MT common/common_enum.lo  -fPIC -DPIC -o common/.libs/common_enum.o
#8 221.0 /bin/bash /usr/src/php/ext/intl/libtool --tag=CXX --mode=compile g++ -I. -I/usr/src/php/ext/intl -I/usr/local/include/php -I/usr/local/include/php/main -I/usr/local/include/php/TSRM -I/usr/local/include/php/Zend -I/usr/local/include/php/ext -I/usr/local/include/php/ext/date/lib  -fstack-protector-strong -fpic -fpie -O2 -D_LARGEFILE_SOURCE -D_FILE_OFFSET_BITS=64 -DHAVE_CONFIG_H  -g -O2    -DU_NO_DEFAULT_INCLUDE_UTF_HEADERS=1 -DU_HIDE_OBSOLETE_UTF_OLD_H=1 -Wno-write-strings -D__STDC_LIMIT_MACROS -D__STDC_CONSTANT_MACROS -D__STDC_FORMAT_MACROS -DZEND_ENABLE_STATIC_TSRMLS_CACHE=1 -std=c++17  -DUNISTR_FROM_CHAR_EXPLICIT=explicit -DUNISTR_FROM_STRING_EXPLICIT=explicit -c /usr/src/php/ext/intl/common/common_date.cpp -o common/common_date.lo  -MMD -MF common/common_date.dep -MT common/common_date.lo
#8 221.4  g++ -I. -I/usr/src/php/ext/intl -I/usr/local/include/php -I/usr/local/include/php/main -I/usr/local/include/php/TSRM -I/usr/local/include/php/Zend -I/usr/local/include/php/ext -I/usr/local/include/php/ext/date/lib -fstack-protector-strong -fpic -fpie -O2 -D_LARGEFILE_SOURCE -D_FILE_OFFSET_BITS=64 -DHAVE_CONFIG_H -g -O2 -DU_NO_DEFAULT_INCLUDE_UTF_HEADERS=1 -DU_HIDE_OBSOLETE_UTF_OLD_H=1 -Wno-write-strings -D__STDC_LIMIT_MACROS -D__STDC_CONSTANT_MACROS -D__STDC_FORMAT_MACROS -DZEND_ENABLE_STATIC_TSRMLS_CACHE=1 -std=c++17 -DUNISTR_FROM_CHAR_EXPLICIT=explicit -DUNISTR_FROM_STRING_EXPLICIT=explicit -c /usr/src/php/ext/intl/common/common_date.cpp -MMD -MF common/common_date.dep -MT common/common_date.lo  -fPIC -DPIC -o common/.libs/common_date.o
#8 222.6 /bin/bash /usr/src/php/ext/intl/libtool --tag=CXX --mode=compile g++ -I. -I/usr/src/php/ext/intl -I/usr/local/include/php -I/usr/local/include/php/main -I/usr/local/include/php/TSRM -I/usr/local/include/php/Zend -I/usr/local/include/php/ext -I/usr/local/include/php/ext/date/lib  -fstack-protector-strong -fpic -fpie -O2 -D_LARGEFILE_SOURCE -D_FILE_OFFSET_BITS=64 -DHAVE_CONFIG_H  -g -O2    -DU_NO_DEFAULT_INCLUDE_UTF_HEADERS=1 -DU_HIDE_OBSOLETE_UTF_OLD_H=1 -Wno-write-strings -D__STDC_LIMIT_MACROS -D__STDC_CONSTANT_MACROS -D__STDC_FORMAT_MACROS -DZEND_ENABLE_STATIC_TSRMLS_CACHE=1 -std=c++17  -DUNISTR_FROM_CHAR_EXPLICIT=explicit -DUNISTR_FROM_STRING_EXPLICIT=explicit -c /usr/src/php/ext/intl/dateformat/dateformat_format_object.cpp -o dateformat/dateformat_format_object.lo  -MMD -MF dateformat/dateformat_format_object.dep -MT dateformat/dateformat_format_object.lo
#8 222.9  g++ -I. -I/usr/src/php/ext/intl -I/usr/local/include/php -I/usr/local/include/php/main -I/usr/local/include/php/TSRM -I/usr/local/include/php/Zend -I/usr/local/include/php/ext -I/usr/local/include/php/ext/date/lib -fstack-protector-strong -fpic -fpie -O2 -D_LARGEFILE_SOURCE -D_FILE_OFFSET_BITS=64 -DHAVE_CONFIG_H -g -O2 -DU_NO_DEFAULT_INCLUDE_UTF_HEADERS=1 -DU_HIDE_OBSOLETE_UTF_OLD_H=1 -Wno-write-strings -D__STDC_LIMIT_MACROS -D__STDC_CONSTANT_MACROS -D__STDC_FORMAT_MACROS -DZEND_ENABLE_STATIC_TSRMLS_CACHE=1 -std=c++17 -DUNISTR_FROM_CHAR_EXPLICIT=explicit -DUNISTR_FROM_STRING_EXPLICIT=explicit -c /usr/src/php/ext/intl/dateformat/dateformat_format_object.cpp -MMD -MF dateformat/dateformat_format_object.dep -MT dateformat/dateformat_format_object.lo  -fPIC -DPIC -o dateformat/.libs/dateformat_format_object.o
#8 224.2 /bin/bash /usr/src/php/ext/intl/libtool --tag=CXX --mode=compile g++ -I. -I/usr/src/php/ext/intl -I/usr/local/include/php -I/usr/local/include/php/main -I/usr/local/include/php/TSRM -I/usr/local/include/php/Zend -I/usr/local/include/php/ext -I/usr/local/include/php/ext/date/lib  -fstack-protector-strong -fpic -fpie -O2 -D_LARGEFILE_SOURCE -D_FILE_OFFSET_BITS=64 -DHAVE_CONFIG_H  -g -O2    -DU_NO_DEFAULT_INCLUDE_UTF_HEADERS=1 -DU_HIDE_OBSOLETE_UTF_OLD_H=1 -Wno-write-strings -D__STDC_LIMIT_MACROS -D__STDC_CONSTANT_MACROS -D__STDC_FORMAT_MACROS -DZEND_ENABLE_STATIC_TSRMLS_CACHE=1 -std=c++17  -DUNISTR_FROM_CHAR_EXPLICIT=explicit -DUNISTR_FROM_STRING_EXPLICIT=explicit -c /usr/src/php/ext/intl/dateformat/dateformat_create.cpp -o dateformat/dateformat_create.lo  -MMD -MF dateformat/dateformat_create.dep -MT dateformat/dateformat_create.lo
#8 224.5  g++ -I. -I/usr/src/php/ext/intl -I/usr/local/include/php -I/usr/local/include/php/main -I/usr/local/include/php/TSRM -I/usr/local/include/php/Zend -I/usr/local/include/php/ext -I/usr/local/include/php/ext/date/lib -fstack-protector-strong -fpic -fpie -O2 -D_LARGEFILE_SOURCE -D_FILE_OFFSET_BITS=64 -DHAVE_CONFIG_H -g -O2 -DU_NO_DEFAULT_INCLUDE_UTF_HEADERS=1 -DU_HIDE_OBSOLETE_UTF_OLD_H=1 -Wno-write-strings -D__STDC_LIMIT_MACROS -D__STDC_CONSTANT_MACROS -D__STDC_FORMAT_MACROS -DZEND_ENABLE_STATIC_TSRMLS_CACHE=1 -std=c++17 -DUNISTR_FROM_CHAR_EXPLICIT=explicit -DUNISTR_FROM_STRING_EXPLICIT=explicit -c /usr/src/php/ext/intl/dateformat/dateformat_create.cpp -MMD -MF dateformat/dateformat_create.dep -MT dateformat/dateformat_create.lo  -fPIC -DPIC -o dateformat/.libs/dateformat_create.o
#8 226.1 /bin/bash /usr/src/php/ext/intl/libtool --tag=CXX --mode=compile g++ -I. -I/usr/src/php/ext/intl -I/usr/local/include/php -I/usr/local/include/php/main -I/usr/local/include/php/TSRM -I/usr/local/include/php/Zend -I/usr/local/include/php/ext -I/usr/local/include/php/ext/date/lib  -fstack-protector-strong -fpic -fpie -O2 -D_LARGEFILE_SOURCE -D_FILE_OFFSET_BITS=64 -DHAVE_CONFIG_H  -g -O2    -DU_NO_DEFAULT_INCLUDE_UTF_HEADERS=1 -DU_HIDE_OBSOLETE_UTF_OLD_H=1 -Wno-write-strings -D__STDC_LIMIT_MACROS -D__STDC_CONSTANT_MACROS -D__STDC_FORMAT_MACROS -DZEND_ENABLE_STATIC_TSRMLS_CACHE=1 -std=c++17  -DUNISTR_FROM_CHAR_EXPLICIT=explicit -DUNISTR_FROM_STRING_EXPLICIT=explicit -c /usr/src/php/ext/intl/dateformat/dateformat_attrcpp.cpp -o dateformat/dateformat_attrcpp.lo  -MMD -MF dateformat/dateformat_attrcpp.dep -MT dateformat/dateformat_attrcpp.lo
#8 226.4  g++ -I. -I/usr/src/php/ext/intl -I/usr/local/include/php -I/usr/local/include/php/main -I/usr/local/include/php/TSRM -I/usr/local/include/php/Zend -I/usr/local/include/php/ext -I/usr/local/include/php/ext/date/lib -fstack-protector-strong -fpic -fpie -O2 -D_LARGEFILE_SOURCE -D_FILE_OFFSET_BITS=64 -DHAVE_CONFIG_H -g -O2 -DU_NO_DEFAULT_INCLUDE_UTF_HEADERS=1 -DU_HIDE_OBSOLETE_UTF_OLD_H=1 -Wno-write-strings -D__STDC_LIMIT_MACROS -D__STDC_CONSTANT_MACROS -D__STDC_FORMAT_MACROS -DZEND_ENABLE_STATIC_TSRMLS_CACHE=1 -std=c++17 -DUNISTR_FROM_CHAR_EXPLICIT=explicit -DUNISTR_FROM_STRING_EXPLICIT=explicit -c /usr/src/php/ext/intl/dateformat/dateformat_attrcpp.cpp -MMD -MF dateformat/dateformat_attrcpp.dep -MT dateformat/dateformat_attrcpp.lo  -fPIC -DPIC -o dateformat/.libs/dateformat_attrcpp.o
#8 228.0 /bin/bash /usr/src/php/ext/intl/libtool --tag=CXX --mode=compile g++ -I. -I/usr/src/php/ext/intl -I/usr/local/include/php -I/usr/local/include/php/main -I/usr/local/include/php/TSRM -I/usr/local/include/php/Zend -I/usr/local/include/php/ext -I/usr/local/include/php/ext/date/lib  -fstack-protector-strong -fpic -fpie -O2 -D_LARGEFILE_SOURCE -D_FILE_OFFSET_BITS=64 -DHAVE_CONFIG_H  -g -O2    -DU_NO_DEFAULT_INCLUDE_UTF_HEADERS=1 -DU_HIDE_OBSOLETE_UTF_OLD_H=1 -Wno-write-strings -D__STDC_LIMIT_MACROS -D__STDC_CONSTANT_MACROS -D__STDC_FORMAT_MACROS -DZEND_ENABLE_STATIC_TSRMLS_CACHE=1 -std=c++17  -DUNISTR_FROM_CHAR_EXPLICIT=explicit -DUNISTR_FROM_STRING_EXPLICIT=explicit -c /usr/src/php/ext/intl/dateformat/dateformat_helpers.cpp -o dateformat/dateformat_helpers.lo  -MMD -MF dateformat/dateformat_helpers.dep -MT dateformat/dateformat_helpers.lo
#8 228.4  g++ -I. -I/usr/src/php/ext/intl -I/usr/local/include/php -I/usr/local/include/php/main -I/usr/local/include/php/TSRM -I/usr/local/include/php/Zend -I/usr/local/include/php/ext -I/usr/local/include/php/ext/date/lib -fstack-protector-strong -fpic -fpie -O2 -D_LARGEFILE_SOURCE -D_FILE_OFFSET_BITS=64 -DHAVE_CONFIG_H -g -O2 -DU_NO_DEFAULT_INCLUDE_UTF_HEADERS=1 -DU_HIDE_OBSOLETE_UTF_OLD_H=1 -Wno-write-strings -D__STDC_LIMIT_MACROS -D__STDC_CONSTANT_MACROS -D__STDC_FORMAT_MACROS -DZEND_ENABLE_STATIC_TSRMLS_CACHE=1 -std=c++17 -DUNISTR_FROM_CHAR_EXPLICIT=explicit -DUNISTR_FROM_STRING_EXPLICIT=explicit -c /usr/src/php/ext/intl/dateformat/dateformat_helpers.cpp -MMD -MF dateformat/dateformat_helpers.dep -MT dateformat/dateformat_helpers.lo  -fPIC -DPIC -o dateformat/.libs/dateformat_helpers.o
#8 229.9 /bin/bash /usr/src/php/ext/intl/libtool --tag=CXX --mode=compile g++ -I. -I/usr/src/php/ext/intl -I/usr/local/include/php -I/usr/local/include/php/main -I/usr/local/include/php/TSRM -I/usr/local/include/php/Zend -I/usr/local/include/php/ext -I/usr/local/include/php/ext/date/lib  -fstack-protector-strong -fpic -fpie -O2 -D_LARGEFILE_SOURCE -D_FILE_OFFSET_BITS=64 -DHAVE_CONFIG_H  -g -O2    -DU_NO_DEFAULT_INCLUDE_UTF_HEADERS=1 -DU_HIDE_OBSOLETE_UTF_OLD_H=1 -Wno-write-strings -D__STDC_LIMIT_MACROS -D__STDC_CONSTANT_MACROS -D__STDC_FORMAT_MACROS -DZEND_ENABLE_STATIC_TSRMLS_CACHE=1 -std=c++17  -DUNISTR_FROM_CHAR_EXPLICIT=explicit -DUNISTR_FROM_STRING_EXPLICIT=explicit -c /usr/src/php/ext/intl/dateformat/datepatterngenerator_class.cpp -o dateformat/datepatterngenerator_class.lo  -MMD -MF dateformat/datepatterngenerator_class.dep -MT dateformat/datepatterngenerator_class.lo
#8 230.4  g++ -I. -I/usr/src/php/ext/intl -I/usr/local/include/php -I/usr/local/include/php/main -I/usr/local/include/php/TSRM -I/usr/local/include/php/Zend -I/usr/local/include/php/ext -I/usr/local/include/php/ext/date/lib -fstack-protector-strong -fpic -fpie -O2 -D_LARGEFILE_SOURCE -D_FILE_OFFSET_BITS=64 -DHAVE_CONFIG_H -g -O2 -DU_NO_DEFAULT_INCLUDE_UTF_HEADERS=1 -DU_HIDE_OBSOLETE_UTF_OLD_H=1 -Wno-write-strings -D__STDC_LIMIT_MACROS -D__STDC_CONSTANT_MACROS -D__STDC_FORMAT_MACROS -DZEND_ENABLE_STATIC_TSRMLS_CACHE=1 -std=c++17 -DUNISTR_FROM_CHAR_EXPLICIT=explicit -DUNISTR_FROM_STRING_EXPLICIT=explicit -c /usr/src/php/ext/intl/dateformat/datepatterngenerator_class.cpp -MMD -MF dateformat/datepatterngenerator_class.dep -MT dateformat/datepatterngenerator_class.lo  -fPIC -DPIC -o dateformat/.libs/datepatterngenerator_class.o
#8 231.7 /bin/bash /usr/src/php/ext/intl/libtool --tag=CXX --mode=compile g++ -I. -I/usr/src/php/ext/intl -I/usr/local/include/php -I/usr/local/include/php/main -I/usr/local/include/php/TSRM -I/usr/local/include/php/Zend -I/usr/local/include/php/ext -I/usr/local/include/php/ext/date/lib  -fstack-protector-strong -fpic -fpie -O2 -D_LARGEFILE_SOURCE -D_FILE_OFFSET_BITS=64 -DHAVE_CONFIG_H  -g -O2    -DU_NO_DEFAULT_INCLUDE_UTF_HEADERS=1 -DU_HIDE_OBSOLETE_UTF_OLD_H=1 -Wno-write-strings -D__STDC_LIMIT_MACROS -D__STDC_CONSTANT_MACROS -D__STDC_FORMAT_MACROS -DZEND_ENABLE_STATIC_TSRMLS_CACHE=1 -std=c++17  -DUNISTR_FROM_CHAR_EXPLICIT=explicit -DUNISTR_FROM_STRING_EXPLICIT=explicit -c /usr/src/php/ext/intl/dateformat/datepatterngenerator_methods.cpp -o dateformat/datepatterngenerator_methods.lo  -MMD -MF dateformat/datepatterngenerator_methods.dep -MT dateformat/datepatterngenerator_methods.lo
#8 232.0  g++ -I. -I/usr/src/php/ext/intl -I/usr/local/include/php -I/usr/local/include/php/main -I/usr/local/include/php/TSRM -I/usr/local/include/php/Zend -I/usr/local/include/php/ext -I/usr/local/include/php/ext/date/lib -fstack-protector-strong -fpic -fpie -O2 -D_LARGEFILE_SOURCE -D_FILE_OFFSET_BITS=64 -DHAVE_CONFIG_H -g -O2 -DU_NO_DEFAULT_INCLUDE_UTF_HEADERS=1 -DU_HIDE_OBSOLETE_UTF_OLD_H=1 -Wno-write-strings -D__STDC_LIMIT_MACROS -D__STDC_CONSTANT_MACROS -D__STDC_FORMAT_MACROS -DZEND_ENABLE_STATIC_TSRMLS_CACHE=1 -std=c++17 -DUNISTR_FROM_CHAR_EXPLICIT=explicit -DUNISTR_FROM_STRING_EXPLICIT=explicit -c /usr/src/php/ext/intl/dateformat/datepatterngenerator_methods.cpp -MMD -MF dateformat/datepatterngenerator_methods.dep -MT dateformat/datepatterngenerator_methods.lo  -fPIC -DPIC -o dateformat/.libs/datepatterngenerator_methods.o
#8 233.4 /bin/bash /usr/src/php/ext/intl/libtool --tag=CXX --mode=compile g++ -I. -I/usr/src/php/ext/intl -I/usr/local/include/php -I/usr/local/include/php/main -I/usr/local/include/php/TSRM -I/usr/local/include/php/Zend -I/usr/local/include/php/ext -I/usr/local/include/php/ext/date/lib  -fstack-protector-strong -fpic -fpie -O2 -D_LARGEFILE_SOURCE -D_FILE_OFFSET_BITS=64 -DHAVE_CONFIG_H  -g -O2    -DU_NO_DEFAULT_INCLUDE_UTF_HEADERS=1 -DU_HIDE_OBSOLETE_UTF_OLD_H=1 -Wno-write-strings -D__STDC_LIMIT_MACROS -D__STDC_CONSTANT_MACROS -D__STDC_FORMAT_MACROS -DZEND_ENABLE_STATIC_TSRMLS_CACHE=1 -std=c++17  -DUNISTR_FROM_CHAR_EXPLICIT=explicit -DUNISTR_FROM_STRING_EXPLICIT=explicit -c /usr/src/php/ext/intl/msgformat/msgformat_helpers.cpp -o msgformat/msgformat_helpers.lo  -MMD -MF msgformat/msgformat_helpers.dep -MT msgformat/msgformat_helpers.lo
#8 233.8 mkdir msgformat/.libs
#8 233.8  g++ -I. -I/usr/src/php/ext/intl -I/usr/local/include/php -I/usr/local/include/php/main -I/usr/local/include/php/TSRM -I/usr/local/include/php/Zend -I/usr/local/include/php/ext -I/usr/local/include/php/ext/date/lib -fstack-protector-strong -fpic -fpie -O2 -D_LARGEFILE_SOURCE -D_FILE_OFFSET_BITS=64 -DHAVE_CONFIG_H -g -O2 -DU_NO_DEFAULT_INCLUDE_UTF_HEADERS=1 -DU_HIDE_OBSOLETE_UTF_OLD_H=1 -Wno-write-strings -D__STDC_LIMIT_MACROS -D__STDC_CONSTANT_MACROS -D__STDC_FORMAT_MACROS -DZEND_ENABLE_STATIC_TSRMLS_CACHE=1 -std=c++17 -DUNISTR_FROM_CHAR_EXPLICIT=explicit -DUNISTR_FROM_STRING_EXPLICIT=explicit -c /usr/src/php/ext/intl/msgformat/msgformat_helpers.cpp -MMD -MF msgformat/msgformat_helpers.dep -MT msgformat/msgformat_helpers.lo  -fPIC -DPIC -o msgformat/.libs/msgformat_helpers.o
#8 237.0 /bin/bash /usr/src/php/ext/intl/libtool --tag=CXX --mode=compile g++ -I. -I/usr/src/php/ext/intl -I/usr/local/include/php -I/usr/local/include/php/main -I/usr/local/include/php/TSRM -I/usr/local/include/php/Zend -I/usr/local/include/php/ext -I/usr/local/include/php/ext/date/lib  -fstack-protector-strong -fpic -fpie -O2 -D_LARGEFILE_SOURCE -D_FILE_OFFSET_BITS=64 -DHAVE_CONFIG_H  -g -O2    -DU_NO_DEFAULT_INCLUDE_UTF_HEADERS=1 -DU_HIDE_OBSOLETE_UTF_OLD_H=1 -Wno-write-strings -D__STDC_LIMIT_MACROS -D__STDC_CONSTANT_MACROS -D__STDC_FORMAT_MACROS -DZEND_ENABLE_STATIC_TSRMLS_CACHE=1 -std=c++17  -DUNISTR_FROM_CHAR_EXPLICIT=explicit -DUNISTR_FROM_STRING_EXPLICIT=explicit -c /usr/src/php/ext/intl/timezone/timezone_class.cpp -o timezone/timezone_class.lo  -MMD -MF timezone/timezone_class.dep -MT timezone/timezone_class.lo
#8 237.4 mkdir timezone/.libs
#8 237.5  g++ -I. -I/usr/src/php/ext/intl -I/usr/local/include/php -I/usr/local/include/php/main -I/usr/local/include/php/TSRM -I/usr/local/include/php/Zend -I/usr/local/include/php/ext -I/usr/local/include/php/ext/date/lib -fstack-protector-strong -fpic -fpie -O2 -D_LARGEFILE_SOURCE -D_FILE_OFFSET_BITS=64 -DHAVE_CONFIG_H -g -O2 -DU_NO_DEFAULT_INCLUDE_UTF_HEADERS=1 -DU_HIDE_OBSOLETE_UTF_OLD_H=1 -Wno-write-strings -D__STDC_LIMIT_MACROS -D__STDC_CONSTANT_MACROS -D__STDC_FORMAT_MACROS -DZEND_ENABLE_STATIC_TSRMLS_CACHE=1 -std=c++17 -DUNISTR_FROM_CHAR_EXPLICIT=explicit -DUNISTR_FROM_STRING_EXPLICIT=explicit -c /usr/src/php/ext/intl/timezone/timezone_class.cpp -MMD -MF timezone/timezone_class.dep -MT timezone/timezone_class.lo  -fPIC -DPIC -o timezone/.libs/timezone_class.o
#8 239.7 /bin/bash /usr/src/php/ext/intl/libtool --tag=CXX --mode=compile g++ -I. -I/usr/src/php/ext/intl -I/usr/local/include/php -I/usr/local/include/php/main -I/usr/local/include/php/TSRM -I/usr/local/include/php/Zend -I/usr/local/include/php/ext -I/usr/local/include/php/ext/date/lib  -fstack-protector-strong -fpic -fpie -O2 -D_LARGEFILE_SOURCE -D_FILE_OFFSET_BITS=64 -DHAVE_CONFIG_H  -g -O2    -DU_NO_DEFAULT_INCLUDE_UTF_HEADERS=1 -DU_HIDE_OBSOLETE_UTF_OLD_H=1 -Wno-write-strings -D__STDC_LIMIT_MACROS -D__STDC_CONSTANT_MACROS -D__STDC_FORMAT_MACROS -DZEND_ENABLE_STATIC_TSRMLS_CACHE=1 -std=c++17  -DUNISTR_FROM_CHAR_EXPLICIT=explicit -DUNISTR_FROM_STRING_EXPLICIT=explicit -c /usr/src/php/ext/intl/timezone/timezone_methods.cpp -o timezone/timezone_methods.lo  -MMD -MF timezone/timezone_methods.dep -MT timezone/timezone_methods.lo
#8 240.2  g++ -I. -I/usr/src/php/ext/intl -I/usr/local/include/php -I/usr/local/include/php/main -I/usr/local/include/php/TSRM -I/usr/local/include/php/Zend -I/usr/local/include/php/ext -I/usr/local/include/php/ext/date/lib -fstack-protector-strong -fpic -fpie -O2 -D_LARGEFILE_SOURCE -D_FILE_OFFSET_BITS=64 -DHAVE_CONFIG_H -g -O2 -DU_NO_DEFAULT_INCLUDE_UTF_HEADERS=1 -DU_HIDE_OBSOLETE_UTF_OLD_H=1 -Wno-write-strings -D__STDC_LIMIT_MACROS -D__STDC_CONSTANT_MACROS -D__STDC_FORMAT_MACROS -DZEND_ENABLE_STATIC_TSRMLS_CACHE=1 -std=c++17 -DUNISTR_FROM_CHAR_EXPLICIT=explicit -DUNISTR_FROM_STRING_EXPLICIT=explicit -c /usr/src/php/ext/intl/timezone/timezone_methods.cpp -MMD -MF timezone/timezone_methods.dep -MT timezone/timezone_methods.lo  -fPIC -DPIC -o timezone/.libs/timezone_methods.o
#8 242.2 /bin/bash /usr/src/php/ext/intl/libtool --tag=CXX --mode=compile g++ -I. -I/usr/src/php/ext/intl -I/usr/local/include/php -I/usr/local/include/php/main -I/usr/local/include/php/TSRM -I/usr/local/include/php/Zend -I/usr/local/include/php/ext -I/usr/local/include/php/ext/date/lib  -fstack-protector-strong -fpic -fpie -O2 -D_LARGEFILE_SOURCE -D_FILE_OFFSET_BITS=64 -DHAVE_CONFIG_H  -g -O2    -DU_NO_DEFAULT_INCLUDE_UTF_HEADERS=1 -DU_HIDE_OBSOLETE_UTF_OLD_H=1 -Wno-write-strings -D__STDC_LIMIT_MACROS -D__STDC_CONSTANT_MACROS -D__STDC_FORMAT_MACROS -DZEND_ENABLE_STATIC_TSRMLS_CACHE=1 -std=c++17  -DUNISTR_FROM_CHAR_EXPLICIT=explicit -DUNISTR_FROM_STRING_EXPLICIT=explicit -c /usr/src/php/ext/intl/calendar/calendar_class.cpp -o calendar/calendar_class.lo  -MMD -MF calendar/calendar_class.dep -MT calendar/calendar_class.lo
#8 242.6 mkdir calendar/.libs
#8 242.6  g++ -I. -I/usr/src/php/ext/intl -I/usr/local/include/php -I/usr/local/include/php/main -I/usr/local/include/php/TSRM -I/usr/local/include/php/Zend -I/usr/local/include/php/ext -I/usr/local/include/php/ext/date/lib -fstack-protector-strong -fpic -fpie -O2 -D_LARGEFILE_SOURCE -D_FILE_OFFSET_BITS=64 -DHAVE_CONFIG_H -g -O2 -DU_NO_DEFAULT_INCLUDE_UTF_HEADERS=1 -DU_HIDE_OBSOLETE_UTF_OLD_H=1 -Wno-write-strings -D__STDC_LIMIT_MACROS -D__STDC_CONSTANT_MACROS -D__STDC_FORMAT_MACROS -DZEND_ENABLE_STATIC_TSRMLS_CACHE=1 -std=c++17 -DUNISTR_FROM_CHAR_EXPLICIT=explicit -DUNISTR_FROM_STRING_EXPLICIT=explicit -c /usr/src/php/ext/intl/calendar/calendar_class.cpp -MMD -MF calendar/calendar_class.dep -MT calendar/calendar_class.lo  -fPIC -DPIC -o calendar/.libs/calendar_class.o
#8 244.3 /bin/bash /usr/src/php/ext/intl/libtool --tag=CXX --mode=compile g++ -I. -I/usr/src/php/ext/intl -I/usr/local/include/php -I/usr/local/include/php/main -I/usr/local/include/php/TSRM -I/usr/local/include/php/Zend -I/usr/local/include/php/ext -I/usr/local/include/php/ext/date/lib  -fstack-protector-strong -fpic -fpie -O2 -D_LARGEFILE_SOURCE -D_FILE_OFFSET_BITS=64 -DHAVE_CONFIG_H  -g -O2    -DU_NO_DEFAULT_INCLUDE_UTF_HEADERS=1 -DU_HIDE_OBSOLETE_UTF_OLD_H=1 -Wno-write-strings -D__STDC_LIMIT_MACROS -D__STDC_CONSTANT_MACROS -D__STDC_FORMAT_MACROS -DZEND_ENABLE_STATIC_TSRMLS_CACHE=1 -std=c++17  -DUNISTR_FROM_CHAR_EXPLICIT=explicit -DUNISTR_FROM_STRING_EXPLICIT=explicit -c /usr/src/php/ext/intl/calendar/calendar_methods.cpp -o calendar/calendar_methods.lo  -MMD -MF calendar/calendar_methods.dep -MT calendar/calendar_methods.lo
#8 244.7  g++ -I. -I/usr/src/php/ext/intl -I/usr/local/include/php -I/usr/local/include/php/main -I/usr/local/include/php/TSRM -I/usr/local/include/php/Zend -I/usr/local/include/php/ext -I/usr/local/include/php/ext/date/lib -fstack-protector-strong -fpic -fpie -O2 -D_LARGEFILE_SOURCE -D_FILE_OFFSET_BITS=64 -DHAVE_CONFIG_H -g -O2 -DU_NO_DEFAULT_INCLUDE_UTF_HEADERS=1 -DU_HIDE_OBSOLETE_UTF_OLD_H=1 -Wno-write-strings -D__STDC_LIMIT_MACROS -D__STDC_CONSTANT_MACROS -D__STDC_FORMAT_MACROS -DZEND_ENABLE_STATIC_TSRMLS_CACHE=1 -std=c++17 -DUNISTR_FROM_CHAR_EXPLICIT=explicit -DUNISTR_FROM_STRING_EXPLICIT=explicit -c /usr/src/php/ext/intl/calendar/calendar_methods.cpp -MMD -MF calendar/calendar_methods.dep -MT calendar/calendar_methods.lo  -fPIC -DPIC -o calendar/.libs/calendar_methods.o
#8 246.9 /bin/bash /usr/src/php/ext/intl/libtool --tag=CXX --mode=compile g++ -I. -I/usr/src/php/ext/intl -I/usr/local/include/php -I/usr/local/include/php/main -I/usr/local/include/php/TSRM -I/usr/local/include/php/Zend -I/usr/local/include/php/ext -I/usr/local/include/php/ext/date/lib  -fstack-protector-strong -fpic -fpie -O2 -D_LARGEFILE_SOURCE -D_FILE_OFFSET_BITS=64 -DHAVE_CONFIG_H  -g -O2    -DU_NO_DEFAULT_INCLUDE_UTF_HEADERS=1 -DU_HIDE_OBSOLETE_UTF_OLD_H=1 -Wno-write-strings -D__STDC_LIMIT_MACROS -D__STDC_CONSTANT_MACROS -D__STDC_FORMAT_MACROS -DZEND_ENABLE_STATIC_TSRMLS_CACHE=1 -std=c++17  -DUNISTR_FROM_CHAR_EXPLICIT=explicit -DUNISTR_FROM_STRING_EXPLICIT=explicit -c /usr/src/php/ext/intl/calendar/gregoriancalendar_methods.cpp -o calendar/gregoriancalendar_methods.lo  -MMD -MF calendar/gregoriancalendar_methods.dep -MT calendar/gregoriancalendar_methods.lo
#8 247.2  g++ -I. -I/usr/src/php/ext/intl -I/usr/local/include/php -I/usr/local/include/php/main -I/usr/local/include/php/TSRM -I/usr/local/include/php/Zend -I/usr/local/include/php/ext -I/usr/local/include/php/ext/date/lib -fstack-protector-strong -fpic -fpie -O2 -D_LARGEFILE_SOURCE -D_FILE_OFFSET_BITS=64 -DHAVE_CONFIG_H -g -O2 -DU_NO_DEFAULT_INCLUDE_UTF_HEADERS=1 -DU_HIDE_OBSOLETE_UTF_OLD_H=1 -Wno-write-strings -D__STDC_LIMIT_MACROS -D__STDC_CONSTANT_MACROS -D__STDC_FORMAT_MACROS -DZEND_ENABLE_STATIC_TSRMLS_CACHE=1 -std=c++17 -DUNISTR_FROM_CHAR_EXPLICIT=explicit -DUNISTR_FROM_STRING_EXPLICIT=explicit -c /usr/src/php/ext/intl/calendar/gregoriancalendar_methods.cpp -MMD -MF calendar/gregoriancalendar_methods.dep -MT calendar/gregoriancalendar_methods.lo  -fPIC -DPIC -o calendar/.libs/gregoriancalendar_methods.o
#8 248.7 /bin/bash /usr/src/php/ext/intl/libtool --tag=CXX --mode=compile g++ -I. -I/usr/src/php/ext/intl -I/usr/local/include/php -I/usr/local/include/php/main -I/usr/local/include/php/TSRM -I/usr/local/include/php/Zend -I/usr/local/include/php/ext -I/usr/local/include/php/ext/date/lib  -fstack-protector-strong -fpic -fpie -O2 -D_LARGEFILE_SOURCE -D_FILE_OFFSET_BITS=64 -DHAVE_CONFIG_H  -g -O2    -DU_NO_DEFAULT_INCLUDE_UTF_HEADERS=1 -DU_HIDE_OBSOLETE_UTF_OLD_H=1 -Wno-write-strings -D__STDC_LIMIT_MACROS -D__STDC_CONSTANT_MACROS -D__STDC_FORMAT_MACROS -DZEND_ENABLE_STATIC_TSRMLS_CACHE=1 -std=c++17  -DUNISTR_FROM_CHAR_EXPLICIT=explicit -DUNISTR_FROM_STRING_EXPLICIT=explicit -c /usr/src/php/ext/intl/msgformat/msgformat_attr.cpp -o msgformat/msgformat_attr.lo  -MMD -MF msgformat/msgformat_attr.dep -MT msgformat/msgformat_attr.lo
#8 249.1  g++ -I. -I/usr/src/php/ext/intl -I/usr/local/include/php -I/usr/local/include/php/main -I/usr/local/include/php/TSRM -I/usr/local/include/php/Zend -I/usr/local/include/php/ext -I/usr/local/include/php/ext/date/lib -fstack-protector-strong -fpic -fpie -O2 -D_LARGEFILE_SOURCE -D_FILE_OFFSET_BITS=64 -DHAVE_CONFIG_H -g -O2 -DU_NO_DEFAULT_INCLUDE_UTF_HEADERS=1 -DU_HIDE_OBSOLETE_UTF_OLD_H=1 -Wno-write-strings -D__STDC_LIMIT_MACROS -D__STDC_CONSTANT_MACROS -D__STDC_FORMAT_MACROS -DZEND_ENABLE_STATIC_TSRMLS_CACHE=1 -std=c++17 -DUNISTR_FROM_CHAR_EXPLICIT=explicit -DUNISTR_FROM_STRING_EXPLICIT=explicit -c /usr/src/php/ext/intl/msgformat/msgformat_attr.cpp -MMD -MF msgformat/msgformat_attr.dep -MT msgformat/msgformat_attr.lo  -fPIC -DPIC -o msgformat/.libs/msgformat_attr.o
#8 249.9 /bin/bash /usr/src/php/ext/intl/libtool --tag=CXX --mode=compile g++ -I. -I/usr/src/php/ext/intl -I/usr/local/include/php -I/usr/local/include/php/main -I/usr/local/include/php/TSRM -I/usr/local/include/php/Zend -I/usr/local/include/php/ext -I/usr/local/include/php/ext/date/lib  -fstack-protector-strong -fpic -fpie -O2 -D_LARGEFILE_SOURCE -D_FILE_OFFSET_BITS=64 -DHAVE_CONFIG_H  -g -O2    -DU_NO_DEFAULT_INCLUDE_UTF_HEADERS=1 -DU_HIDE_OBSOLETE_UTF_OLD_H=1 -Wno-write-strings -D__STDC_LIMIT_MACROS -D__STDC_CONSTANT_MACROS -D__STDC_FORMAT_MACROS -DZEND_ENABLE_STATIC_TSRMLS_CACHE=1 -std=c++17  -DUNISTR_FROM_CHAR_EXPLICIT=explicit -DUNISTR_FROM_STRING_EXPLICIT=explicit -c /usr/src/php/ext/intl/msgformat/msgformat_class.cpp -o msgformat/msgformat_class.lo  -MMD -MF msgformat/msgformat_class.dep -MT msgformat/msgformat_class.lo
#8 250.2  g++ -I. -I/usr/src/php/ext/intl -I/usr/local/include/php -I/usr/local/include/php/main -I/usr/local/include/php/TSRM -I/usr/local/include/php/Zend -I/usr/local/include/php/ext -I/usr/local/include/php/ext/date/lib -fstack-protector-strong -fpic -fpie -O2 -D_LARGEFILE_SOURCE -D_FILE_OFFSET_BITS=64 -DHAVE_CONFIG_H -g -O2 -DU_NO_DEFAULT_INCLUDE_UTF_HEADERS=1 -DU_HIDE_OBSOLETE_UTF_OLD_H=1 -Wno-write-strings -D__STDC_LIMIT_MACROS -D__STDC_CONSTANT_MACROS -D__STDC_FORMAT_MACROS -DZEND_ENABLE_STATIC_TSRMLS_CACHE=1 -std=c++17 -DUNISTR_FROM_CHAR_EXPLICIT=explicit -DUNISTR_FROM_STRING_EXPLICIT=explicit -c /usr/src/php/ext/intl/msgformat/msgformat_class.cpp -MMD -MF msgformat/msgformat_class.dep -MT msgformat/msgformat_class.lo  -fPIC -DPIC -o msgformat/.libs/msgformat_class.o
#8 251.1 /bin/bash /usr/src/php/ext/intl/libtool --tag=CXX --mode=compile g++ -I. -I/usr/src/php/ext/intl -I/usr/local/include/php -I/usr/local/include/php/main -I/usr/local/include/php/TSRM -I/usr/local/include/php/Zend -I/usr/local/include/php/ext -I/usr/local/include/php/ext/date/lib  -fstack-protector-strong -fpic -fpie -O2 -D_LARGEFILE_SOURCE -D_FILE_OFFSET_BITS=64 -DHAVE_CONFIG_H  -g -O2    -DU_NO_DEFAULT_INCLUDE_UTF_HEADERS=1 -DU_HIDE_OBSOLETE_UTF_OLD_H=1 -Wno-write-strings -D__STDC_LIMIT_MACROS -D__STDC_CONSTANT_MACROS -D__STDC_FORMAT_MACROS -DZEND_ENABLE_STATIC_TSRMLS_CACHE=1 -std=c++17  -DUNISTR_FROM_CHAR_EXPLICIT=explicit -DUNISTR_FROM_STRING_EXPLICIT=explicit -c /usr/src/php/ext/intl/msgformat/msgformat_data.cpp -o msgformat/msgformat_data.lo  -MMD -MF msgformat/msgformat_data.dep -MT msgformat/msgformat_data.lo
#8 251.5  g++ -I. -I/usr/src/php/ext/intl -I/usr/local/include/php -I/usr/local/include/php/main -I/usr/local/include/php/TSRM -I/usr/local/include/php/Zend -I/usr/local/include/php/ext -I/usr/local/include/php/ext/date/lib -fstack-protector-strong -fpic -fpie -O2 -D_LARGEFILE_SOURCE -D_FILE_OFFSET_BITS=64 -DHAVE_CONFIG_H -g -O2 -DU_NO_DEFAULT_INCLUDE_UTF_HEADERS=1 -DU_HIDE_OBSOLETE_UTF_OLD_H=1 -Wno-write-strings -D__STDC_LIMIT_MACROS -D__STDC_CONSTANT_MACROS -D__STDC_FORMAT_MACROS -DZEND_ENABLE_STATIC_TSRMLS_CACHE=1 -std=c++17 -DUNISTR_FROM_CHAR_EXPLICIT=explicit -DUNISTR_FROM_STRING_EXPLICIT=explicit -c /usr/src/php/ext/intl/msgformat/msgformat_data.cpp -MMD -MF msgformat/msgformat_data.dep -MT msgformat/msgformat_data.lo  -fPIC -DPIC -o msgformat/.libs/msgformat_data.o
#8 252.4 /bin/bash /usr/src/php/ext/intl/libtool --tag=CXX --mode=compile g++ -I. -I/usr/src/php/ext/intl -I/usr/local/include/php -I/usr/local/include/php/main -I/usr/local/include/php/TSRM -I/usr/local/include/php/Zend -I/usr/local/include/php/ext -I/usr/local/include/php/ext/date/lib  -fstack-protector-strong -fpic -fpie -O2 -D_LARGEFILE_SOURCE -D_FILE_OFFSET_BITS=64 -DHAVE_CONFIG_H  -g -O2    -DU_NO_DEFAULT_INCLUDE_UTF_HEADERS=1 -DU_HIDE_OBSOLETE_UTF_OLD_H=1 -Wno-write-strings -D__STDC_LIMIT_MACROS -D__STDC_CONSTANT_MACROS -D__STDC_FORMAT_MACROS -DZEND_ENABLE_STATIC_TSRMLS_CACHE=1 -std=c++17  -DUNISTR_FROM_CHAR_EXPLICIT=explicit -DUNISTR_FROM_STRING_EXPLICIT=explicit -c /usr/src/php/ext/intl/msgformat/msgformat_format.cpp -o msgformat/msgformat_format.lo  -MMD -MF msgformat/msgformat_format.dep -MT msgformat/msgformat_format.lo
#8 252.8  g++ -I. -I/usr/src/php/ext/intl -I/usr/local/include/php -I/usr/local/include/php/main -I/usr/local/include/php/TSRM -I/usr/local/include/php/Zend -I/usr/local/include/php/ext -I/usr/local/include/php/ext/date/lib -fstack-protector-strong -fpic -fpie -O2 -D_LARGEFILE_SOURCE -D_FILE_OFFSET_BITS=64 -DHAVE_CONFIG_H -g -O2 -DU_NO_DEFAULT_INCLUDE_UTF_HEADERS=1 -DU_HIDE_OBSOLETE_UTF_OLD_H=1 -Wno-write-strings -D__STDC_LIMIT_MACROS -D__STDC_CONSTANT_MACROS -D__STDC_FORMAT_MACROS -DZEND_ENABLE_STATIC_TSRMLS_CACHE=1 -std=c++17 -DUNISTR_FROM_CHAR_EXPLICIT=explicit -DUNISTR_FROM_STRING_EXPLICIT=explicit -c /usr/src/php/ext/intl/msgformat/msgformat_format.cpp -MMD -MF msgformat/msgformat_format.dep -MT msgformat/msgformat_format.lo  -fPIC -DPIC -o msgformat/.libs/msgformat_format.o
#8 253.5 /bin/bash /usr/src/php/ext/intl/libtool --tag=CXX --mode=compile g++ -I. -I/usr/src/php/ext/intl -I/usr/local/include/php -I/usr/local/include/php/main -I/usr/local/include/php/TSRM -I/usr/local/include/php/Zend -I/usr/local/include/php/ext -I/usr/local/include/php/ext/date/lib  -fstack-protector-strong -fpic -fpie -O2 -D_LARGEFILE_SOURCE -D_FILE_OFFSET_BITS=64 -DHAVE_CONFIG_H  -g -O2    -DU_NO_DEFAULT_INCLUDE_UTF_HEADERS=1 -DU_HIDE_OBSOLETE_UTF_OLD_H=1 -Wno-write-strings -D__STDC_LIMIT_MACROS -D__STDC_CONSTANT_MACROS -D__STDC_FORMAT_MACROS -DZEND_ENABLE_STATIC_TSRMLS_CACHE=1 -std=c++17  -DUNISTR_FROM_CHAR_EXPLICIT=explicit -DUNISTR_FROM_STRING_EXPLICIT=explicit -c /usr/src/php/ext/intl/msgformat/msgformat_parse.cpp -o msgformat/msgformat_parse.lo  -MMD -MF msgformat/msgformat_parse.dep -MT msgformat/msgformat_parse.lo
#8 253.8  g++ -I. -I/usr/src/php/ext/intl -I/usr/local/include/php -I/usr/local/include/php/main -I/usr/local/include/php/TSRM -I/usr/local/include/php/Zend -I/usr/local/include/php/ext -I/usr/local/include/php/ext/date/lib -fstack-protector-strong -fpic -fpie -O2 -D_LARGEFILE_SOURCE -D_FILE_OFFSET_BITS=64 -DHAVE_CONFIG_H -g -O2 -DU_NO_DEFAULT_INCLUDE_UTF_HEADERS=1 -DU_HIDE_OBSOLETE_UTF_OLD_H=1 -Wno-write-strings -D__STDC_LIMIT_MACROS -D__STDC_CONSTANT_MACROS -D__STDC_FORMAT_MACROS -DZEND_ENABLE_STATIC_TSRMLS_CACHE=1 -std=c++17 -DUNISTR_FROM_CHAR_EXPLICIT=explicit -DUNISTR_FROM_STRING_EXPLICIT=explicit -c /usr/src/php/ext/intl/msgformat/msgformat_parse.cpp -MMD -MF msgformat/msgformat_parse.dep -MT msgformat/msgformat_parse.lo  -fPIC -DPIC -o msgformat/.libs/msgformat_parse.o
#8 254.6 /bin/bash /usr/src/php/ext/intl/libtool --tag=CXX --mode=compile g++ -I. -I/usr/src/php/ext/intl -I/usr/local/include/php -I/usr/local/include/php/main -I/usr/local/include/php/TSRM -I/usr/local/include/php/Zend -I/usr/local/include/php/ext -I/usr/local/include/php/ext/date/lib  -fstack-protector-strong -fpic -fpie -O2 -D_LARGEFILE_SOURCE -D_FILE_OFFSET_BITS=64 -DHAVE_CONFIG_H  -g -O2    -DU_NO_DEFAULT_INCLUDE_UTF_HEADERS=1 -DU_HIDE_OBSOLETE_UTF_OLD_H=1 -Wno-write-strings -D__STDC_LIMIT_MACROS -D__STDC_CONSTANT_MACROS -D__STDC_FORMAT_MACROS -DZEND_ENABLE_STATIC_TSRMLS_CACHE=1 -std=c++17  -DUNISTR_FROM_CHAR_EXPLICIT=explicit -DUNISTR_FROM_STRING_EXPLICIT=explicit -c /usr/src/php/ext/intl/msgformat/msgformat.cpp -o msgformat/msgformat.lo  -MMD -MF msgformat/msgformat.dep -MT msgformat/msgformat.lo
#8 255.0  g++ -I. -I/usr/src/php/ext/intl -I/usr/local/include/php -I/usr/local/include/php/main -I/usr/local/include/php/TSRM -I/usr/local/include/php/Zend -I/usr/local/include/php/ext -I/usr/local/include/php/ext/date/lib -fstack-protector-strong -fpic -fpie -O2 -D_LARGEFILE_SOURCE -D_FILE_OFFSET_BITS=64 -DHAVE_CONFIG_H -g -O2 -DU_NO_DEFAULT_INCLUDE_UTF_HEADERS=1 -DU_HIDE_OBSOLETE_UTF_OLD_H=1 -Wno-write-strings -D__STDC_LIMIT_MACROS -D__STDC_CONSTANT_MACROS -D__STDC_FORMAT_MACROS -DZEND_ENABLE_STATIC_TSRMLS_CACHE=1 -std=c++17 -DUNISTR_FROM_CHAR_EXPLICIT=explicit -DUNISTR_FROM_STRING_EXPLICIT=explicit -c /usr/src/php/ext/intl/msgformat/msgformat.cpp -MMD -MF msgformat/msgformat.dep -MT msgformat/msgformat.lo  -fPIC -DPIC -o msgformat/.libs/msgformat.o
#8 256.4 /bin/bash /usr/src/php/ext/intl/libtool --tag=CXX --mode=compile g++ -I. -I/usr/src/php/ext/intl -I/usr/local/include/php -I/usr/local/include/php/main -I/usr/local/include/php/TSRM -I/usr/local/include/php/Zend -I/usr/local/include/php/ext -I/usr/local/include/php/ext/date/lib  -fstack-protector-strong -fpic -fpie -O2 -D_LARGEFILE_SOURCE -D_FILE_OFFSET_BITS=64 -DHAVE_CONFIG_H  -g -O2    -DU_NO_DEFAULT_INCLUDE_UTF_HEADERS=1 -DU_HIDE_OBSOLETE_UTF_OLD_H=1 -Wno-write-strings -D__STDC_LIMIT_MACROS -D__STDC_CONSTANT_MACROS -D__STDC_FORMAT_MACROS -DZEND_ENABLE_STATIC_TSRMLS_CACHE=1 -std=c++17  -DUNISTR_FROM_CHAR_EXPLICIT=explicit -DUNISTR_FROM_STRING_EXPLICIT=explicit -c /usr/src/php/ext/intl/normalizer/normalizer_class.cpp -o normalizer/normalizer_class.lo  -MMD -MF normalizer/normalizer_class.dep -MT normalizer/normalizer_class.lo
#8 256.9 mkdir normalizer/.libs
#8 256.9  g++ -I. -I/usr/src/php/ext/intl -I/usr/local/include/php -I/usr/local/include/php/main -I/usr/local/include/php/TSRM -I/usr/local/include/php/Zend -I/usr/local/include/php/ext -I/usr/local/include/php/ext/date/lib -fstack-protector-strong -fpic -fpie -O2 -D_LARGEFILE_SOURCE -D_FILE_OFFSET_BITS=64 -DHAVE_CONFIG_H -g -O2 -DU_NO_DEFAULT_INCLUDE_UTF_HEADERS=1 -DU_HIDE_OBSOLETE_UTF_OLD_H=1 -Wno-write-strings -D__STDC_LIMIT_MACROS -D__STDC_CONSTANT_MACROS -D__STDC_FORMAT_MACROS -DZEND_ENABLE_STATIC_TSRMLS_CACHE=1 -std=c++17 -DUNISTR_FROM_CHAR_EXPLICIT=explicit -DUNISTR_FROM_STRING_EXPLICIT=explicit -c /usr/src/php/ext/intl/normalizer/normalizer_class.cpp -MMD -MF normalizer/normalizer_class.dep -MT normalizer/normalizer_class.lo  -fPIC -DPIC -o normalizer/.libs/normalizer_class.o
#8 258.2 /bin/bash /usr/src/php/ext/intl/libtool --tag=CXX --mode=compile g++ -I. -I/usr/src/php/ext/intl -I/usr/local/include/php -I/usr/local/include/php/main -I/usr/local/include/php/TSRM -I/usr/local/include/php/Zend -I/usr/local/include/php/ext -I/usr/local/include/php/ext/date/lib  -fstack-protector-strong -fpic -fpie -O2 -D_LARGEFILE_SOURCE -D_FILE_OFFSET_BITS=64 -DHAVE_CONFIG_H  -g -O2    -DU_NO_DEFAULT_INCLUDE_UTF_HEADERS=1 -DU_HIDE_OBSOLETE_UTF_OLD_H=1 -Wno-write-strings -D__STDC_LIMIT_MACROS -D__STDC_CONSTANT_MACROS -D__STDC_FORMAT_MACROS -DZEND_ENABLE_STATIC_TSRMLS_CACHE=1 -std=c++17  -DUNISTR_FROM_CHAR_EXPLICIT=explicit -DUNISTR_FROM_STRING_EXPLICIT=explicit -c /usr/src/php/ext/intl/normalizer/normalizer_normalize.cpp -o normalizer/normalizer_normalize.lo  -MMD -MF normalizer/normalizer_normalize.dep -MT normalizer/normalizer_normalize.lo
#8 258.6  g++ -I. -I/usr/src/php/ext/intl -I/usr/local/include/php -I/usr/local/include/php/main -I/usr/local/include/php/TSRM -I/usr/local/include/php/Zend -I/usr/local/include/php/ext -I/usr/local/include/php/ext/date/lib -fstack-protector-strong -fpic -fpie -O2 -D_LARGEFILE_SOURCE -D_FILE_OFFSET_BITS=64 -DHAVE_CONFIG_H -g -O2 -DU_NO_DEFAULT_INCLUDE_UTF_HEADERS=1 -DU_HIDE_OBSOLETE_UTF_OLD_H=1 -Wno-write-strings -D__STDC_LIMIT_MACROS -D__STDC_CONSTANT_MACROS -D__STDC_FORMAT_MACROS -DZEND_ENABLE_STATIC_TSRMLS_CACHE=1 -std=c++17 -DUNISTR_FROM_CHAR_EXPLICIT=explicit -DUNISTR_FROM_STRING_EXPLICIT=explicit -c /usr/src/php/ext/intl/normalizer/normalizer_normalize.cpp -MMD -MF normalizer/normalizer_normalize.dep -MT normalizer/normalizer_normalize.lo  -fPIC -DPIC -o normalizer/.libs/normalizer_normalize.o
#8 259.9 /bin/bash /usr/src/php/ext/intl/libtool --tag=CXX --mode=compile g++ -I. -I/usr/src/php/ext/intl -I/usr/local/include/php -I/usr/local/include/php/main -I/usr/local/include/php/TSRM -I/usr/local/include/php/Zend -I/usr/local/include/php/ext -I/usr/local/include/php/ext/date/lib  -fstack-protector-strong -fpic -fpie -O2 -D_LARGEFILE_SOURCE -D_FILE_OFFSET_BITS=64 -DHAVE_CONFIG_H  -g -O2    -DU_NO_DEFAULT_INCLUDE_UTF_HEADERS=1 -DU_HIDE_OBSOLETE_UTF_OLD_H=1 -Wno-write-strings -D__STDC_LIMIT_MACROS -D__STDC_CONSTANT_MACROS -D__STDC_FORMAT_MACROS -DZEND_ENABLE_STATIC_TSRMLS_CACHE=1 -std=c++17  -DUNISTR_FROM_CHAR_EXPLICIT=explicit -DUNISTR_FROM_STRING_EXPLICIT=explicit -c /usr/src/php/ext/intl/breakiterator/breakiterator_class.cpp -o breakiterator/breakiterator_class.lo  -MMD -MF breakiterator/breakiterator_class.dep -MT breakiterator/breakiterator_class.lo
#8 260.4 mkdir breakiterator/.libs
#8 260.4  g++ -I. -I/usr/src/php/ext/intl -I/usr/local/include/php -I/usr/local/include/php/main -I/usr/local/include/php/TSRM -I/usr/local/include/php/Zend -I/usr/local/include/php/ext -I/usr/local/include/php/ext/date/lib -fstack-protector-strong -fpic -fpie -O2 -D_LARGEFILE_SOURCE -D_FILE_OFFSET_BITS=64 -DHAVE_CONFIG_H -g -O2 -DU_NO_DEFAULT_INCLUDE_UTF_HEADERS=1 -DU_HIDE_OBSOLETE_UTF_OLD_H=1 -Wno-write-strings -D__STDC_LIMIT_MACROS -D__STDC_CONSTANT_MACROS -D__STDC_FORMAT_MACROS -DZEND_ENABLE_STATIC_TSRMLS_CACHE=1 -std=c++17 -DUNISTR_FROM_CHAR_EXPLICIT=explicit -DUNISTR_FROM_STRING_EXPLICIT=explicit -c /usr/src/php/ext/intl/breakiterator/breakiterator_class.cpp -MMD -MF breakiterator/breakiterator_class.dep -MT breakiterator/breakiterator_class.lo  -fPIC -DPIC -o breakiterator/.libs/breakiterator_class.o
#8 262.0 /bin/bash /usr/src/php/ext/intl/libtool --tag=CXX --mode=compile g++ -I. -I/usr/src/php/ext/intl -I/usr/local/include/php -I/usr/local/include/php/main -I/usr/local/include/php/TSRM -I/usr/local/include/php/Zend -I/usr/local/include/php/ext -I/usr/local/include/php/ext/date/lib  -fstack-protector-strong -fpic -fpie -O2 -D_LARGEFILE_SOURCE -D_FILE_OFFSET_BITS=64 -DHAVE_CONFIG_H  -g -O2    -DU_NO_DEFAULT_INCLUDE_UTF_HEADERS=1 -DU_HIDE_OBSOLETE_UTF_OLD_H=1 -Wno-write-strings -D__STDC_LIMIT_MACROS -D__STDC_CONSTANT_MACROS -D__STDC_FORMAT_MACROS -DZEND_ENABLE_STATIC_TSRMLS_CACHE=1 -std=c++17  -DUNISTR_FROM_CHAR_EXPLICIT=explicit -DUNISTR_FROM_STRING_EXPLICIT=explicit -c /usr/src/php/ext/intl/breakiterator/breakiterator_iterators.cpp -o breakiterator/breakiterator_iterators.lo  -MMD -MF breakiterator/breakiterator_iterators.dep -MT breakiterator/breakiterator_iterators.lo
#8 262.4  g++ -I. -I/usr/src/php/ext/intl -I/usr/local/include/php -I/usr/local/include/php/main -I/usr/local/include/php/TSRM -I/usr/local/include/php/Zend -I/usr/local/include/php/ext -I/usr/local/include/php/ext/date/lib -fstack-protector-strong -fpic -fpie -O2 -D_LARGEFILE_SOURCE -D_FILE_OFFSET_BITS=64 -DHAVE_CONFIG_H -g -O2 -DU_NO_DEFAULT_INCLUDE_UTF_HEADERS=1 -DU_HIDE_OBSOLETE_UTF_OLD_H=1 -Wno-write-strings -D__STDC_LIMIT_MACROS -D__STDC_CONSTANT_MACROS -D__STDC_FORMAT_MACROS -DZEND_ENABLE_STATIC_TSRMLS_CACHE=1 -std=c++17 -DUNISTR_FROM_CHAR_EXPLICIT=explicit -DUNISTR_FROM_STRING_EXPLICIT=explicit -c /usr/src/php/ext/intl/breakiterator/breakiterator_iterators.cpp -MMD -MF breakiterator/breakiterator_iterators.dep -MT breakiterator/breakiterator_iterators.lo  -fPIC -DPIC -o breakiterator/.libs/breakiterator_iterators.o
#8 263.7 /bin/bash /usr/src/php/ext/intl/libtool --tag=CXX --mode=compile g++ -I. -I/usr/src/php/ext/intl -I/usr/local/include/php -I/usr/local/include/php/main -I/usr/local/include/php/TSRM -I/usr/local/include/php/Zend -I/usr/local/include/php/ext -I/usr/local/include/php/ext/date/lib  -fstack-protector-strong -fpic -fpie -O2 -D_LARGEFILE_SOURCE -D_FILE_OFFSET_BITS=64 -DHAVE_CONFIG_H  -g -O2    -DU_NO_DEFAULT_INCLUDE_UTF_HEADERS=1 -DU_HIDE_OBSOLETE_UTF_OLD_H=1 -Wno-write-strings -D__STDC_LIMIT_MACROS -D__STDC_CONSTANT_MACROS -D__STDC_FORMAT_MACROS -DZEND_ENABLE_STATIC_TSRMLS_CACHE=1 -std=c++17  -DUNISTR_FROM_CHAR_EXPLICIT=explicit -DUNISTR_FROM_STRING_EXPLICIT=explicit -c /usr/src/php/ext/intl/breakiterator/breakiterator_methods.cpp -o breakiterator/breakiterator_methods.lo  -MMD -MF breakiterator/breakiterator_methods.dep -MT breakiterator/breakiterator_methods.lo
#8 264.1  g++ -I. -I/usr/src/php/ext/intl -I/usr/local/include/php -I/usr/local/include/php/main -I/usr/local/include/php/TSRM -I/usr/local/include/php/Zend -I/usr/local/include/php/ext -I/usr/local/include/php/ext/date/lib -fstack-protector-strong -fpic -fpie -O2 -D_LARGEFILE_SOURCE -D_FILE_OFFSET_BITS=64 -DHAVE_CONFIG_H -g -O2 -DU_NO_DEFAULT_INCLUDE_UTF_HEADERS=1 -DU_HIDE_OBSOLETE_UTF_OLD_H=1 -Wno-write-strings -D__STDC_LIMIT_MACROS -D__STDC_CONSTANT_MACROS -D__STDC_FORMAT_MACROS -DZEND_ENABLE_STATIC_TSRMLS_CACHE=1 -std=c++17 -DUNISTR_FROM_CHAR_EXPLICIT=explicit -DUNISTR_FROM_STRING_EXPLICIT=explicit -c /usr/src/php/ext/intl/breakiterator/breakiterator_methods.cpp -MMD -MF breakiterator/breakiterator_methods.dep -MT breakiterator/breakiterator_methods.lo  -fPIC -DPIC -o breakiterator/.libs/breakiterator_methods.o
#8 266.4 /bin/bash /usr/src/php/ext/intl/libtool --tag=CXX --mode=compile g++ -I. -I/usr/src/php/ext/intl -I/usr/local/include/php -I/usr/local/include/php/main -I/usr/local/include/php/TSRM -I/usr/local/include/php/Zend -I/usr/local/include/php/ext -I/usr/local/include/php/ext/date/lib  -fstack-protector-strong -fpic -fpie -O2 -D_LARGEFILE_SOURCE -D_FILE_OFFSET_BITS=64 -DHAVE_CONFIG_H  -g -O2    -DU_NO_DEFAULT_INCLUDE_UTF_HEADERS=1 -DU_HIDE_OBSOLETE_UTF_OLD_H=1 -Wno-write-strings -D__STDC_LIMIT_MACROS -D__STDC_CONSTANT_MACROS -D__STDC_FORMAT_MACROS -DZEND_ENABLE_STATIC_TSRMLS_CACHE=1 -std=c++17  -DUNISTR_FROM_CHAR_EXPLICIT=explicit -DUNISTR_FROM_STRING_EXPLICIT=explicit -c /usr/src/php/ext/intl/breakiterator/rulebasedbreakiterator_methods.cpp -o breakiterator/rulebasedbreakiterator_methods.lo  -MMD -MF breakiterator/rulebasedbreakiterator_methods.dep -MT breakiterator/rulebasedbreakiterator_methods.lo
#8 266.8  g++ -I. -I/usr/src/php/ext/intl -I/usr/local/include/php -I/usr/local/include/php/main -I/usr/local/include/php/TSRM -I/usr/local/include/php/Zend -I/usr/local/include/php/ext -I/usr/local/include/php/ext/date/lib -fstack-protector-strong -fpic -fpie -O2 -D_LARGEFILE_SOURCE -D_FILE_OFFSET_BITS=64 -DHAVE_CONFIG_H -g -O2 -DU_NO_DEFAULT_INCLUDE_UTF_HEADERS=1 -DU_HIDE_OBSOLETE_UTF_OLD_H=1 -Wno-write-strings -D__STDC_LIMIT_MACROS -D__STDC_CONSTANT_MACROS -D__STDC_FORMAT_MACROS -DZEND_ENABLE_STATIC_TSRMLS_CACHE=1 -std=c++17 -DUNISTR_FROM_CHAR_EXPLICIT=explicit -DUNISTR_FROM_STRING_EXPLICIT=explicit -c /usr/src/php/ext/intl/breakiterator/rulebasedbreakiterator_methods.cpp -MMD -MF breakiterator/rulebasedbreakiterator_methods.dep -MT breakiterator/rulebasedbreakiterator_methods.lo  -fPIC -DPIC -o breakiterator/.libs/rulebasedbreakiterator_methods.o
#8 268.3 /bin/bash /usr/src/php/ext/intl/libtool --tag=CXX --mode=compile g++ -I. -I/usr/src/php/ext/intl -I/usr/local/include/php -I/usr/local/include/php/main -I/usr/local/include/php/TSRM -I/usr/local/include/php/Zend -I/usr/local/include/php/ext -I/usr/local/include/php/ext/date/lib  -fstack-protector-strong -fpic -fpie -O2 -D_LARGEFILE_SOURCE -D_FILE_OFFSET_BITS=64 -DHAVE_CONFIG_H  -g -O2    -DU_NO_DEFAULT_INCLUDE_UTF_HEADERS=1 -DU_HIDE_OBSOLETE_UTF_OLD_H=1 -Wno-write-strings -D__STDC_LIMIT_MACROS -D__STDC_CONSTANT_MACROS -D__STDC_FORMAT_MACROS -DZEND_ENABLE_STATIC_TSRMLS_CACHE=1 -std=c++17  -DUNISTR_FROM_CHAR_EXPLICIT=explicit -DUNISTR_FROM_STRING_EXPLICIT=explicit -c /usr/src/php/ext/intl/breakiterator/codepointiterator_internal.cpp -o breakiterator/codepointiterator_internal.lo  -MMD -MF breakiterator/codepointiterator_internal.dep -MT breakiterator/codepointiterator_internal.lo
#8 268.6  g++ -I. -I/usr/src/php/ext/intl -I/usr/local/include/php -I/usr/local/include/php/main -I/usr/local/include/php/TSRM -I/usr/local/include/php/Zend -I/usr/local/include/php/ext -I/usr/local/include/php/ext/date/lib -fstack-protector-strong -fpic -fpie -O2 -D_LARGEFILE_SOURCE -D_FILE_OFFSET_BITS=64 -DHAVE_CONFIG_H -g -O2 -DU_NO_DEFAULT_INCLUDE_UTF_HEADERS=1 -DU_HIDE_OBSOLETE_UTF_OLD_H=1 -Wno-write-strings -D__STDC_LIMIT_MACROS -D__STDC_CONSTANT_MACROS -D__STDC_FORMAT_MACROS -DZEND_ENABLE_STATIC_TSRMLS_CACHE=1 -std=c++17 -DUNISTR_FROM_CHAR_EXPLICIT=explicit -DUNISTR_FROM_STRING_EXPLICIT=explicit -c /usr/src/php/ext/intl/breakiterator/codepointiterator_internal.cpp -MMD -MF breakiterator/codepointiterator_internal.dep -MT breakiterator/codepointiterator_internal.lo  -fPIC -DPIC -o breakiterator/.libs/codepointiterator_internal.o
#8 270.0 /bin/bash /usr/src/php/ext/intl/libtool --tag=CXX --mode=compile g++ -I. -I/usr/src/php/ext/intl -I/usr/local/include/php -I/usr/local/include/php/main -I/usr/local/include/php/TSRM -I/usr/local/include/php/Zend -I/usr/local/include/php/ext -I/usr/local/include/php/ext/date/lib  -fstack-protector-strong -fpic -fpie -O2 -D_LARGEFILE_SOURCE -D_FILE_OFFSET_BITS=64 -DHAVE_CONFIG_H  -g -O2    -DU_NO_DEFAULT_INCLUDE_UTF_HEADERS=1 -DU_HIDE_OBSOLETE_UTF_OLD_H=1 -Wno-write-strings -D__STDC_LIMIT_MACROS -D__STDC_CONSTANT_MACROS -D__STDC_FORMAT_MACROS -DZEND_ENABLE_STATIC_TSRMLS_CACHE=1 -std=c++17  -DUNISTR_FROM_CHAR_EXPLICIT=explicit -DUNISTR_FROM_STRING_EXPLICIT=explicit -c /usr/src/php/ext/intl/breakiterator/codepointiterator_methods.cpp -o breakiterator/codepointiterator_methods.lo  -MMD -MF breakiterator/codepointiterator_methods.dep -MT breakiterator/codepointiterator_methods.lo
#8 270.3  g++ -I. -I/usr/src/php/ext/intl -I/usr/local/include/php -I/usr/local/include/php/main -I/usr/local/include/php/TSRM -I/usr/local/include/php/Zend -I/usr/local/include/php/ext -I/usr/local/include/php/ext/date/lib -fstack-protector-strong -fpic -fpie -O2 -D_LARGEFILE_SOURCE -D_FILE_OFFSET_BITS=64 -DHAVE_CONFIG_H -g -O2 -DU_NO_DEFAULT_INCLUDE_UTF_HEADERS=1 -DU_HIDE_OBSOLETE_UTF_OLD_H=1 -Wno-write-strings -D__STDC_LIMIT_MACROS -D__STDC_CONSTANT_MACROS -D__STDC_FORMAT_MACROS -DZEND_ENABLE_STATIC_TSRMLS_CACHE=1 -std=c++17 -DUNISTR_FROM_CHAR_EXPLICIT=explicit -DUNISTR_FROM_STRING_EXPLICIT=explicit -c /usr/src/php/ext/intl/breakiterator/codepointiterator_methods.cpp -MMD -MF breakiterator/codepointiterator_methods.dep -MT breakiterator/codepointiterator_methods.lo  -fPIC -DPIC -o breakiterator/.libs/codepointiterator_methods.o
#8 271.5 /bin/bash /usr/src/php/ext/intl/libtool --tag=CXX --mode=compile g++ -I. -I/usr/src/php/ext/intl -I/usr/local/include/php -I/usr/local/include/php/main -I/usr/local/include/php/TSRM -I/usr/local/include/php/Zend -I/usr/local/include/php/ext -I/usr/local/include/php/ext/date/lib  -fstack-protector-strong -fpic -fpie -O2 -D_LARGEFILE_SOURCE -D_FILE_OFFSET_BITS=64 -DHAVE_CONFIG_H  -g -O2    -DU_NO_DEFAULT_INCLUDE_UTF_HEADERS=1 -DU_HIDE_OBSOLETE_UTF_OLD_H=1 -Wno-write-strings -D__STDC_LIMIT_MACROS -D__STDC_CONSTANT_MACROS -D__STDC_FORMAT_MACROS -DZEND_ENABLE_STATIC_TSRMLS_CACHE=1 -std=c++17  -DUNISTR_FROM_CHAR_EXPLICIT=explicit -DUNISTR_FROM_STRING_EXPLICIT=explicit -c /usr/src/php/ext/intl/idn/idn.cpp -o idn/idn.lo  -MMD -MF idn/idn.dep -MT idn/idn.lo
#8 272.0 mkdir idn/.libs
#8 272.0  g++ -I. -I/usr/src/php/ext/intl -I/usr/local/include/php -I/usr/local/include/php/main -I/usr/local/include/php/TSRM -I/usr/local/include/php/Zend -I/usr/local/include/php/ext -I/usr/local/include/php/ext/date/lib -fstack-protector-strong -fpic -fpie -O2 -D_LARGEFILE_SOURCE -D_FILE_OFFSET_BITS=64 -DHAVE_CONFIG_H -g -O2 -DU_NO_DEFAULT_INCLUDE_UTF_HEADERS=1 -DU_HIDE_OBSOLETE_UTF_OLD_H=1 -Wno-write-strings -D__STDC_LIMIT_MACROS -D__STDC_CONSTANT_MACROS -D__STDC_FORMAT_MACROS -DZEND_ENABLE_STATIC_TSRMLS_CACHE=1 -std=c++17 -DUNISTR_FROM_CHAR_EXPLICIT=explicit -DUNISTR_FROM_STRING_EXPLICIT=explicit -c /usr/src/php/ext/intl/idn/idn.cpp -MMD -MF idn/idn.dep -MT idn/idn.lo  -fPIC -DPIC -o idn/.libs/idn.o
#8 272.9 /bin/bash /usr/src/php/ext/intl/libtool --tag=CXX --mode=compile g++ -I. -I/usr/src/php/ext/intl -I/usr/local/include/php -I/usr/local/include/php/main -I/usr/local/include/php/TSRM -I/usr/local/include/php/Zend -I/usr/local/include/php/ext -I/usr/local/include/php/ext/date/lib  -fstack-protector-strong -fpic -fpie -O2 -D_LARGEFILE_SOURCE -D_FILE_OFFSET_BITS=64 -DHAVE_CONFIG_H  -g -O2    -DU_NO_DEFAULT_INCLUDE_UTF_HEADERS=1 -DU_HIDE_OBSOLETE_UTF_OLD_H=1 -Wno-write-strings -D__STDC_LIMIT_MACROS -D__STDC_CONSTANT_MACROS -D__STDC_FORMAT_MACROS -DZEND_ENABLE_STATIC_TSRMLS_CACHE=1 -std=c++17  -DUNISTR_FROM_CHAR_EXPLICIT=explicit -DUNISTR_FROM_STRING_EXPLICIT=explicit -c /usr/src/php/ext/intl/locale/locale_class.cpp -o locale/locale_class.lo  -MMD -MF locale/locale_class.dep -MT locale/locale_class.lo
#8 273.2 mkdir locale/.libs
#8 273.2  g++ -I. -I/usr/src/php/ext/intl -I/usr/local/include/php -I/usr/local/include/php/main -I/usr/local/include/php/TSRM -I/usr/local/include/php/Zend -I/usr/local/include/php/ext -I/usr/local/include/php/ext/date/lib -fstack-protector-strong -fpic -fpie -O2 -D_LARGEFILE_SOURCE -D_FILE_OFFSET_BITS=64 -DHAVE_CONFIG_H -g -O2 -DU_NO_DEFAULT_INCLUDE_UTF_HEADERS=1 -DU_HIDE_OBSOLETE_UTF_OLD_H=1 -Wno-write-strings -D__STDC_LIMIT_MACROS -D__STDC_CONSTANT_MACROS -D__STDC_FORMAT_MACROS -DZEND_ENABLE_STATIC_TSRMLS_CACHE=1 -std=c++17 -DUNISTR_FROM_CHAR_EXPLICIT=explicit -DUNISTR_FROM_STRING_EXPLICIT=explicit -c /usr/src/php/ext/intl/locale/locale_class.cpp -MMD -MF locale/locale_class.dep -MT locale/locale_class.lo  -fPIC -DPIC -o locale/.libs/locale_class.o
#8 274.2 /bin/bash /usr/src/php/ext/intl/libtool --tag=CXX --mode=compile g++ -I. -I/usr/src/php/ext/intl -I/usr/local/include/php -I/usr/local/include/php/main -I/usr/local/include/php/TSRM -I/usr/local/include/php/Zend -I/usr/local/include/php/ext -I/usr/local/include/php/ext/date/lib  -fstack-protector-strong -fpic -fpie -O2 -D_LARGEFILE_SOURCE -D_FILE_OFFSET_BITS=64 -DHAVE_CONFIG_H  -g -O2    -DU_NO_DEFAULT_INCLUDE_UTF_HEADERS=1 -DU_HIDE_OBSOLETE_UTF_OLD_H=1 -Wno-write-strings -D__STDC_LIMIT_MACROS -D__STDC_CONSTANT_MACROS -D__STDC_FORMAT_MACROS -DZEND_ENABLE_STATIC_TSRMLS_CACHE=1 -std=c++17  -DUNISTR_FROM_CHAR_EXPLICIT=explicit -DUNISTR_FROM_STRING_EXPLICIT=explicit -c /usr/src/php/ext/intl/locale/locale_methods.cpp -o locale/locale_methods.lo  -MMD -MF locale/locale_methods.dep -MT locale/locale_methods.lo
#8 274.6  g++ -I. -I/usr/src/php/ext/intl -I/usr/local/include/php -I/usr/local/include/php/main -I/usr/local/include/php/TSRM -I/usr/local/include/php/Zend -I/usr/local/include/php/ext -I/usr/local/include/php/ext/date/lib -fstack-protector-strong -fpic -fpie -O2 -D_LARGEFILE_SOURCE -D_FILE_OFFSET_BITS=64 -DHAVE_CONFIG_H -g -O2 -DU_NO_DEFAULT_INCLUDE_UTF_HEADERS=1 -DU_HIDE_OBSOLETE_UTF_OLD_H=1 -Wno-write-strings -D__STDC_LIMIT_MACROS -D__STDC_CONSTANT_MACROS -D__STDC_FORMAT_MACROS -DZEND_ENABLE_STATIC_TSRMLS_CACHE=1 -std=c++17 -DUNISTR_FROM_CHAR_EXPLICIT=explicit -DUNISTR_FROM_STRING_EXPLICIT=explicit -c /usr/src/php/ext/intl/locale/locale_methods.cpp -MMD -MF locale/locale_methods.dep -MT locale/locale_methods.lo  -fPIC -DPIC -o locale/.libs/locale_methods.o
#8 277.4 /bin/bash /usr/src/php/ext/intl/libtool --tag=CXX --mode=compile g++ -I. -I/usr/src/php/ext/intl -I/usr/local/include/php -I/usr/local/include/php/main -I/usr/local/include/php/TSRM -I/usr/local/include/php/Zend -I/usr/local/include/php/ext -I/usr/local/include/php/ext/date/lib  -fstack-protector-strong -fpic -fpie -O2 -D_LARGEFILE_SOURCE -D_FILE_OFFSET_BITS=64 -DHAVE_CONFIG_H  -g -O2    -DU_NO_DEFAULT_INCLUDE_UTF_HEADERS=1 -DU_HIDE_OBSOLETE_UTF_OLD_H=1 -Wno-write-strings -D__STDC_LIMIT_MACROS -D__STDC_CONSTANT_MACROS -D__STDC_FORMAT_MACROS -DZEND_ENABLE_STATIC_TSRMLS_CACHE=1 -std=c++17  -DUNISTR_FROM_CHAR_EXPLICIT=explicit -DUNISTR_FROM_STRING_EXPLICIT=explicit -c /usr/src/php/ext/intl/locale/locale.cpp -o locale/locale.lo  -MMD -MF locale/locale.dep -MT locale/locale.lo
#8 277.8  g++ -I. -I/usr/src/php/ext/intl -I/usr/local/include/php -I/usr/local/include/php/main -I/usr/local/include/php/TSRM -I/usr/local/include/php/Zend -I/usr/local/include/php/ext -I/usr/local/include/php/ext/date/lib -fstack-protector-strong -fpic -fpie -O2 -D_LARGEFILE_SOURCE -D_FILE_OFFSET_BITS=64 -DHAVE_CONFIG_H -g -O2 -DU_NO_DEFAULT_INCLUDE_UTF_HEADERS=1 -DU_HIDE_OBSOLETE_UTF_OLD_H=1 -Wno-write-strings -D__STDC_LIMIT_MACROS -D__STDC_CONSTANT_MACROS -D__STDC_FORMAT_MACROS -DZEND_ENABLE_STATIC_TSRMLS_CACHE=1 -std=c++17 -DUNISTR_FROM_CHAR_EXPLICIT=explicit -DUNISTR_FROM_STRING_EXPLICIT=explicit -c /usr/src/php/ext/intl/locale/locale.cpp -MMD -MF locale/locale.dep -MT locale/locale.lo  -fPIC -DPIC -o locale/.libs/locale.o
#8 278.7 /bin/bash /usr/src/php/ext/intl/libtool --tag=CXX --mode=compile g++ -I. -I/usr/src/php/ext/intl -I/usr/local/include/php -I/usr/local/include/php/main -I/usr/local/include/php/TSRM -I/usr/local/include/php/Zend -I/usr/local/include/php/ext -I/usr/local/include/php/ext/date/lib  -fstack-protector-strong -fpic -fpie -O2 -D_LARGEFILE_SOURCE -D_FILE_OFFSET_BITS=64 -DHAVE_CONFIG_H  -g -O2    -DU_NO_DEFAULT_INCLUDE_UTF_HEADERS=1 -DU_HIDE_OBSOLETE_UTF_OLD_H=1 -Wno-write-strings -D__STDC_LIMIT_MACROS -D__STDC_CONSTANT_MACROS -D__STDC_FORMAT_MACROS -DZEND_ENABLE_STATIC_TSRMLS_CACHE=1 -std=c++17  -DUNISTR_FROM_CHAR_EXPLICIT=explicit -DUNISTR_FROM_STRING_EXPLICIT=explicit -c /usr/src/php/ext/intl/uchar/uchar.cpp -o uchar/uchar.lo  -MMD -MF uchar/uchar.dep -MT uchar/uchar.lo
#8 279.0 mkdir uchar/.libs
#8 279.1  g++ -I. -I/usr/src/php/ext/intl -I/usr/local/include/php -I/usr/local/include/php/main -I/usr/local/include/php/TSRM -I/usr/local/include/php/Zend -I/usr/local/include/php/ext -I/usr/local/include/php/ext/date/lib -fstack-protector-strong -fpic -fpie -O2 -D_LARGEFILE_SOURCE -D_FILE_OFFSET_BITS=64 -DHAVE_CONFIG_H -g -O2 -DU_NO_DEFAULT_INCLUDE_UTF_HEADERS=1 -DU_HIDE_OBSOLETE_UTF_OLD_H=1 -Wno-write-strings -D__STDC_LIMIT_MACROS -D__STDC_CONSTANT_MACROS -D__STDC_FORMAT_MACROS -DZEND_ENABLE_STATIC_TSRMLS_CACHE=1 -std=c++17 -DUNISTR_FROM_CHAR_EXPLICIT=explicit -DUNISTR_FROM_STRING_EXPLICIT=explicit -c /usr/src/php/ext/intl/uchar/uchar.cpp -MMD -MF uchar/uchar.dep -MT uchar/uchar.lo  -fPIC -DPIC -o uchar/.libs/uchar.o
#8 328.0 /bin/bash /usr/src/php/ext/intl/libtool --tag=CXX --mode=link g++ -shared -I/usr/local/include/php -I/usr/local/include/php/main -I/usr/local/include/php/TSRM -I/usr/local/include/php/Zend -I/usr/local/include/php/ext -I/usr/local/include/php/ext/date/lib  -fstack-protector-strong -fpic -fpie -O2 -D_LARGEFILE_SOURCE -D_FILE_OFFSET_BITS=64 -DHAVE_CONFIG_H  -fstack-protector-strong -fpic -fpie -O2 -D_LARGEFILE_SOURCE -D_FILE_OFFSET_BITS=64 -D_GNU_SOURCE  -Wl,-O1 -pie  -o intl.la -export-dynamic -avoid-version -prefer-pic -module -rpath /usr/src/php/ext/intl/modules  collator/collator_attr.lo collator/collator_class.lo collator/collator_compare.lo collator/collator_convert.lo collator/collator_create.lo collator/collator_error.lo collator/collator_is_numeric.lo collator/collator_locale.lo collator/collator_sort.lo common/common_error.lo converter/converter.lo dateformat/dateformat_attr.lo dateformat/dateformat_class.lo dateformat/dateformat_data.lo dateformat/dateformat_format.lo dateformat/dateformat_parse.lo dateformat/dateformat.lo formatter/formatter_attr.lo formatter/formatter_class.lo formatter/formatter_data.lo formatter/formatter_format.lo formatter/formatter_main.lo formatter/formatter_parse.lo grapheme/grapheme_string.lo grapheme/grapheme_util.lo intl_convert.lo intl_error.lo listformatter/listformatter_class.lo php_intl.lo resourcebundle/resourcebundle_class.lo resourcebundle/resourcebundle_iterator.lo resourcebundle/resourcebundle.lo spoofchecker/spoofchecker_class.lo spoofchecker/spoofchecker_create.lo spoofchecker/spoofchecker_main.lo transliterator/transliterator_class.lo transliterator/transliterator_methods.lo intl_convertcpp.lo common/common_enum.lo common/common_date.lo dateformat/dateformat_format_object.lo dateformat/dateformat_create.lo dateformat/dateformat_attrcpp.lo dateformat/dateformat_helpers.lo dateformat/datepatterngenerator_class.lo dateformat/datepatterngenerator_methods.lo msgformat/msgformat_helpers.lo timezone/timezone_class.lo timezone/timezone_methods.lo calendar/calendar_class.lo calendar/calendar_methods.lo calendar/gregoriancalendar_methods.lo msgformat/msgformat_attr.lo msgformat/msgformat_class.lo msgformat/msgformat_data.lo msgformat/msgformat_format.lo msgformat/msgformat_parse.lo msgformat/msgformat.lo normalizer/normalizer_class.lo normalizer/normalizer_normalize.lo breakiterator/breakiterator_class.lo breakiterator/breakiterator_iterators.lo breakiterator/breakiterator_methods.lo breakiterator/rulebasedbreakiterator_methods.lo breakiterator/codepointiterator_internal.lo breakiterator/codepointiterator_methods.lo idn/idn.lo locale/locale_class.lo locale/locale_methods.lo locale/locale.lo uchar/uchar.lo -licuio -licui18n -licuuc -licudata
#8 330.0 g++ -shared -nostdlib /usr/lib/gcc/x86_64-linux-gnu/14/../../../x86_64-linux-gnu/crti.o /usr/lib/gcc/x86_64-linux-gnu/14/crtbeginS.o  collator/.libs/collator_attr.o collator/.libs/collator_class.o collator/.libs/collator_compare.o collator/.libs/collator_convert.o collator/.libs/collator_create.o collator/.libs/collator_error.o collator/.libs/collator_is_numeric.o collator/.libs/collator_locale.o collator/.libs/collator_sort.o common/.libs/common_error.o converter/.libs/converter.o dateformat/.libs/dateformat_attr.o dateformat/.libs/dateformat_class.o dateformat/.libs/dateformat_data.o dateformat/.libs/dateformat_format.o dateformat/.libs/dateformat_parse.o dateformat/.libs/dateformat.o formatter/.libs/formatter_attr.o formatter/.libs/formatter_class.o formatter/.libs/formatter_data.o formatter/.libs/formatter_format.o formatter/.libs/formatter_main.o formatter/.libs/formatter_parse.o grapheme/.libs/grapheme_string.o grapheme/.libs/grapheme_util.o .libs/intl_convert.o .libs/intl_error.o listformatter/.libs/listformatter_class.o .libs/php_intl.o resourcebundle/.libs/resourcebundle_class.o resourcebundle/.libs/resourcebundle_iterator.o resourcebundle/.libs/resourcebundle.o spoofchecker/.libs/spoofchecker_class.o spoofchecker/.libs/spoofchecker_create.o spoofchecker/.libs/spoofchecker_main.o transliterator/.libs/transliterator_class.o transliterator/.libs/transliterator_methods.o .libs/intl_convertcpp.o common/.libs/common_enum.o common/.libs/common_date.o dateformat/.libs/dateformat_format_object.o dateformat/.libs/dateformat_create.o dateformat/.libs/dateformat_attrcpp.o dateformat/.libs/dateformat_helpers.o dateformat/.libs/datepatterngenerator_class.o dateformat/.libs/datepatterngenerator_methods.o msgformat/.libs/msgformat_helpers.o timezone/.libs/timezone_class.o timezone/.libs/timezone_methods.o calendar/.libs/calendar_class.o calendar/.libs/calendar_methods.o calendar/.libs/gregoriancalendar_methods.o msgformat/.libs/msgformat_attr.o msgformat/.libs/msgformat_class.o msgformat/.libs/msgformat_data.o msgformat/.libs/msgformat_format.o msgformat/.libs/msgformat_parse.o msgformat/.libs/msgformat.o normalizer/.libs/normalizer_class.o normalizer/.libs/normalizer_normalize.o breakiterator/.libs/breakiterator_class.o breakiterator/.libs/breakiterator_iterators.o breakiterator/.libs/breakiterator_methods.o breakiterator/.libs/rulebasedbreakiterator_methods.o breakiterator/.libs/codepointiterator_internal.o breakiterator/.libs/codepointiterator_methods.o idn/.libs/idn.o locale/.libs/locale_class.o locale/.libs/locale_methods.o locale/.libs/locale.o uchar/.libs/uchar.o  -licuio -licui18n -licuuc -licudata -L/usr/lib/gcc/x86_64-linux-gnu/14 -L/usr/lib/gcc/x86_64-linux-gnu/14/../../../x86_64-linux-gnu -L/usr/lib/gcc/x86_64-linux-gnu/14/../../../../lib -L/lib/x86_64-linux-gnu -L/lib/../lib -L/usr/lib/x86_64-linux-gnu -L/usr/lib/../lib -L/usr/lib/gcc/x86_64-linux-gnu/14/../../.. -lstdc++ -lm -lc -lgcc_s /usr/lib/gcc/x86_64-linux-gnu/14/crtendS.o /usr/lib/gcc/x86_64-linux-gnu/14/../../../x86_64-linux-gnu/crtn.o  -Wl,-O1 -Wl,-soname -Wl,intl.so -o .libs/intl.so
#8 330.8 creating intl.la
#8 330.9 (cd .libs && rm -f intl.la && ln -s ../intl.la intl.la)
#8 330.9 /bin/bash /usr/src/php/ext/intl/libtool --tag=CXX --mode=install cp ./intl.la /usr/src/php/ext/intl/modules
#8 331.0 cp ./.libs/intl.so /usr/src/php/ext/intl/modules/intl.so
#8 331.1 cp ./.libs/intl.lai /usr/src/php/ext/intl/modules/intl.la
#8 331.2 PATH="$PATH:/sbin" ldconfig -n /usr/src/php/ext/intl/modules
#8 331.2 ----------------------------------------------------------------------
#8 331.2 Libraries have been installed in:
#8 331.2    /usr/src/php/ext/intl/modules
#8 331.2 
#8 331.2 If you ever happen to want to link against installed libraries
#8 331.2 in a given directory, LIBDIR, you must either use libtool, and
#8 331.2 specify the full pathname of the library, or use the `-LLIBDIR'
#8 331.2 flag during linking and do at least one of the following:
#8 331.2    - add LIBDIR to the `LD_LIBRARY_PATH' environment variable
#8 331.2      during execution
#8 331.2    - add LIBDIR to the `LD_RUN_PATH' environment variable
#8 331.2      during linking
#8 331.2    - use the `-Wl,--rpath -Wl,LIBDIR' linker flag
#8 331.2    - have your system administrator add LIBDIR to `/etc/ld.so.conf'
#8 331.2 
#8 331.2 See any operating system documentation about shared libraries for
#8 331.2 more information, such as the ld(1) and ld.so(8) manual pages.
#8 331.2 ----------------------------------------------------------------------
#8 331.2 
#8 331.2 Build complete.
#8 331.2 Don't forget to run 'make test'.
#8 331.2 
#8 331.3 + strip --strip-all modules/intl.so
#8 331.4 Installing shared extensions:     /usr/local/lib/php/extensions/no-debug-non-zts-20250925/
#8 331.8 find . -name \*.gcno -o -name \*.gcda | xargs rm -f
#8 331.8 find . -name \*.lo -o -name \*.o -o -name \*.dep | xargs rm -f
#8 331.9 find . -name \*.la -o -name \*.a | xargs rm -f
#8 331.9 find . -name \*.so | xargs rm -f
#8 331.9 find . -name .libs -a -type d|xargs rm -rf
#8 331.9 rm -f libphp.la        modules/* libs/*
#8 331.9 rm -f ext/opcache/jit/ir/gen_ir_fold_hash
#8 331.9 rm -f ext/opcache/jit/ir/minilua
#8 331.9 rm -f ext/opcache/jit/ir/ir_fold_hash.h
#8 332.0 rm -f ext/opcache/jit/ir/ir_emit_x86.h
#8 332.0 rm -f ext/opcache/jit/ir/ir_emit_aarch64.h
#8 332.1 Configuring for:
#8 332.1 PHP Version:             8.5
#8 332.1 PHP Api Version:         20250925
#8 332.1 Zend Module Api No:      20250925
#8 332.1 Zend Extension Api No:   420250925
#8 333.8 checking for grep that handles long lines and -e... /usr/bin/grep
#8 333.8 checking for egrep... /usr/bin/grep -E
#8 333.8 checking for a sed that does not truncate output... /usr/bin/sed
#8 333.9 checking build system type... x86_64-pc-linux-gnu
#8 333.9 checking host system type... x86_64-pc-linux-gnu
#8 333.9 checking target system type... x86_64-pc-linux-gnu
#8 334.1 shtool:echo:Warning: unable to determine terminal sequence for bold mode
#8 334.3 shtool:echo:Warning: unable to determine terminal sequence for bold mode
#8 334.3 checking for gawk... no
#8 334.3 checking for nawk... nawk
#8 334.3 checking if nawk is broken... no
#8 334.3 checking for pkg-config... /usr/bin/pkg-config
#8 334.3 checking pkg-config is at least version 0.9.0... yes
#8 334.3 checking for cc... cc
#8 334.5 checking whether the C compiler works... yes
#8 334.7 checking for C compiler default output file name... a.out
#8 334.8 checking for suffix of executables... 
#8 334.9 checking whether we are cross compiling... no
#8 335.1 checking for suffix of object files... o
#8 335.2 checking whether the compiler supports GNU C... yes
#8 335.2 checking whether cc accepts -g... yes
#8 335.3 checking for cc option to enable C11 features... none needed
#8 335.4 checking how to run the C preprocessor... cc -E
#8 335.5 checking for egrep -e... (cached) /usr/bin/grep -E
#8 335.5 checking for icc... no
#8 335.5 checking for suncc... no
#8 335.6 checking for system library directory... lib
#8 335.6 checking if compiler supports -Wl,-rpath,... yes
#8 335.7 checking for PHP prefix... /usr/local
#8 335.7 checking for PHP includes... -I/usr/local/include/php -I/usr/local/include/php/main -I/usr/local/include/php/TSRM -I/usr/local/include/php/Zend -I/usr/local/include/php/ext -I/usr/local/include/php/ext/date/lib
#8 335.7 checking for PHP extension directory... /usr/local/lib/php/extensions/no-debug-non-zts-20250925
#8 335.7 checking for PHP installed headers prefix... /usr/local/include/php
#8 335.7 checking if debugging is enabled... no
#8 335.8 checking if PHP is built with thread safety (ZTS)... no
#8 335.8 
#8 335.8 Configuring extension
#8 335.8 checking whether to enable copying PHP CODE pages into HUGE PAGES... yes
#8 335.8 checking whether to enable JIT... yes
#8 335.8 checking whether to support opcache JIT disassembly through Capstone... no
#8 335.8 checking for mprotect... yes
#8 335.9 checking for shm_create_largepage... no
#8 336.1 checking for sysvipc shared memory support... yes
#8 336.3 checking for mmap() using MAP_ANON shared memory support... yes
#8 336.4 checking for library containing shm_open... none required
#8 336.5 checking for mmap() using shm_open() shared memory support... yes
#8 336.8 
#8 336.8 Configuring libtool
#8 336.8 checking for a sed that does not truncate output... /usr/bin/sed
#8 336.8 checking for ld used by cc... /usr/bin/ld
#8 336.8 checking if the linker (/usr/bin/ld) is GNU ld... yes
#8 336.8 checking for /usr/bin/ld option to reload object files... -r
#8 336.8 checking for BSD-compatible nm... /usr/bin/nm -B
#8 336.8 checking whether ln -s works... yes
#8 336.8 checking how to recognize dependent libraries... pass_all
#8 336.8 checking for stdio.h... yes
#8 336.9 checking for stdlib.h... yes
#8 337.0 checking for string.h... yes
#8 337.0 checking for inttypes.h... yes
#8 337.1 checking for stdint.h... yes
#8 337.1 checking for strings.h... yes
#8 337.2 checking for sys/stat.h... yes
#8 337.3 checking for sys/types.h... yes
#8 337.3 checking for unistd.h... yes
#8 337.4 checking for dlfcn.h... yes
#8 337.5 checking the maximum length of command line arguments... 1572864
#8 337.5 checking command to parse /usr/bin/nm -B output from cc object... ok
#8 337.7 checking for objdir... .libs
#8 337.7 checking for ar... ar
#8 337.7 checking for ranlib... ranlib
#8 337.7 checking for strip... strip
#8 337.9 checking if cc supports -fno-rtti -fno-exceptions... no
#8 338.0 checking for cc option to produce PIC... -fPIC
#8 338.0 checking if cc PIC flag -fPIC works... yes
#8 338.0 checking if cc static flag -static works... yes
#8 338.3 checking if cc supports -c -o file.o... yes
#8 338.4 checking whether the cc linker (/usr/bin/ld -m elf_x86_64) supports shared libraries... yes
#8 338.4 checking whether -lc should be explicitly linked in... no
#8 338.5 checking dynamic linker characteristics... GNU/Linux ld.so
#8 338.5 checking how to hardcode library paths into programs... immediate
#8 338.5 checking whether stripping libraries is possible... yes
#8 338.5 checking if libtool supports shared libraries... yes
#8 338.5 checking whether to build shared libraries... yes
#8 338.5 checking whether to build static libraries... no
#8 339.1 
#8 339.1 creating libtool
#8 339.1 appending configuration tag "CXX" to libtool
#8 339.2 
#8 339.2 Generating files
#8 339.2 configure: creating build directories
#8 339.3 configure: creating Makefile
#8 339.3 configure: patching config.h.in
#8 339.3 configure: creating ./config.status
#8 339.5 config.status: creating config.h
#8 339.6 
#8 339.6 Build complete.
#8 339.6 Don't forget to run 'make test'.
#8 339.6 
#8 339.7 Installing shared extensions:     /usr/local/lib/php/extensions/no-debug-non-zts-20250925/
#8 339.8 cp: cannot stat 'modules/*': No such file or directory
#8 339.8 make: *** [Makefile:89: install-modules] Error 1
#8 ERROR: process "/bin/sh -c docker-php-ext-configure gd --with-jpeg --with-freetype     && docker-php-ext-install pdo_mysql mbstring exif pcntl bcmath gd zip intl opcache" did not complete successfully: exit code: 2
------
 > [stage-0 3/9] RUN docker-php-ext-configure gd --with-jpeg --with-freetype     && docker-php-ext-install pdo_mysql mbstring exif pcntl bcmath gd zip intl opcache:
339.3 configure: patching config.h.in
339.3 configure: creating ./config.status
339.5 config.status: creating config.h
339.6 
339.6 Build complete.
339.6 Don't forget to run 'make test'.
339.6 
339.7 Installing shared extensions:     /usr/local/lib/php/extensions/no-debug-non-zts-20250925/
339.8 cp: cannot stat 'modules/*': No such file or directory
339.8 make: *** [Makefile:89: install-modules] Error 1
------
Dockerfile:8

--------------------

   7 |     

   8 | >>> RUN docker-php-ext-configure gd --with-jpeg --with-freetype \

   9 | >>>     && docker-php-ext-install pdo_mysql mbstring exif pcntl bcmath gd zip intl opcache

  10 |     

--------------------

failed to solve: process "/bin/sh -c docker-php-ext-configure gd --with-jpeg --with-freetype     && docker-php-ext-install pdo_mysql mbstring exif pcntl bcmath gd zip intl opcache" did not complete successfully: exit code: 2

